point_id,set_type,sensor,band,longitude,latitude,timestamp,date,observed,ccdc_INTP,ccdc_SLP,ccdc_COS,ccdc_SIN,ccdc_COS2,ccdc_SIN2,ccdc_COS3,ccdc_SIN3,ccdc_fit
00000,train,Landsat8,NIR,-64.29894655797644,-10.667470221992787,1370701388196,2013-06-08,0.297585,0.30157357454299927,0.0010907392716035247,0.027344657108187675,-0.024048378691077232,-0.0045656380243599415,0.0,0.0,0.0,0.2681000144149909
00000,train,Landsat8,NIR,-64.29894655797644,-10.667470221992787,1370701412117,2013-06-08,0.297805,0.30157357454299927,0.0010907392716035247,0.027344657108187675,-0.024048378691077232,-0.0045656380243599415,0.0,0.0,0.0,0.26810003505744834
00000,train,Landsat8,NIR,-64.29894655797644,-10.667470221992787,1373466186063,2013-07-10,0.29731,0.30157357454299927,0.0010907392716035247,0.027344657108187675,-0.024048378691077232,-0.0045656380243599415,0.0,0.0,0.0,0.27785449292376346
00000,train,Landsat8,NIR,-64.29894655797644,-10.667470221992787,1373466209988,2013-07-10,0.29744750000000003,0.30157357454299927,0.0010907392716035247,0.027344657108187675,-0.024048378691077232,-0.0045656380243599415,0.0,0.0,0.0,0.2778546364227393
00000,train,Landsat8,NIR,-64.29894655797644,-10.667470221992787,1374848585541,2013-07-26,0.3071,0.30157357454299927,0.0010907392716035247,0.027344657108187675,-0.024048378691077232,-0.0045656380243599415,0.0,0.0,0.0,0.2876141867593527
00000,train,Landsat8,NIR,-64.29894655797644,-10.667470221992787,1374848609474,2013-07-26,0.3083375,0.30157357454299927,0.0010907392716035247,0.027344657108187675,-0.024048378691077232,-0.0045656380243599415,0.0,0.0,0.0,0.28761437566470854
00000,train,Landsat8,NIR,-64.29894655797644,-10.667470221992787,1376230987226,2013-08-11,0.31007,0.30157357454299927,0.0010907392716035247,0.027344657108187675,-0.024048378691077232,-0.0045656380243599415,0.0,0.0,0.0,0.2994415455184288
00000,train,Landsat8,NIR,-64.29894655797644,-10.667470221992787,1376231011164,2013-08-11,0.3094375,0.30157357454299927,0.0010907392716035247,0.027344657108187675,-0.024048378691077232,-0.0045656380243599415,0.0,0.0,0.0,0.2994417588717761
00000,train,Landsat8,NIR,-64.29894655797644,-10.667470221992787,1377613389619,2013-08-27,0.33600250000000004,0.30157357454299927,0.0010907392716035247,0.027344657108187675,-0.024048378691077232,-0.0045656380243599415,0.0,0.0,0.0,0.3119594053580981
00000,train,Landsat8,NIR,-64.29894655797644,-10.667470221992787,1377613413552,2013-08-27,0.335645,0.30157357454299927,0.0010907392716035247,0.027344657108187675,-0.024048378691077232,-0.0045656380243599415,0.0,0.0,0.0,0.3119596195495154
00000,train,Landsat8,NIR,-64.29894655797644,-10.667470221992787,1378995786459,2013-09-12,0.31251750000000006,0.30157357454299927,0.0010907392716035247,0.027344657108187675,-0.024048378691077232,-0.0045656380243599415,0.0,0.0,0.0,0.323682202802161
00000,train,Landsat8,NIR,-64.29894655797644,-10.667470221992787,1378995810396,2013-09-12,0.30792500000000006,0.30157357454299927,0.0010907392716035247,0.027344657108187675,-0.024048378691077232,-0.0045656380243599415,0.0,0.0,0.0,0.32368239060950116
00000,train,Landsat8,NIR,-64.29894655797644,-10.667470221992787,1380378178872,2013-09-28,0.358195,0.30157357454299927,0.0010907392716035247,0.027344657108187675,-0.024048378691077232,-0.0045656380243599415,0.0,0.0,0.0,0.33328946295739964
00000,train,Landsat8,NIR,-64.29894655797644,-10.667470221992787,1380378202797,2013-09-28,0.35291500000000003,0.30157357454299927,0.0010907392716035247,0.027344657108187675,-0.024048378691077232,-0.0045656380243599415,0.0,0.0,0.0,0.3332896035029972
00000,train,Landsat8,NIR,-64.29894655797644,-10.667470221992787,1402496448271,2014-06-11,0.2716525,0.30157357454299927,0.0010907392716035247,0.027344657108187675,-0.024048378691077232,-0.0045656380243599415,0.0,0.0,0.0,0.26949046066131965
00000,train,Landsat8,NIR,-64.29894655797644,-10.667470221992787,1402496472196,2014-06-11,0.2715425,0.30157357454299927,0.0010907392716035247,0.027344657108187675,-0.024048378691077232,-0.0045656380243599415,0.0,0.0,0.0,0.26949049323894286
00000,train,Landsat8,NIR,-64.29894655797644,-10.667470221992787,1403878849774,2014-06-27,0.2852925,0.30157357454299927,0.0010907392716035247,0.027344657108187675,-0.024048378691077232,-0.0045656380243599415,0.0,0.0,0.0,0.2732577757049309
00000,train,Landsat8,NIR,-64.29894655797644,-10.667470221992787,1403878873699,2014-06-27,0.2849625,0.30157357454299927,0.0010907392716035247,0.027344657108187675,-0.024048378691077232,-0.0045656380243599415,0.0,0.0,0.0,0.27325787126151035
00000,train,Landsat8,NIR,-64.29894655797644,-10.667470221992787,1405261258705,2014-07-13,0.2759425,0.30157357454299927,0.0010907392716035247,0.027344657108187675,-0.024048378691077232,-0.0045656380243599415,0.0,0.0,0.0,0.2805634272764606
00000,train,Landsat8,NIR,-64.29894655797644,-10.667470221992787,1405261282634,2014-07-13,0.2757775,0.30157357454299927,0.0010907392716035247,0.027344657108187675,-0.024048378691077232,-0.0045656380243599415,0.0,0.0,0.0,0.2805635805739961
00000,train,Landsat8,NIR,-64.29894655797644,-10.667470221992787,1406643663023,2014-07-29,0.303525,0.30157357454299927,0.0010907392716035247,0.027344657108187675,-0.024048378691077232,-0.0045656380243599415,0.0,0.0,0.0,0.29080196906293027
00000,train,Landsat8,NIR,-64.29894655797644,-10.667470221992787,1406643686952,2014-07-29,0.3027275,0.30157357454299927,0.0010907392716035247,0.027344657108187675,-0.024048378691077232,-0.0045656380243599415,0.0,0.0,0.0,0.29080216533113334
00000,train,Landsat8,NIR,-64.29894655797644,-10.667470221992787,1408026070355,2014-08-14,0.30226000000000003,0.30157357454299927,0.0010907392716035247,0.027344657108187675,-0.024048378691077232,-0.0045656380243599415,0.0,0.0,0.0,0.30287064936616476
00000,train,Landsat8,NIR,-64.29894655797644,-10.667470221992787,1408026094288,2014-08-14,0.30245249999999996,0.30157357454299927,0.0010907392716035247,0.027344657108187675,-0.024048378691077232,-0.0045656380243599415,0.0,0.0,0.0,0.3028708653206108
00000,train,Landsat8,NIR,-64.29894655797644,-10.667470221992787,1409408471887,2014-08-30,0.31227,0.30157357454299927,0.0010907392716035247,0.027344657108187675,-0.024048378691077232,-0.0045656380243599415,0.0,0.0,0.0,0.3153513075225505
00000,train,Landsat8,NIR,-64.29894655797644,-10.667470221992787,1409408495821,2014-08-30,0.3119125,0.30157357454299927,0.0010907392716035247,0.027344657108187675,-0.024048378691077232,-0.0045656380243599415,0.0,0.0,0.0,0.31535151747125867
00000,train,Landsat8,NIR,-64.29894655797644,-10.667470221992787,1425997245260,2015-03-10,0.31763250000000004,0.30157357454299927,0.0010907392716035247,0.027344657108187675,-0.024048378691077232,-0.0045656380243599415,0.0,0.0,0.0,0.2991955973486603
00000,train,Landsat8,NIR,-64.29894655797644,-10.667470221992787,1425997269185,2015-03-10,0.31829250000000003,0.30157357454299927,0.0010907392716035247,0.027344657108187675,-0.024048378691077232,-0.0045656380243599415,0.0,0.0,0.0,0.299195463054194
00000,train,Landsat8,NIR,-64.29894655797644,-10.667470221992787,1434291623616,2015-06-14,0.2777575,0.30157357454299927,0.0010907392716035247,0.027344657108187675,-0.024048378691077232,-0.0045656380243599415,0.0,0.0,0.0,0.27100840020650196
00000,train,Landsat8,NIR,-64.29894655797644,-10.667470221992787,1434291647545,2015-06-14,0.277345,0.30157357454299927,0.0010907392716035247,0.027344657108187675,-0.024048378691077232,-0.0045656380243599415,0.0,0.0,0.0,0.27100844499142407
00000,train,Landsat8,NIR,-64.29894655797644,-10.667470221992787,1435674030515,2015-06-30,0.27817000000000003,0.30157357454299927,0.0010907392716035247,0.027344657108187675,-0.024048378691077232,-0.0045656380243599415,0.0,0.0,0.0,0.27545927146775895
00000,train,Landsat8,NIR,-64.29894655797644,-10.667470221992787,1435674054448,2015-06-30,0.277015,0.30157357454299927,0.0010907392716035247,0.027344657108187675,-0.024048378691077232,-0.0045656380243599415,0.0,0.0,0.0,0.27545937816670607
00000,train,Landsat8,NIR,-64.29894655797644,-10.667470221992787,1438438843901,2015-08-01,0.31031749999999997,0.30157357454299927,0.0010907392716035247,0.027344657108187675,-0.024048378691077232,-0.0045656380243599415,0.0,0.0,0.0,0.29405595553364966
00000,train,Landsat8,NIR,-64.29894655797644,-10.667470221992787,1438438867826,2015-08-01,0.3102075,0.30157357454299927,0.0010907392716035247,0.027344657108187675,-0.024048378691077232,-0.0045656380243599415,0.0,0.0,0.0,0.29405615627386744
00000,train,Landsat8,NIR,-64.29894655797644,-10.667470221992787,1441203655474,2015-09-02,0.33358250000000006,0.30157357454299927,0.0010907392716035247,0.027344657108187675,-0.024048378691077232,-0.0045656380243599415,0.0,0.0,0.0,0.3187062527883108
00000,train,Landsat8,NIR,-64.29894655797644,-10.667470221992787,1441203679399,2015-09-02,0.33256500000000006,0.30157357454299927,0.0010907392716035247,0.027344657108187675,-0.024048378691077232,-0.0045656380243599415,0.0,0.0,0.0,0.31870645808611
00000,train,Landsat8,NIR,-64.29894655797644,-10.667470221992787,1442586064130,2015-09-18,0.333775,0.30157357454299927,0.0010907392716035247,0.027344657108187675,-0.024048378691077232,-0.0045656380243599415,0.0,0.0,0.0,0.32977373658981957
00000,train,Landsat8,NIR,-64.29894655797644,-10.667470221992787,1442586088063,2015-09-18,0.33327999999999997,0.30157357454299927,0.0010907392716035247,0.027344657108187675,-0.024048378691077232,-0.0045656380243599415,0.0,0.0,0.0,0.3297739085700058
00000,train,Landsat8,NIR,-64.29894655797644,-10.667470221992787,1443968467861,2015-10-04,0.3641075,0.30157357454299927,0.0010907392716035247,0.027344657108187675,-0.024048378691077232,-0.0045656380243599415,0.0,0.0,0.0,0.33832271743546255
00000,train,Landsat8,NIR,-64.29894655797644,-10.667470221992787,1443968491791,2015-10-04,0.3644375,0.30157357454299927,0.0010907392716035247,0.027344657108187675,-0.024048378691077232,-0.0045656380243599415,0.0,0.0,0.0,0.33832283923903117
00000,train,Landsat8,NIR,-64.29894655797644,-10.667470221992787,1448115675440,2015-11-21,0.2785825,0.30157357454299927,0.0010907392716035247,0.027344657108187675,-0.024048378691077232,-0.0045656380243599415,0.0,0.0,0.0,0.3441491284605387
00000,train,Landsat8,NIR,-64.29894655797644,-10.667470221992787,1453645271534,2016-01-24,0.326185,0.30157357454299927,0.0010907392716035247,0.027344657108187675,-0.024048378691077232,-0.0045656380243599415,0.0,0.0,0.0,0.32126001429883433
00000,train,Landsat8,NIR,-64.29894655797644,-10.667470221992787,1453645295455,2016-01-24,0.3252225,0.30157357454299927,0.0010907392716035247,0.027344657108187675,-0.024048378691077232,-0.0045656380243599415,0.0,0.0,0.0,0.3212598907025235
00000,train,Landsat8,NIR,-64.29894655797644,-10.667470221992787,1455027666353,2016-02-09,0.32173,0.30157357454299927,0.0010907392716035247,0.027344657108187675,-0.024048378691077232,-0.0045656380243599415,0.0,0.0,0.0,0.31399307341815125
00000,train,Landsat8,NIR,-64.29894655797644,-10.667470221992787,1455027690278,2016-02-09,0.32192250000000006,0.30157357454299927,0.0010907392716035247,0.027344657108187675,-0.024048378691077232,-0.0045656380243599415,0.0,0.0,0.0,0.3139929424437489
00000,train,Landsat8,NIR,-64.29894655797644,-10.667470221992787,1461939641701,2016-04-29,0.29755750000000003,0.30157357454299927,0.0010907392716035247,0.027344657108187675,-0.024048378691077232,-0.0045656380243599415,0.0,0.0,0.0,0.27765197465445907
00000,train,Landsat8,NIR,-64.29894655797644,-10.667470221992787,1461939665635,2016-04-29,0.29731,0.30157357454299927,0.0010907392716035247,0.027344657108187675,-0.024048378691077232,-0.0045656380243599415,0.0,0.0,0.0,0.2776518771348887
00000,train,Landsat8,NIR,-64.29894655797644,-10.667470221992787,1466086848499,2016-06-16,0.28345,0.30157357454299927,0.0010907392716035247,0.027344657108187675,-0.024048378691077232,-0.0045656380243599415,0.0,0.0,0.0,0.2725618986722435
00000,train,Landsat8,NIR,-64.29894655797644,-10.667470221992787,1466086872424,2016-06-16,0.28232250000000003,0.30157357454299927,0.0010907392716035247,0.027344657108187675,-0.024048378691077232,-0.0045656380243599415,0.0,0.0,0.0,0.27256195277363193
00000,train,Landsat8,NIR,-64.29894655797644,-10.667470221992787,1467469258263,2016-07-02,0.2910675,0.30157357454299927,0.0010907392716035247,0.027344657108187675,-0.024048378691077232,-0.0045656380243599415,0.0,0.0,0.0,0.2775696637290004
00000,train,Landsat8,NIR,-64.29894655797644,-10.667470221992787,1467469282196,2016-07-02,0.289995,0.30157357454299927,0.0010907392716035247,0.027344657108187675,-0.024048378691077232,-0.0045656380243599415,0.0,0.0,0.0,0.2775697805109223
00000,train,Landsat8,NIR,-64.29894655797644,-10.667470221992787,1468851664930,2016-07-18,0.3063025,0.30157357454299927,0.0010907392716035247,0.027344657108187675,-0.024048378691077232,-0.0045656380243599415,0.0,0.0,0.0,0.28595233934644193
00000,train,Landsat8,NIR,-64.29894655797644,-10.667470221992787,1468851688855,2016-07-18,0.305065,0.30157357454299927,0.0010907392716035247,0.027344657108187675,-0.024048378691077232,-0.0045656380243599415,0.0,0.0,0.0,0.28595250826173135
00000,train,Landsat8,NIR,-64.29894655797644,-10.667470221992787,1470234068097,2016-08-03,0.31251750000000006,0.30157357454299927,0.0010907392716035247,0.027344657108187675,-0.024048378691077232,-0.0045656380243599415,0.0,0.0,0.0,0.2969267172621831
00000,train,Landsat8,NIR,-64.29894655797644,-10.667470221992787,1470234092031,2016-08-03,0.31139,0.30157357454299927,0.0010907392716035247,0.027344657108187675,-0.024048378691077232,-0.0045656380243599415,0.0,0.0,0.0,0.2969269222386468
00000,train,Landsat8,NIR,-64.29894655797644,-10.667470221992787,1471616472778,2016-08-19,0.35703999999999997,0.30157357454299927,0.0010907392716035247,0.027344657108187675,-0.024048378691077232,-0.0045656380243599415,0.0,0.0,0.0,0.309267656422083
00000,train,Landsat8,NIR,-64.29894655797644,-10.667470221992787,1471616496703,2016-08-19,0.35778250000000006,0.30157357454299927,0.0010907392716035247,0.027344657108187675,-0.024048378691077232,-0.0045656380243599415,0.0,0.0,0.0,0.30926787318881327
00000,train,Landsat8,NIR,-64.29894655797644,-10.667470221992787,1477146087511,2016-10-22,0.28556750000000003,0.30157357454299927,0.0010907392716035247,0.027344657108187675,-0.024048378691077232,-0.0045656380243599415,0.0,0.0,0.0,0.34516088853410765
00000,train,Landsat8,NIR,-64.29894655797644,-10.667470221992787,1484058077534,2017-01-10,0.383055,0.30157357454299927,0.0010907392716035247,0.027344657108187675,-0.024048378691077232,-0.0045656380243599415,0.0,0.0,0.0,0.3285013136232491
00000,train,Landsat8,NIR,-64.29894655797644,-10.667470221992787,1484058101459,2017-01-10,0.37920499999999996,0.30157357454299927,0.0010907392716035247,0.027344657108187675,-0.024048378691077232,-0.0045656380243599415,0.0,0.0,0.0,0.32850119307554204
00000,train,Landsat8,NIR,-64.29894655797644,-10.667470221992787,1485440471964,2017-01-26,0.340265,0.30157357454299927,0.0010907392716035247,0.027344657108187675,-0.024048378691077232,-0.0045656380243599415,0.0,0.0,0.0,0.3214217448873319
00000,train,Landsat8,NIR,-64.29894655797644,-10.667470221992787,1485440495889,2017-01-26,0.341145,0.30157357454299927,0.0010907392716035247,0.027344657108187675,-0.024048378691077232,-0.0045656380243599415,0.0,0.0,0.0,0.32142161902304545
00000,train,Landsat8,NIR,-64.29894655797644,-10.667470221992787,1493734822810,2017-05-02,0.29115,0.30157357454299927,0.0010907392716035247,0.027344657108187675,-0.024048378691077232,-0.0045656380243599415,0.0,0.0,0.0,0.2779450207351623
00000,train,Landsat8,NIR,-64.29894655797644,-10.667470221992787,1493734846744,2017-05-02,0.2907925,0.30157357454299927,0.0010907392716035247,0.027344657108187675,-0.024048378691077232,-0.0045656380243599415,0.0,0.0,0.0,0.2779449272407131
00000,train,Landsat8,NIR,-64.29894655797644,-10.667470221992787,1495117258868,2017-05-18,0.3794525,0.30157357454299927,0.0010907392716035247,0.027344657108187675,-0.024048378691077232,-0.0045656380243599415,0.0,0.0,0.0,0.2737053452877712
00000,train,Landsat8,NIR,-64.29894655797644,-10.667470221992787,1497882050455,2017-06-19,0.283175,0.30157357454299927,0.0010907392716035247,0.027344657108187675,-0.024048378691077232,-0.0045656380243599415,0.0,0.0,0.0,0.27418820789052634
00000,train,Landsat8,NIR,-64.29894655797644,-10.667470221992787,1497882074380,2017-06-19,0.28243250000000003,0.30157357454299927,0.0010907392716035247,0.027344657108187675,-0.024048378691077232,-0.0045656380243599415,0.0,0.0,0.0,0.27418827321038297
00000,train,Landsat8,NIR,-64.29894655797644,-10.667470221992787,1499264454168,2017-07-05,0.2900225,0.30157357454299927,0.0010907392716035247,0.027344657108187675,-0.024048378691077232,-0.0045656380243599415,0.0,0.0,0.0,0.2797653923123724
00000,train,Landsat8,NIR,-64.29894655797644,-10.667470221992787,1499264478102,2017-07-05,0.29027000000000003,0.30157357454299927,0.0010907392716035247,0.027344657108187675,-0.024048378691077232,-0.0045656380243599415,0.0,0.0,0.0,0.27976551795054283
00000,train,Landsat8,NIR,-64.29894655797644,-10.667470221992787,1500646859570,2017-07-21,0.3052575,0.30157357454299927,0.0010907392716035247,0.027344657108187675,-0.024048378691077232,-0.0045656380243599415,0.0,0.0,0.0,0.2886472520952591
00000,train,Landsat8,NIR,-64.29894655797644,-10.667470221992787,1500646883504,2017-07-21,0.3049825,0.30157357454299927,0.0010907392716035247,0.027344657108187675,-0.024048378691077232,-0.0045656380243599415,0.0,0.0,0.0,0.28864742936222654
00000,train,Landsat8,NIR,-64.29894655797644,-10.667470221992787,1502029266718,2017-08-06,0.32593750000000005,0.30157357454299927,0.0010907392716035247,0.027344657108187675,-0.024048378691077232,-0.0045656380243599415,0.0,0.0,0.0,0.29996386764317806
00000,train,Landsat8,NIR,-64.29894655797644,-10.667470221992787,1502029290647,2017-08-06,0.32591,0.30157357454299927,0.0010907392716035247,0.027344657108187675,-0.024048378691077232,-0.0045656380243599415,0.0,0.0,0.0,0.2999640762752567
00000,train,Landsat8,NIR,-64.29894655797644,-10.667470221992787,1503411671491,2017-08-22,0.33283999999999997,0.30157357454299927,0.0010907392716035247,0.027344657108187675,-0.024048378691077232,-0.0045656380243599415,0.0,0.0,0.0,0.31242589678888166
00000,train,Landsat8,NIR,-64.29894655797644,-10.667470221992787,1503411695420,2017-08-22,0.3323175,0.30157357454299927,0.0010907392716035247,0.027344657108187675,-0.024048378691077232,-0.0045656380243599415,0.0,0.0,0.0,0.3124261136687993
00000,train,Landsat8,NIR,-64.29894655797644,-10.667470221992787,1504794073402,2017-09-07,0.3139475,0.30157357454299927,0.0010907392716035247,0.027344657108187675,-0.024048378691077232,-0.0045656380243599415,0.0,0.0,0.0,0.32455210187880745
00000,train,Landsat8,NIR,-64.29894655797644,-10.667470221992787,1504794097332,2017-09-07,0.313865,0.30157357454299927,0.0010907392716035247,0.027344657108187675,-0.024048378691077232,-0.0045656380243599415,0.0,0.0,0.0,0.3245522999266445
00000,train,Landsat8,NIR,-64.29894655797644,-10.667470221992787,1506176477662,2017-09-23,0.35145750000000003,0.30157357454299927,0.0010907392716035247,0.027344657108187675,-0.024048378691077232,-0.0045656380243599415,0.0,0.0,0.0,0.3349423972983825
00000,train,Landsat8,NIR,-64.29894655797644,-10.667470221992787,1506176501595,2017-09-23,0.3516225,0.30157357454299927,0.0010907392716035247,0.027344657108187675,-0.024048378691077232,-0.0045656380243599415,0.0,0.0,0.0,0.33494255420667496
00000,train,Landsat8,NIR,-64.29894655797644,-10.667470221992787,1507558883170,2017-10-09,0.35044000000000003,0.30157357454299927,0.0010907392716035247,0.027344657108187675,-0.024048378691077232,-0.0045656380243599415,0.0,0.0,0.0,0.3425281235147971
00000,train,Landsat8,NIR,-64.29894655797644,-10.667470221992787,1507558907095,2017-10-09,0.3496425,0.30157357454299927,0.0010907392716035247,0.027344657108187675,-0.024048378691077232,-0.0045656380243599415,0.0,0.0,0.0,0.3425282252128068
00000,train,Landsat8,NIR,-64.29894655797644,-10.667470221992787,1522765232331,2018-04-03,0.2320525,0.30157357454299927,0.0010907392716035247,0.027344657108187675,-0.024048378691077232,-0.0045656380243599415,0.0,0.0,0.0,0.2910263178875425
00000,train,Landsat8,NIR,-64.29894655797644,-10.667470221992787,1522765256256,2018-04-03,0.2334275,0.30157357454299927,0.0010907392716035247,0.027344657108187675,-0.024048378691077232,-0.0045656380243599415,0.0,0.0,0.0,0.291026188561781
00000,train,Landsat8,NIR,-64.29894655797644,-10.667470221992787,1524147622639,2018-04-19,0.37618,0.30157357454299927,0.0010907392716035247,0.027344657108187675,-0.024048378691077232,-0.0045656380243599415,0.0,0.0,0.0,0.2839358675115088
00000,train,Landsat8,NIR,-64.29894655797644,-10.667470221992787,1524147646564,2018-04-19,0.37587750000000003,0.30157357454299927,0.0010907392716035247,0.027344657108187675,-0.024048378691077232,-0.0045656380243599415,0.0,0.0,0.0,0.28393575273605365
00000,train,Landsat8,NIR,-64.29894655797644,-10.667470221992787,1525530014053,2018-05-05,0.288125,0.30157357454299927,0.0010907392716035247,0.027344657108187675,-0.024048378691077232,-0.0045656380243599415,0.0,0.0,0.0,0.2780675242722441
00000,train,Landsat8,NIR,-64.29894655797644,-10.667470221992787,1525530037982,2018-05-05,0.2871625,0.30157357454299927,0.0010907392716035247,0.027344657108187675,-0.024048378691077232,-0.0045656380243599415,0.0,0.0,0.0,0.2780674369755857
00000,train,Landsat8,NIR,-64.29894655797644,-10.667470221992787,1526912402666,2018-05-21,0.2770425,0.30157357454299927,0.0010907392716035247,0.027344657108187675,-0.024048378691077232,-0.0045656380243599415,0.0,0.0,0.0,0.27428678565653847
00000,train,Landsat8,NIR,-64.29894655797644,-10.667470221992787,1526912426595,2018-05-21,0.27707,0.30157357454299927,0.0010907392716035247,0.027344657108187675,-0.024048378691077232,-0.0045656380243599415,0.0,0.0,0.0,0.2742867421440909
00000,train,Landsat8,NIR,-64.29894655797644,-10.667470221992787,1529677205054,2018-06-22,0.2982725,0.30157357454299927,0.0010907392716035247,0.027344657108187675,-0.024048378691077232,-0.0045656380243599415,0.0,0.0,0.0,0.2760501086279128
00000,train,Landsat8,NIR,-64.29894655797644,-10.667470221992787,1531059613822,2018-07-08,0.291645,0.30157357454299927,0.0010907392716035247,0.027344657108187675,-0.024048378691077232,-0.0045656380243599415,0.0,0.0,0.0,0.2822886597818898
00000,train,Landsat8,NIR,-64.29894655797644,-10.667470221992787,1531059637756,2018-07-08,0.29071,0.30157357454299927,0.0010907392716035247,0.027344657108187675,-0.024048378691077232,-0.0045656380243599415,0.0,0.0,0.0,0.2822887957561431
00000,train,Landsat8,NIR,-64.29894655797644,-10.667470221992787,1532442020324,2018-07-24,0.307155,0.30157357454299927,0.0010907392716035247,0.027344657108187675,-0.024048378691077232,-0.0045656380243599415,0.0,0.0,0.0,0.29170832061653407
00000,train,Landsat8,NIR,-64.29894655797644,-10.667470221992787,1532442044258,2018-07-24,0.30619250000000003,0.30157357454299927,0.0010907392716035247,0.027344657108187675,-0.024048378691077232,-0.0045656380243599415,0.0,0.0,0.0,0.2917085065073127
00000,train,Landsat8,NIR,-64.29894655797644,-10.667470221992787,1537971648574,2018-09-26,0.36001,0.30157357454299927,0.0010907392716035247,0.027344657108187675,-0.024048378691077232,-0.0045656380243599415,0.0,0.0,0.0,0.33769351005313086
00000,train,Landsat8,NIR,-64.29894655797644,-10.667470221992787,1537971672499,2018-09-26,0.35998250000000004,0.30157357454299927,0.0010907392716035247,0.027344657108187675,-0.024048378691077232,-0.0045656380243599415,0.0,0.0,0.0,0.337693657484912
00000,train,Landsat8,NIR,-64.29894655797644,-10.667470221992787,1540736460884,2018-10-28,0.38179,0.30157357454299927,0.0010907392716035247,0.027344657108187675,-0.024048378691077232,-0.0045656380243599415,0.0,0.0,0.0,0.3482317220070843
00000,train,Landsat8,NIR,-64.29894655797644,-10.667470221992787,1540736484817,2018-10-28,0.38132250000000006,0.30157357454299927,0.0010907392716035247,0.027344657108187675,-0.024048378691077232,-0.0045656380243599415,0.0,0.0,0.0,0.34823175210741103
00001,train,Landsat8,NIR,-64.64827690899091,-10.5586924109823,1369924160836,2013-05-30,0.33218,0.28279411792755127,0.0,0.045375607907772064,0.0,0.0,-0.0074743484146893024,0.0,-0.00010052117431769148,0.2511699661113418
00001,train,Landsat8,NIR,-64.64827690899091,-10.5586924109823,1371306555719,2013-06-15,0.24514249999999999,0.28279411792755127,0.0,0.045375607907772064,0.0,0.0,-0.0074743484146893024,0.0,-0.00010052117431769148,0.24335419475991799
00001,train,Landsat8,NIR,-64.64827690899091,-10.5586924109823,1374071355805,2013-07-17,0.23287750000000002,0.28279411792755127,0.0,0.045375607907772064,0.0,0.0,-0.0074743484146893024,0.0,-0.00010052117431769148,0.23530042855493893
00001,train,Landsat8,NIR,-64.64827690899091,-10.5586924109823,1375453757871,2013-08-02,0.2559775,0.28279411792755127,0.0,0.045375607907772064,0.0,0.0,-0.0074743484146893024,0.0,-0.00010052117431769148,0.23730965100746537
00001,train,Landsat8,NIR,-64.64827690899091,-10.5586924109823,1376836158726,2013-08-18,0.24649,0.28279411792755127,0.0,0.045375607907772064,0.0,0.0,-0.0074743484146893024,0.0,-0.00010052117431769148,0.24413652549638945
00001,train,Landsat8,NIR,-64.64827690899091,-10.5586924109823,1378218559861,2013-09-03,0.250065,0.28279411792755127,0.0,0.045375607907772064,0.0,0.0,-0.0074743484146893024,0.0,-0.00010052117431769148,0.25548590351628575
00001,train,Landsat8,NIR,-64.64827690899091,-10.5586924109823,1379600953981,2013-09-19,0.288345,0.28279411792755127,0.0,0.045375607907772064,0.0,0.0,-0.0074743484146893024,0.0,-0.00010052117431769148,0.2702588062244887
00001,train,Landsat8,NIR,-64.64827690899091,-10.5586924109823,1382365745849,2013-10-21,0.3363875,0.28279411792755127,0.0,0.045375607907772064,0.0,0.0,-0.0074743484146893024,0.0,-0.00010052117431769148,0.3026698130475992
00001,train,Landsat8,NIR,-64.64827690899091,-10.5586924109823,1403101620341,2014-06-18,0.25083500000000003,0.28279411792755127,0.0,0.045375607907772064,0.0,0.0,-0.0074743484146893024,0.0,-0.00010052117431769148,0.24208622659236181
00001,train,Landsat8,NIR,-64.64827690899091,-10.5586924109823,1407248838225,2014-08-05,0.23807499999999998,0.28279411792755127,0.0,0.045375607907772064,0.0,0.0,-0.0074743484146893024,0.0,-0.00010052117431769148,0.23822004919778741
00001,train,Landsat8,NIR,-64.64827690899091,-10.5586924109823,1408631242184,2014-08-21,0.23920249999999998,0.28279411792755127,0.0,0.045375607907772064,0.0,0.0,-0.0074743484146893024,0.0,-0.00010052117431769148,0.2459416450785932
00001,train,Landsat8,NIR,-64.64827690899091,-10.5586924109823,1411396043213,2014-09-22,0.267665,0.28279411792755127,0.0,0.045375607907772064,0.0,0.0,-0.0074743484146893024,0.0,-0.00010052117431769148,0.27327358234696847
00001,train,Landsat8,NIR,-64.64827690899091,-10.5586924109823,1419690441987,2014-12-27,0.3000875,0.28279411792755127,0.0,0.045375607907772064,0.0,0.0,-0.0074743484146893024,0.0,-0.00010052117431769148,0.3291897321329794
00001,train,Landsat8,NIR,-64.64827690899091,-10.5586924109823,1422455234791,2015-01-28,0.28015,0.28279411792755127,0.0,0.045375607907772064,0.0,0.0,-0.0074743484146893024,0.0,-0.00010052117431769148,0.31696265972173066
00001,train,Landsat8,NIR,-64.64827690899091,-10.5586924109823,1432131980278,2015-05-20,0.2510825,0.28279411792755127,0.0,0.045375607907772064,0.0,0.0,-0.0074743484146893024,0.0,-0.00010052117431769148,0.25659971507524054
00001,train,Landsat8,NIR,-64.64827690899091,-10.5586924109823,1433514388572,2015-06-05,0.23290500000000003,0.28279411792755127,0.0,0.045375607907772064,0.0,0.0,-0.0074743484146893024,0.0,-0.00010052117431769148,0.24807155854787769
00001,train,Landsat8,NIR,-64.64827690899091,-10.5586924109823,1434896796488,2015-06-21,0.24792000000000003,0.28279411792755127,0.0,0.045375607907772064,0.0,0.0,-0.0074743484146893024,0.0,-0.00010052117431769148,0.2409001261432803
00001,train,Landsat8,NIR,-64.64827690899091,-10.5586924109823,1436279206041,2015-07-07,0.3127925,0.28279411792755127,0.0,0.045375607907772064,0.0,0.0,-0.0074743484146893024,0.0,-0.00010052117431769148,0.23631343768273455
00001,train,Landsat8,NIR,-64.64827690899091,-10.5586924109823,1437661613141,2015-07-23,0.23067749999999998,0.28279411792755127,0.0,0.045375607907772064,0.0,0.0,-0.0074743484146893024,0.0,-0.00010052117431769148,0.23550364783394634
00001,train,Landsat8,NIR,-64.64827690899091,-10.5586924109823,1440426424196,2015-08-24,0.2439325,0.28279411792755127,0.0,0.045375607907772064,0.0,0.0,-0.0074743484146893024,0.0,-0.00010052117431769148,0.24790356104732497
00001,train,Landsat8,NIR,-64.64827690899091,-10.5586924109823,1441808830373,2015-09-09,0.29420250000000003,0.28279411792755127,0.0,0.045375607907772064,0.0,0.0,-0.0074743484146893024,0.0,-0.00010052117431769148,0.26070595961507026
00001,train,Landsat8,NIR,-64.64827690899091,-10.5586924109823,1443191237327,2015-09-25,0.3045975,0.28279411792755127,0.0,0.045375607907772064,0.0,0.0,-0.0074743484146893024,0.0,-0.00010052117431769148,0.2763353602248762
00001,train,Landsat8,NIR,-64.64827690899091,-10.5586924109823,1447338443319,2015-11-12,0.30756750000000005,0.28279411792755127,0.0,0.045375607907772064,0.0,0.0,-0.0074743484146893024,0.0,-0.00010052117431769148,0.32019697969669364
00001,train,Landsat8,NIR,-64.64827690899091,-10.5586924109823,1448720846674,2015-11-28,0.33256500000000006,0.28279411792755127,0.0,0.045375607907772064,0.0,0.0,-0.0074743484146893024,0.0,-0.00010052117431769148,0.3277962352416503
00001,train,Landsat8,NIR,-64.64827690899091,-10.5586924109823,1450103245171,2015-12-14,0.32283,0.28279411792755127,0.0,0.045375607907772064,0.0,0.0,-0.0074743484146893024,0.0,-0.00010052117431769148,0.3304426126260642
00001,train,Landsat8,NIR,-64.64827690899091,-10.5586924109823,1461162410083,2016-04-20,0.35305250000000005,0.28279411792755127,0.0,0.045375607907772064,0.0,0.0,-0.0074743484146893024,0.0,-0.00010052117431769148,0.2727932999460613
00001,train,Landsat8,NIR,-64.64827690899091,-10.5586924109823,1461939641701,2016-04-29,0.2818275,0.28279411792755127,0.0,0.045375607907772064,0.0,0.0,-0.0074743484146893024,0.0,-0.00010052117431769148,0.2679012316745016
00001,train,Landsat8,NIR,-64.64827690899091,-10.5586924109823,1461939665635,2016-04-29,0.280315,0.28279411792755127,0.0,0.045375607907772064,0.0,0.0,-0.0074743484146893024,0.0,-0.00010052117431769148,0.2679010801177119
00001,train,Landsat8,NIR,-64.64827690899091,-10.5586924109823,1462544813364,2016-05-06,0.27346750000000003,0.28279411792755127,0.0,0.045375607907772064,0.0,0.0,-0.0074743484146893024,0.0,-0.00010052117431769148,0.2640325403144696
00001,train,Landsat8,NIR,-64.64827690899091,-10.5586924109823,1465309618585,2016-06-07,0.27938,0.28279411792755127,0.0,0.045375607907772064,0.0,0.0,-0.0074743484146893024,0.0,-0.00010052117431769148,0.24679935208457804
00001,train,Landsat8,NIR,-64.64827690899091,-10.5586924109823,1466692023968,2016-06-23,0.24984499999999998,0.28279411792755127,0.0,0.045375607907772064,0.0,0.0,-0.0074743484146893024,0.0,-0.00010052117431769148,0.23997249357855796
00001,train,Landsat8,NIR,-64.64827690899091,-10.5586924109823,1468074432444,2016-07-09,0.2378,0.28279411792755127,0.0,0.045375607907772064,0.0,0.0,-0.0074743484146893024,0.0,-0.00010052117431769148,0.2359138943871037
00001,train,Landsat8,NIR,-64.64827690899091,-10.5586924109823,1469456837478,2016-07-25,0.23881750000000002,0.28279411792755127,0.0,0.045375607907772064,0.0,0.0,-0.0074743484146893024,0.0,-0.00010052117431769148,0.2357713571791164
00001,train,Landsat8,NIR,-64.64827690899091,-10.5586924109823,1472221646628,2016-08-26,0.25848,0.28279411792755127,0.0,0.045375607907772064,0.0,0.0,-0.0074743484146893024,0.0,-0.00010052117431769148,0.24954440129974453
00001,train,Landsat8,NIR,-64.64827690899091,-10.5586924109823,1474986451323,2016-09-27,0.2532,0.28279411792755127,0.0,0.045375607907772064,0.0,0.0,-0.0074743484146893024,0.0,-0.00010052117431769148,0.27866456415207863
00001,train,Landsat8,NIR,-64.64827690899091,-10.5586924109823,1476368856821,2016-10-13,0.34268499999999996,0.28279411792755127,0.0,0.045375607907772064,0.0,0.0,-0.0074743484146893024,0.0,-0.00010052117431769148,0.29508954076060534
00001,train,Landsat8,NIR,-64.64827690899091,-10.5586924109823,1494339999197,2017-05-09,0.212665,0.28279411792755127,0.0,0.045375607907772064,0.0,0.0,-0.0074743484146893024,0.0,-0.00010052117431769148,0.26272555200182734
00001,train,Landsat8,NIR,-64.64827690899091,-10.5586924109823,1495722410216,2017-05-25,0.2619725,0.28279411792755127,0.0,0.045375607907772064,0.0,0.0,-0.0074743484146893024,0.0,-0.00010052117431769148,0.25385522629420726
00001,train,Landsat8,NIR,-64.64827690899091,-10.5586924109823,1498487223209,2017-06-26,0.2354075,0.28279411792755127,0.0,0.045375607907772064,0.0,0.0,-0.0074743484146893024,0.0,-0.00010052117431769148,0.2391293183179426
00001,train,Landsat8,NIR,-64.64827690899091,-10.5586924109823,1499869625884,2017-07-12,0.23928500000000003,0.28279411792755127,0.0,0.045375607907772064,0.0,0.0,-0.0074743484146893024,0.0,-0.00010052117431769148,0.23560549792209864
00001,train,Landsat8,NIR,-64.64827690899091,-10.5586924109823,1501252033785,2017-07-28,0.22581,0.28279411792755127,0.0,0.045375607907772064,0.0,0.0,-0.0074743484146893024,0.0,-0.00010052117431769148,0.23617197117934646
00001,train,Landsat8,NIR,-64.64827690899091,-10.5586924109823,1502634439904,2017-08-13,0.2630725,0.28279411792755127,0.0,0.045375607907772064,0.0,0.0,-0.0074743484146893024,0.0,-0.00010052117431769148,0.24148653967426006
00001,train,Landsat8,NIR,-64.64827690899091,-10.5586924109823,1506781651389,2017-09-30,0.32456250000000003,0.28279411792755127,0.0,0.045375607907772064,0.0,0.0,-0.0074743484146893024,0.0,-0.00010052117431769148,0.2815022486740903
00001,train,Landsat8,NIR,-64.64827690899091,-10.5586924109823,1508164055195,2017-10-16,0.31832,0.28279411792755127,0.0,0.045375607907772064,0.0,0.0,-0.0074743484146893024,0.0,-0.00010052117431769148,0.2978547129967868
00001,train,Landsat8,NIR,-64.64827690899091,-10.5586924109823,1524752790005,2018-04-26,0.2563625,0.28279411792755127,0.0,0.045375607907772064,0.0,0.0,-0.0074743484146893024,0.0,-0.00010052117431769148,0.2699137273767812
00001,train,Landsat8,NIR,-64.64827690899091,-10.5586924109823,1527517567643,2018-05-28,0.2510275,0.28279411792755127,0.0,0.045375607907772064,0.0,0.0,-0.0074743484146893024,0.0,-0.00010052117431769148,0.25223584841644187
00001,train,Landsat8,NIR,-64.64827690899091,-10.5586924109823,1530282380016,2018-06-29,0.235215,0.28279411792755127,0.0,0.045375607907772064,0.0,0.0,-0.0074743484146893024,0.0,-0.00010052117431769148,0.23820458943069514
00001,train,Landsat8,NIR,-64.64827690899091,-10.5586924109823,1531664787793,2018-07-15,0.235655,0.28279411792755127,0.0,0.045375607907772064,0.0,0.0,-0.0074743484146893024,0.0,-0.00010052117431769148,0.23537232226107346
00001,train,Landsat8,NIR,-64.64827690899091,-10.5586924109823,1535812010909,2018-09-01,0.2542175,0.28279411792755127,0.0,0.045375607907772064,0.0,0.0,-0.0074743484146893024,0.0,-0.00010052117431769148,0.25384875317134376
00001,train,Landsat8,NIR,-64.64827690899091,-10.5586924109823,1537194415363,2018-09-17,0.32261,0.28279411792755127,0.0,0.045375607907772064,0.0,0.0,-0.0074743484146893024,0.0,-0.00010052117431769148,0.2682786979840492
00001,train,Landsat8,NIR,-64.64827690899091,-10.5586924109823,1541341632930,2018-11-04,0.3442525,0.28279411792755127,0.0,0.045375607907772064,0.0,0.0,-0.0074743484146893024,0.0,-0.00010052117431769148,0.3146514124708707
00002,train,Landsat8,NIR,-64.20595893280215,-10.309220082630318,1373466186063,2013-07-10,0.3076775,0.3290034234523773,-0.0014524415601044893,0.05503510683774948,0.02208460122346878,0.02370551787316799,-0.005262152757495642,-0.0015931394882500172,0.0,0.2922266873766078
00002,train,Landsat8,NIR,-64.20595893280215,-10.309220082630318,1374848585541,2013-07-26,0.2877675,0.3290034234523773,-0.0014524415601044893,0.05503510683774948,0.02208460122346878,0.02370551787316799,-0.005262152757495642,-0.0015931394882500172,0.0,0.28029990964028384
00002,train,Landsat8,NIR,-64.20595893280215,-10.309220082630318,1376230987226,2013-08-11,0.2715975,0.3290034234523773,-0.0014524415601044893,0.05503510683774948,0.02208460122346878,0.02370551787316799,-0.005262152757495642,-0.0015931394882500172,0.0,0.2689255864775356
00002,train,Landsat8,NIR,-64.20595893280215,-10.309220082630318,1377613389619,2013-08-27,0.2711025,0.3290034234523773,-0.0014524415601044893,0.05503510683774948,0.02208460122346878,0.02370551787316799,-0.005262152757495642,-0.0015931394882500172,0.0,0.26250528271796586
00002,train,Landsat8,NIR,-64.20595893280215,-10.309220082630318,1383142970075,2013-10-30,0.31559750000000003,0.3290034234523773,-0.0014524415601044893,0.05503510683774948,0.02208460122346878,0.02370551787316799,-0.005262152757495642,-0.0015931394882500172,0.0,0.3264126417049652
00002,train,Landsat8,NIR,-64.20595893280215,-10.309220082630318,1384525368470,2013-11-15,0.492725,0.3290034234523773,-0.0014524415601044893,0.05503510683774948,0.02208460122346878,0.02370551787316799,-0.005262152757495642,-0.0015931394882500172,0.0,0.3548573707703817
00002,train,Landsat8,NIR,-64.20595893280215,-10.309220082630318,1388672549445,2014-01-02,0.34527,0.3290034234523773,-0.0014524415601044893,0.05503510683774948,0.02208460122346878,0.02370551787316799,-0.005262152757495642,-0.0015931394882500172,0.0,0.4037137526801017
00002,train,Landsat8,NIR,-64.20595893280215,-10.309220082630318,1401114038758,2014-05-26,0.42623000000000005,0.3290034234523773,-0.0014524415601044893,0.05503510683774948,0.02208460122346878,0.02370551787316799,-0.005262152757495642,-0.0015931394882500172,0.0,0.30604689773752536
00002,train,Landsat8,NIR,-64.20595893280215,-10.309220082630318,1402496448271,2014-06-11,0.36399750000000003,0.3290034234523773,-0.0014524415601044893,0.05503510683774948,0.02208460122346878,0.02370551787316799,-0.005262152757495642,-0.0015931394882500172,0.0,0.30397561002967993
00002,train,Landsat8,NIR,-64.20595893280215,-10.309220082630318,1403878849774,2014-06-27,0.33693750000000006,0.3290034234523773,-0.0014524415601044893,0.05503510683774948,0.02208460122346878,0.02370551787316799,-0.005262152757495642,-0.0015931394882500172,0.0,0.2984161484581248
00002,train,Landsat8,NIR,-64.20595893280215,-10.309220082630318,1405261258705,2014-07-13,0.32492000000000004,0.3290034234523773,-0.0014524415601044893,0.05503510683774948,0.02208460122346878,0.02370551787316799,-0.005262152757495642,-0.0015931394882500172,0.0,0.2886807033198792
00002,train,Landsat8,NIR,-64.20595893280215,-10.309220082630318,1406643663023,2014-07-29,0.2876025,0.3290034234523773,-0.0014524415601044893,0.05503510683774948,0.02208460122346878,0.02370551787316799,-0.005262152757495642,-0.0015931394882500172,0.0,0.27654449416365634
00002,train,Landsat8,NIR,-64.20595893280215,-10.309220082630318,1408026070355,2014-08-14,0.263925,0.3290034234523773,-0.0014524415601044893,0.05503510683774948,0.02208460122346878,0.02370551787316799,-0.005262152757495642,-0.0015931394882500172,0.0,0.26576172511519736
00002,train,Landsat8,NIR,-64.20595893280215,-10.309220082630318,1409408471887,2014-08-30,0.255895,0.3290034234523773,-0.0014524415601044893,0.05503510683774948,0.02208460122346878,0.02370551787316799,-0.005262152757495642,-0.0015931394882500172,0.0,0.260729396027736
00002,train,Landsat8,NIR,-64.20595893280215,-10.309220082630318,1412173276458,2014-10-01,0.291535,0.3290034234523773,-0.0014524415601044893,0.05503510683774948,0.02208460122346878,0.02370551787316799,-0.005262152757495642,-0.0015931394882500172,0.0,0.2792432804981084
00002,train,Landsat8,NIR,-64.20595893280215,-10.309220082630318,1413555680889,2014-10-17,0.31529500000000005,0.3290034234523773,-0.0014524415601044893,0.05503510683774948,0.02208460122346878,0.02370551787316799,-0.005262152757495642,-0.0015931394882500172,0.0,0.30234460087440146
00002,train,Landsat8,NIR,-64.20595893280215,-10.309220082630318,1419085274286,2014-12-20,0.41819999999999996,0.3290034234523773,-0.0014524415601044893,0.05503510683774948,0.02208460122346878,0.02370551787316799,-0.005262152757495642,-0.0015931394882500172,0.0,0.397160775292875
00002,train,Landsat8,NIR,-64.20595893280215,-10.309220082630318,1425997245260,2015-03-10,0.23818499999999998,0.3290034234523773,-0.0014524415601044893,0.05503510683774948,0.02208460122346878,0.02370551787316799,-0.005262152757495642,-0.0015931394882500172,0.0,0.34683956348008005
00002,train,Landsat8,NIR,-64.20595893280215,-10.309220082630318,1428762029321,2015-04-11,0.32651500000000006,0.3290034234523773,-0.0014524415601044893,0.05503510683774948,0.02208460122346878,0.02370551787316799,-0.005262152757495642,-0.0015931394882500172,0.0,0.31587101994840366
00002,train,Landsat8,NIR,-64.20595893280215,-10.309220082630318,1434291623616,2015-06-14,0.31950249999999997,0.3290034234523773,-0.0014524415601044893,0.05503510683774948,0.02208460122346878,0.02370551787316799,-0.005262152757495642,-0.0015931394882500172,0.0,0.30179954476393606
00002,train,Landsat8,NIR,-64.20595893280215,-10.309220082630318,1435674030515,2015-06-30,0.3021225,0.3290034234523773,-0.0014524415601044893,0.05503510683774948,0.02208460122346878,0.02370551787316799,-0.005262152757495642,-0.0015931394882500172,0.0,0.2954367502468505
00002,train,Landsat8,NIR,-64.20595893280215,-10.309220082630318,1437056440104,2015-07-16,0.278335,0.3290034234523773,-0.0014524415601044893,0.05503510683774948,0.02208460122346878,0.02370551787316799,-0.005262152757495642,-0.0015931394882500172,0.0,0.2850435373115743
00002,train,Landsat8,NIR,-64.20595893280215,-10.309220082630318,1438438843901,2015-08-01,0.273165,0.3290034234523773,-0.0014524415601044893,0.05503510683774948,0.02208460122346878,0.02370551787316799,-0.005262152757495642,-0.0015931394882500172,0.0,0.2728336219507181
00002,train,Landsat8,NIR,-64.20595893280215,-10.309220082630318,1441203655474,2015-09-02,0.26244,0.3290034234523773,-0.0014524415601044893,0.05503510683774948,0.02208460122346878,0.02370551787316799,-0.005262152757495642,-0.0015931394882500172,0.0,0.259281543853529
00002,train,Landsat8,NIR,-64.20595893280215,-10.309220082630318,1442586064130,2015-09-18,0.24140250000000002,0.3290034234523773,-0.0014524415601044893,0.05503510683774948,0.02208460122346878,0.02370551787316799,-0.005262152757495642,-0.0015931394882500172,0.0,0.2653218861515132
00002,train,Landsat8,NIR,-64.20595893280215,-10.309220082630318,1443968467861,2015-10-04,0.2579575,0.3290034234523773,-0.0014524415601044893,0.05503510683774948,0.02208460122346878,0.02370551787316799,-0.005262152757495642,-0.0015931394882500172,0.0,0.28154857175574893
00002,train,Landsat8,NIR,-64.20595893280215,-10.309220082630318,1445350869778,2015-10-20,0.288345,0.3290034234523773,-0.0014524415601044893,0.05503510683774948,0.02208460122346878,0.02370551787316799,-0.005262152757495642,-0.0015931394882500172,0.0,0.3059112640246114
00002,train,Landsat8,NIR,-64.20595893280215,-10.309220082630318,1450880475111,2015-12-23,0.40981249999999997,0.3290034234523773,-0.0014524415601044893,0.05503510683774948,0.02208460122346878,0.02370551787316799,-0.005262152757495642,-0.0015931394882500172,0.0,0.3974879590110846
00002,train,Landsat8,NIR,-64.20595893280215,-10.309220082630318,1453645271534,2016-01-24,0.37431,0.3290034234523773,-0.0014524415601044893,0.05503510683774948,0.02208460122346878,0.02370551787316799,-0.005262152757495642,-0.0015931394882500172,0.0,0.3945662168776649
00002,train,Landsat8,NIR,-64.20595893280215,-10.309220082630318,1455027666353,2016-02-09,0.36979999999999996,0.3290034234523773,-0.0014524415601044893,0.05503510683774948,0.02208460122346878,0.02370551787316799,-0.005262152757495642,-0.0015931394882500172,0.0,0.3804722421854152
00002,train,Landsat8,NIR,-64.20595893280215,-10.309220082630318,1461939641701,2016-04-29,0.31524,0.3290034234523773,-0.0014524415601044893,0.05503510683774948,0.02208460122346878,0.02370551787316799,-0.005262152757495642,-0.0015931394882500172,0.0,0.3062020010887524
00002,train,Landsat8,NIR,-64.20595893280215,-10.309220082630318,1466086848499,2016-06-16,0.31397500000000006,0.3290034234523773,-0.0014524415601044893,0.05503510683774948,0.02208460122346878,0.02370551787316799,-0.005262152757495642,-0.0015931394882500172,0.0,0.29962485844839304
00002,train,Landsat8,NIR,-64.20595893280215,-10.309220082630318,1467469258263,2016-07-02,0.3252225,0.3290034234523773,-0.0014524415601044893,0.05503510683774948,0.02208460122346878,0.02370551787316799,-0.005262152757495642,-0.0015931394882500172,0.0,0.2925983147917902
00002,train,Landsat8,NIR,-64.20595893280215,-10.309220082630318,1468851664930,2016-07-18,0.30404749999999997,0.3290034234523773,-0.0014524415601044893,0.05503510683774948,0.02208460122346878,0.02370551787316799,-0.005262152757495642,-0.0015931394882500172,0.0,0.28175046025198425
00002,train,Landsat8,NIR,-64.20595893280215,-10.309220082630318,1470234068097,2016-08-03,0.282625,0.3290034234523773,-0.0014524415601044893,0.05503510683774948,0.02208460122346878,0.02370551787316799,-0.005262152757495642,-0.0015931394882500172,0.0,0.2696192998414829
00002,train,Landsat8,NIR,-64.20595893280215,-10.309220082630318,1477146087511,2016-10-22,0.24915750000000003,0.3290034234523773,-0.0014524415601044893,0.05503510683774948,0.02208460122346878,0.02370551787316799,-0.005262152757495642,-0.0015931394882500172,0.0,0.30822066318669183
00002,train,Landsat8,NIR,-64.20595893280215,-10.309220082630318,1482675680843,2016-12-25,0.42053750000000006,0.3290034234523773,-0.0014524415601044893,0.05503510683774948,0.02208460122346878,0.02370551787316799,-0.005262152757495642,-0.0015931394882500172,0.0,0.3970297589496314
00002,train,Landsat8,NIR,-64.20595893280215,-10.309220082630318,1484058077534,2017-01-10,0.47688500000000006,0.3290034234523773,-0.0014524415601044893,0.05503510683774948,0.02208460122346878,0.02370551787316799,-0.005262152757495642,-0.0015931394882500172,0.0,0.399142392813207
00002,train,Landsat8,NIR,-64.20595893280215,-10.309220082630318,1485440471964,2017-01-26,0.4383575,0.3290034234523773,-0.0014524415601044893,0.05503510683774948,0.02208460122346878,0.02370551787316799,-0.005262152757495642,-0.0015931394882500172,0.0,0.39167174356076967
00002,train,Landsat8,NIR,-64.20595893280215,-10.309220082630318,1490970041467,2017-03-31,0.481285,0.3290034234523773,-0.0014524415601044893,0.05503510683774948,0.02208460122346878,0.02370551787316799,-0.005262152757495642,-0.0015931394882500172,0.0,0.32140208332023135
00002,train,Landsat8,NIR,-64.20595893280215,-10.309220082630318,1497882050455,2017-06-19,0.35610500000000006,0.3290034234523773,-0.0014524415601044893,0.05503510683774948,0.02208460122346878,0.02370551787316799,-0.005262152757495642,-0.0015931394882500172,0.0,0.2973738236096838
00002,train,Landsat8,NIR,-64.20595893280215,-10.309220082630318,1499264454168,2017-07-05,0.31928249999999997,0.3290034234523773,-0.0014524415601044893,0.05503510683774948,0.02208460122346878,0.02370551787316799,-0.005262152757495642,-0.0015931394882500172,0.0,0.2896591893400202
00002,train,Landsat8,NIR,-64.20595893280215,-10.309220082630318,1500646859570,2017-07-21,0.29896,0.3290034234523773,-0.0014524415601044893,0.05503510683774948,0.02208460122346878,0.02370551787316799,-0.005262152757495642,-0.0015931394882500172,0.0,0.2783545039130505
00002,train,Landsat8,NIR,-64.20595893280215,-10.309220082630318,1502029266718,2017-08-06,0.284165,0.3290034234523773,-0.0014524415601044893,0.05503510683774948,0.02208460122346878,0.02370551787316799,-0.005262152757495642,-0.0015931394882500172,0.0,0.2663473461645425
00002,train,Landsat8,NIR,-64.20595893280215,-10.309220082630318,1503411671491,2017-08-22,0.2730275,0.3290034234523773,-0.0014524415601044893,0.05503510683774948,0.02208460122346878,0.02370551787316799,-0.005262152757495642,-0.0015931394882500172,0.0,0.2579152604295216
00002,train,Landsat8,NIR,-64.20595893280215,-10.309220082630318,1504794073402,2017-09-07,0.2940925,0.3290034234523773,-0.0014524415601044893,0.05503510683774948,0.02208460122346878,0.02370551787316799,-0.005262152757495642,-0.0015931394882500172,0.0,0.2571534701936076
00002,train,Landsat8,NIR,-64.20595893280215,-10.309220082630318,1507558883170,2017-10-09,0.3154875,0.3290034234523773,-0.0014524415601044893,0.05503510683774948,0.02208460122346878,0.02370551787316799,-0.005262152757495642,-0.0015931394882500172,0.0,0.2855444991892213
00002,train,Landsat8,NIR,-64.20595893280215,-10.309220082630318,1521382839291,2018-03-18,0.36551000000000006,0.3290034234523773,-0.0014524415601044893,0.05503510683774948,0.02208460122346878,0.02370551787316799,-0.005262152757495642,-0.0015931394882500172,0.0,0.3331093208648342
00002,train,Landsat8,NIR,-64.20595893280215,-10.309220082630318,1522765232331,2018-04-03,0.3291825,0.3290034234523773,-0.0014524415601044893,0.05503510683774948,0.02208460122346878,0.02370551787316799,-0.005262152757495642,-0.0015931394882500172,0.0,0.3173828626921809
00002,train,Landsat8,NIR,-64.20595893280215,-10.309220082630318,1524147622639,2018-04-19,0.23615000000000003,0.3290034234523773,-0.0014524415601044893,0.05503510683774948,0.02208460122346878,0.02370551787316799,-0.005262152757495642,-0.0015931394882500172,0.0,0.30709310434499526
00002,train,Landsat8,NIR,-64.20595893280215,-10.309220082630318,1526912402666,2018-05-21,0.30792500000000006,0.3290034234523773,-0.0014524415601044893,0.05503510683774948,0.02208460122346878,0.02370551787316799,-0.005262152757495642,-0.0015931394882500172,0.0,0.3005509387604118
00002,train,Landsat8,NIR,-64.20595893280215,-10.309220082630318,1531059613822,2018-07-08,0.2786375,0.3290034234523773,-0.0014524415601044893,0.05503510683774948,0.02208460122346878,0.02370551787316799,-0.005262152757495642,-0.0015931394882500172,0.0,0.28630279558642324
00002,train,Landsat8,NIR,-64.20595893280215,-10.309220082630318,1532442020324,2018-07-24,0.2632375,0.3290034234523773,-0.0014524415601044893,0.05503510683774948,0.02208460122346878,0.02370551787316799,-0.005262152757495642,-0.0015931394882500172,0.0,0.2745862364281861
00002,train,Landsat8,NIR,-64.20595893280215,-10.309220082630318,1533824429568,2018-08-09,0.2561425,0.3290034234523773,-0.0014524415601044893,0.05503510683774948,0.02208460122346878,0.02370551787316799,-0.005262152757495642,-0.0015931394882500172,0.0,0.26290576254196807
00002,train,Landsat8,NIR,-64.20595893280215,-10.309220082630318,1536589242907,2018-09-10,0.3038275,0.3290034234523773,-0.0014524415601044893,0.05503510683774948,0.02208460122346878,0.02370551787316799,-0.005262152757495642,-0.0015931394882500172,0.0,0.2566456078783941
00002,train,Landsat8,NIR,-64.20595893280215,-10.309220082630318,1537971648574,2018-09-26,0.30099499999999996,0.3290034234523773,-0.0014524415601044893,0.05503510683774948,0.02208460122346878,0.02370551787316799,-0.005262152757495642,-0.0015931394882500172,0.0,0.2678736608860984
00002,train,Landsat8,NIR,-64.20595893280215,-10.309220082630318,1540736460884,2018-10-28,0.279985,0.3290034234523773,-0.0014524415601044893,0.05503510683774948,0.02208460122346878,0.02370551787316799,-0.005262152757495642,-0.0015931394882500172,0.0,0.3155585533933568
00003,train,Landsat8,NIR,-64.05665962883877,-10.63338679248049,1373466186063,2013-07-10,0.28702500000000003,0.3003435432910919,0.0,0.023164769634604454,-0.011111411266028881,0.0,-0.002176806330680847,0.0,0.0,0.27834858327834056
00003,train,Landsat8,NIR,-64.05665962883877,-10.63338679248049,1374848585541,2013-07-26,0.307595,0.3003435432910919,0.0,0.023164769634604454,-0.011111411266028881,0.0,-0.002176806330680847,0.0,0.0,0.2820163005968554
00003,train,Landsat8,NIR,-64.05665962883877,-10.63338679248049,1376230987226,2013-08-11,0.30072000000000004,0.3003435432910919,0.0,0.023164769634604454,-0.011111411266028881,0.0,-0.002176806330680847,0.0,0.0,0.28741960789343324
00003,train,Landsat8,NIR,-64.05665962883877,-10.63338679248049,1377613389619,2013-08-27,0.31282000000000004,0.3003435432910919,0.0,0.023164769634604454,-0.011111411266028881,0.0,-0.002176806330680847,0.0,0.0,0.29426839904892044
00003,train,Landsat8,NIR,-64.05665962883877,-10.63338679248049,1378995786459,2013-09-12,0.24959750000000003,0.3003435432910919,0.0,0.023164769634604454,-0.011111411266028881,0.0,-0.002176806330680847,0.0,0.0,0.3020241554626244
00003,train,Landsat8,NIR,-64.05665962883877,-10.63338679248049,1380378178872,2013-09-28,0.35681999999999997,0.3003435432910919,0.0,0.023164769634604454,-0.011111411266028881,0.0,-0.002176806330680847,0.0,0.0,0.3099471819347974
00003,train,Landsat8,NIR,-64.05665962883877,-10.63338679248049,1401114038758,2014-05-26,0.3169175,0.3003435432910919,0.0,0.023164769634604454,-0.011111411266028881,0.0,-0.002176806330680847,0.0,0.0,0.2771837602347213
00003,train,Landsat8,NIR,-64.05665962883877,-10.63338679248049,1402496448271,2014-06-11,0.31617500000000004,0.3003435432910919,0.0,0.023164769634604454,-0.011111411266028881,0.0,-0.002176806330680847,0.0,0.0,0.2761846065218849
00003,train,Landsat8,NIR,-64.05665962883877,-10.63338679248049,1403878849774,2014-06-27,0.31359,0.3003435432910919,0.0,0.023164769634604454,-0.011111411266028881,0.0,-0.002176806330680847,0.0,0.0,0.27669030285023527
00003,train,Landsat8,NIR,-64.05665962883877,-10.63338679248049,1405261258705,2014-07-13,0.30195750000000005,0.3003435432910919,0.0,0.023164769634604454,-0.011111411266028881,0.0,-0.002176806330680847,0.0,0.0,0.27889843187459457
00003,train,Landsat8,NIR,-64.05665962883877,-10.63338679248049,1406643663023,2014-07-29,0.292085,0.3003435432910919,0.0,0.023164769634604454,-0.011111411266028881,0.0,-0.002176806330680847,0.0,0.0,0.2829020745240426
00003,train,Landsat8,NIR,-64.05665962883877,-10.63338679248049,1408026070355,2014-08-14,0.30077499999999996,0.3003435432910919,0.0,0.023164769634604454,-0.011111411266028881,0.0,-0.002176806330680847,0.0,0.0,0.2886060555109961
00003,train,Landsat8,NIR,-64.05665962883877,-10.63338679248049,1409408471887,2014-08-30,0.317495,0.3003435432910919,0.0,0.023164769634604454,-0.011111411266028881,0.0,-0.002176806330680847,0.0,0.0,0.29567290297434795
00003,train,Landsat8,NIR,-64.05665962883877,-10.63338679248049,1412173276458,2014-10-01,0.2644475,0.3003435432910919,0.0,0.023164769634604454,-0.011111411266028881,0.0,-0.002176806330680847,0.0,0.0,0.3113829642050012
00003,train,Landsat8,NIR,-64.05665962883877,-10.63338679248049,1413555680889,2014-10-17,0.30006000000000005,0.3003435432910919,0.0,0.023164769634604454,-0.011111411266028881,0.0,-0.002176806330680847,0.0,0.0,0.31841523928522464
00003,train,Landsat8,NIR,-64.05665962883877,-10.63338679248049,1425997245260,2015-03-10,0.43175749999999996,0.42868778109550476,-0.027166031301021576,0.03621290624141693,-0.0012707971036434174,0.011542963795363903,-0.00317156920209527,0.0,0.0,0.46324645067708614
00003,train,Landsat8,NIR,-64.05665962883877,-10.63338679248049,1428762029321,2015-04-11,0.46748000000000006,0.42868778109550476,-0.027166031301021576,0.03621290624141693,-0.0012707971036434174,0.011542963795363903,-0.00317156920209527,0.0,0.0,0.4417088304749974
00003,train,Landsat8,NIR,-64.05665962883877,-10.63338679248049,1434291623616,2015-06-14,0.451695,0.42868778109550476,-0.027166031301021576,0.03621290624141693,-0.0012707971036434174,0.011542963795363903,-0.00317156920209527,0.0,0.0,0.4303103592799567
00003,train,Landsat8,NIR,-64.05665962883877,-10.63338679248049,1435674030515,2015-06-30,0.44702000000000003,0.42868778109550476,-0.027166031301021576,0.03621290624141693,-0.0012707971036434174,0.011542963795363903,-0.00317156920209527,0.0,0.0,0.4282505304307259
00003,train,Landsat8,NIR,-64.05665962883877,-10.63338679248049,1437056440104,2015-07-16,0.43527750000000004,0.42868778109550476,-0.027166031301021576,0.03621290624141693,-0.0012707971036434174,0.011542963795363903,-0.00317156920209527,0.0,0.0,0.42545314100075066
00003,train,Landsat8,NIR,-64.05665962883877,-10.63338679248049,1438438843901,2015-08-01,0.427935,0.42868778109550476,-0.027166031301021576,0.03621290624141693,-0.0012707971036434174,0.011542963795363903,-0.00317156920209527,0.0,0.0,0.4226964431953441
00003,train,Landsat8,NIR,-64.05665962883877,-10.63338679248049,1441203655474,2015-09-02,0.42023499999999997,0.42868778109550476,-0.027166031301021576,0.03621290624141693,-0.0012707971036434174,0.011542963795363903,-0.00317156920209527,0.0,0.0,0.422812946296246
00003,train,Landsat8,NIR,-64.05665962883877,-10.63338679248049,1442586064130,2015-09-18,0.3749425,0.42868778109550476,-0.027166031301021576,0.03621290624141693,-0.0012707971036434174,0.011542963795363903,-0.00317156920209527,0.0,0.0,0.4281463245843362
00003,train,Landsat8,NIR,-64.05665962883877,-10.63338679248049,1443968467861,2015-10-04,0.43571750000000004,0.42868778109550476,-0.027166031301021576,0.03621290624141693,-0.0012707971036434174,0.011542963795363903,-0.00317156920209527,0.0,0.0,0.4374803990680395
00003,train,Landsat8,NIR,-64.05665962883877,-10.63338679248049,1445350869778,2015-10-20,0.42106000000000005,0.42868778109550476,-0.027166031301021576,0.03621290624141693,-0.0012707971036434174,0.011542963795363903,-0.00317156920209527,0.0,0.0,0.4498916831786903
00003,train,Landsat8,NIR,-64.05665962883877,-10.63338679248049,1446733273653,2015-11-05,0.51203,0.42868778109550476,-0.027166031301021576,0.03621290624141693,-0.0012707971036434174,0.011542963795363903,-0.00317156920209527,0.0,0.0,0.4634957574739833
00003,train,Landsat8,NIR,-64.05665962883877,-10.63338679248049,1453645271534,2016-01-24,0.4697625,0.42868778109550476,-0.027166031301021576,0.03621290624141693,-0.0012707971036434174,0.011542963795363903,-0.00317156920209527,0.0,0.0,0.4757235824710342
00003,train,Landsat8,NIR,-64.05665962883877,-10.63338679248049,1455027666353,2016-02-09,0.475675,0.42868778109550476,-0.027166031301021576,0.03621290624141693,-0.0012707971036434174,0.011542963795363903,-0.00317156920209527,0.0,0.0,0.4627792908193111
00003,train,Landsat8,NIR,-64.05665962883877,-10.63338679248049,1461939641701,2016-04-29,0.39430250000000006,0.42868778109550476,-0.027166031301021576,0.03621290624141693,-0.0012707971036434174,0.011542963795363903,-0.00317156920209527,0.0,0.0,0.40826420113776024
00003,train,Landsat8,NIR,-64.05665962883877,-10.63338679248049,1463322039935,2016-05-15,0.3143875,0.42868778109550476,-0.027166031301021576,0.03621290624141693,-0.0012707971036434174,0.011542963795363903,-0.00317156920209527,0.0,0.0,0.40568807096104553
00003,train,Landsat8,NIR,-64.05665962883877,-10.63338679248049,1466086848499,2016-06-16,0.41465250000000003,0.42868778109550476,-0.027166031301021576,0.03621290624141693,-0.0012707971036434174,0.011542963795363903,-0.00317156920209527,0.0,0.0,0.4028751198832683
00003,train,Landsat8,NIR,-64.05665962883877,-10.63338679248049,1467469258263,2016-07-02,0.410665,0.42868778109550476,-0.027166031301021576,0.03621290624141693,-0.0012707971036434174,0.011542963795363903,-0.00317156920209527,0.0,0.0,0.40068557209949507
00003,train,Landsat8,NIR,-64.05665962883877,-10.63338679248049,1468851664930,2016-07-18,0.41003249999999997,0.42868778109550476,-0.027166031301021576,0.03621290624141693,-0.0012707971036434174,0.011542963795363903,-0.00317156920209527,0.0,0.0,0.39782968626815884
00003,train,Landsat8,NIR,-64.05665962883877,-10.63338679248049,1470234068097,2016-08-03,0.3941375,0.42868778109550476,-0.027166031301021576,0.03621290624141693,-0.0012707971036434174,0.011542963795363903,-0.00317156920209527,0.0,0.0,0.39519944552009745
00003,train,Landsat8,NIR,-64.05665962883877,-10.63338679248049,1471616472778,2016-08-19,0.15546500000000002,0.42868778109550476,-0.027166031301021576,0.03621290624141693,-0.0012707971036434174,0.011542963795363903,-0.00317156920209527,0.0,0.0,0.39417697673009483
00003,train,Landsat8,NIR,-64.05665962883877,-10.63338679248049,1484058077534,2017-01-10,0.4737775,0.42868778109550476,-0.027166031301021576,0.03621290624141693,-0.0012707971036434174,0.011542963795363903,-0.00317156920209527,0.0,0.0,0.4565553325213541
00003,train,Landsat8,NIR,-64.05665962883877,-10.63338679248049,1485440471964,2017-01-26,0.44217999999999996,0.42868778109550476,-0.027166031301021576,0.03621290624141693,-0.0012707971036434174,0.011542963795363903,-0.00317156920209527,0.0,0.0,0.4470689765525856
00003,train,Landsat8,NIR,-64.05665962883877,-10.63338679248049,1493734822810,2017-05-02,0.387125,0.42868778109550476,-0.027166031301021576,0.03621290624141693,-0.0012707971036434174,0.011542963795363903,-0.00317156920209527,0.0,0.0,0.38059558442401936
00003,train,Landsat8,NIR,-64.05665962883877,-10.63338679248049,1496499644152,2017-06-03,0.42741250000000003,0.42868778109550476,-0.027166031301021576,0.03621290624141693,-0.0012707971036434174,0.011542963795363903,-0.00317156920209527,0.0,0.0,0.37695315307343336
00003,train,Landsat8,NIR,-64.05665962883877,-10.63338679248049,1497882050455,2017-06-19,0.38806,0.42868778109550476,-0.027166031301021576,0.03621290624141693,-0.0012707971036434174,0.011542963795363903,-0.00317156920209527,0.0,0.0,0.37542923850921894
00003,train,Landsat8,NIR,-64.05665962883877,-10.63338679248049,1499264454168,2017-07-05,0.40326750000000006,0.42868778109550476,-0.027166031301021576,0.03621290624141693,-0.0012707971036434174,0.011542963795363903,-0.00317156920209527,0.0,0.0,0.3730991086625448
00003,train,Landsat8,NIR,-64.05665962883877,-10.63338679248049,1500646859570,2017-07-21,0.4028825,0.42868778109550476,-0.027166031301021576,0.03621290624141693,-0.0012707971036434174,0.011542963795363903,-0.00317156920209527,0.0,0.0,0.3701974565187766
00003,train,Landsat8,NIR,-64.05665962883877,-10.63338679248049,1502029266718,2017-08-06,0.3338575,0.42868778109550476,-0.027166031301021576,0.03621290624141693,-0.0012707971036434174,0.011542963795363903,-0.00317156920209527,0.0,0.0,0.36771894784150644
00003,train,Landsat8,NIR,-64.05665962883877,-10.63338679248049,1503411671491,2017-08-22,0.2926625,0.38395267724990845,0.023004906252026558,0.04082510247826576,-0.008057921193540096,0.0,0.0,0.0,0.0,0.3394418418570828
00003,train,Landsat8,NIR,-64.05665962883877,-10.63338679248049,1504794073402,2017-09-07,0.3041575,0.38395267724990845,0.023004906252026558,0.04082510247826576,-0.008057921193540096,0.0,0.0,0.0,0.0,0.3511483405695439
00003,train,Landsat8,NIR,-64.05665962883877,-10.63338679248049,1506176477662,2017-09-23,0.316065,0.38395267724990845,0.023004906252026558,0.04082510247826576,-0.008057921193540096,0.0,0.0,0.0,0.0,0.3635421213753925
00003,train,Landsat8,NIR,-64.05665962883877,-10.63338679248049,1507558883170,2017-10-09,0.30201249999999996,0.38395267724990845,0.023004906252026558,0.04082510247826576,-0.008057921193540096,0.0,0.0,0.0,0.0,0.37576489966563176
00003,train,Landsat8,NIR,-64.05665962883877,-10.63338679248049,1521382839291,2018-03-18,0.4148175,0.38395267724990845,0.023004906252026558,0.04082510247826576,-0.008057921193540096,0.0,0.0,0.0,0.0,0.3747514313618296
00003,train,Landsat8,NIR,-64.05665962883877,-10.63338679248049,1522765232331,2018-04-03,0.38366000000000006,0.38395267724990845,0.023004906252026558,0.04082510247826576,-0.008057921193540096,0.0,0.0,0.0,0.0,0.36437141659778827
00003,train,Landsat8,NIR,-64.05665962883877,-10.63338679248049,1525530014053,2018-05-05,0.32937500000000003,0.38395267724990845,0.023004906252026558,0.04082510247826576,-0.008057921193540096,0.0,0.0,0.0,0.0,0.3464546140886779
00003,train,Landsat8,NIR,-64.05665962883877,-10.63338679248049,1526912402666,2018-05-21,0.38355,0.38395267724990845,0.023004906252026558,0.04082510247826576,-0.008057921193540096,0.0,0.0,0.0,0.0,0.34042320107700136
00003,train,Landsat8,NIR,-64.05665962883877,-10.63338679248049,1531059613822,2018-07-08,0.4208675,0.38395267724990845,0.023004906252026558,0.04082510247826576,-0.008057921193540096,0.0,0.0,0.0,0.0,0.3396696384241864
00003,train,Landsat8,NIR,-64.05665962883877,-10.63338679248049,1532442020324,2018-07-24,0.37527250000000006,0.38395267724990845,0.023004906252026558,0.04082510247826576,-0.008057921193540096,0.0,0.0,0.0,0.0,0.345518842404797
00003,train,Landsat8,NIR,-64.05665962883877,-10.63338679248049,1533824429568,2018-08-09,0.2994825,0.38395267724990845,0.023004906252026558,0.04082510247826576,-0.008057921193540096,0.0,0.0,0.0,0.0,0.354000058399517
00003,train,Landsat8,NIR,-64.05665962883877,-10.63338679248049,1537971648574,2018-09-26,0.37004750000000003,0.38395267724990845,0.023004906252026558,0.04082510247826576,-0.008057921193540096,0.0,0.0,0.0,0.0,0.38887675415763295
00004,train,Landsat8,NIR,-64.50735244812665,-10.664908173237874,1371306555719,2013-06-15,0.24473,0.2901787757873535,0.000750037666875869,0.02496657706797123,-0.014828594401478767,-0.00964313093572855,0.0,0.0,0.0,0.2569810175440236
00004,train,Landsat8,NIR,-64.50735244812665,-10.664908173237874,1372688955756,2013-07-01,0.261065,0.2901787757873535,0.000750037666875869,0.02496657706797123,-0.014828594401478767,-0.00964313093572855,0.0,0.0,0.0,0.25841038357901286
00004,train,Landsat8,NIR,-64.50735244812665,-10.664908173237874,1374071355805,2013-07-17,0.26461250000000003,0.2901787757873535,0.000750037666875869,0.02496657706797123,-0.014828594401478767,-0.00964313093572855,0.0,0.0,0.0,0.26459031402761135
00004,train,Landsat8,NIR,-64.50735244812665,-10.664908173237874,1374848585541,2013-07-26,0.27311,0.2901787757873535,0.000750037666875869,0.02496657706797123,-0.014828594401478767,-0.00964313093572855,0.0,0.0,0.0,0.26991056767247545
00004,train,Landsat8,NIR,-64.50735244812665,-10.664908173237874,1374848609474,2013-07-26,0.273,0.2901787757873535,0.000750037666875869,0.02496657706797123,-0.014828594401478767,-0.00964313093572855,0.0,0.0,0.0,0.269910747637215
00004,train,Landsat8,NIR,-64.50735244812665,-10.664908173237874,1375453757871,2013-08-02,0.19366250000000002,0.2901787757873535,0.000750037666875869,0.02496657706797123,-0.014828594401478767,-0.00964313093572855,0.0,0.0,0.0,0.27477745381399227
00004,train,Landsat8,NIR,-64.50735244812665,-10.664908173237874,1376230987226,2013-08-11,0.28521,0.2901787757873535,0.000750037666875869,0.02496657706797123,-0.014828594401478767,-0.00964313093572855,0.0,0.0,0.0,0.2816933194574165
00004,train,Landsat8,NIR,-64.50735244812665,-10.664908173237874,1376231011164,2013-08-11,0.28323,0.2901787757873535,0.000750037666875869,0.02496657706797123,-0.014828594401478767,-0.00964313093572855,0.0,0.0,0.0,0.28169353965020827
00004,train,Landsat8,NIR,-64.50735244812665,-10.664908173237874,1376836158726,2013-08-18,0.2530625,0.2901787757873535,0.000750037666875869,0.02496657706797123,-0.014828594401478767,-0.00964313093572855,0.0,0.0,0.0,0.28738052247675744
00004,train,Landsat8,NIR,-64.50735244812665,-10.664908173237874,1377613389619,2013-08-27,0.32063,0.2901787757873535,0.000750037666875869,0.02496657706797123,-0.014828594401478767,-0.00964313093572855,0.0,0.0,0.0,0.29475494146513226
00004,train,Landsat8,NIR,-64.50735244812665,-10.664908173237874,1377613413552,2013-08-27,0.320135,0.2901787757873535,0.000750037666875869,0.02496657706797123,-0.014828594401478767,-0.00964313093572855,0.0,0.0,0.0,0.29475516626747755
00004,train,Landsat8,NIR,-64.50735244812665,-10.664908173237874,1378218559861,2013-09-03,0.31851250000000003,0.2901787757873535,0.000750037666875869,0.02496657706797123,-0.014828594401478767,-0.00964313093572855,0.0,0.0,0.0,0.3003246403545994
00004,train,Landsat8,NIR,-64.50735244812665,-10.664908173237874,1379600953981,2013-09-19,0.3276425,0.2901787757873535,0.000750037666875869,0.02496657706797123,-0.014828594401478767,-0.00964313093572855,0.0,0.0,0.0,0.31154116798580983
00004,train,Landsat8,NIR,-64.50735244812665,-10.664908173237874,1380378178872,2013-09-28,0.3551975,0.2901787757873535,0.000750037666875869,0.02496657706797123,-0.014828594401478767,-0.00964313093572855,0.0,0.0,0.0,0.31646395930513804
00004,train,Landsat8,NIR,-64.50735244812665,-10.664908173237874,1380378202797,2013-09-28,0.3509625,0.2901787757873535,0.000750037666875869,0.02496657706797123,-0.014828594401478767,-0.00964313093572855,0.0,0.0,0.0,0.3164640914756332
00004,train,Landsat8,NIR,-64.50735244812665,-10.664908173237874,1382365745849,2013-10-21,0.32134500000000005,0.2901787757873535,0.000750037666875869,0.02496657706797123,-0.014828594401478767,-0.00964313093572855,0.0,0.0,0.0,0.3232868078505337
00004,train,Landsat8,NIR,-64.50735244812665,-10.664908173237874,1388672549445,2014-01-02,0.34422500000000006,0.2901787757873535,0.000750037666875869,0.02496657706797123,-0.014828594401478767,-0.00964313093572855,0.0,0.0,0.0,0.3085419649288185
00004,train,Landsat8,NIR,-64.50735244812665,-10.664908173237874,1388672573383,2014-01-02,0.34505,0.2901787757873535,0.000750037666875869,0.02496657706797123,-0.014828594401478767,-0.00964313093572855,0.0,0.0,0.0,0.3085418964449214
00004,train,Landsat8,NIR,-64.50735244812665,-10.664908173237874,1392819715105,2014-02-19,0.4143225,0.2901787757873535,0.000750037666875869,0.02496657706797123,-0.014828594401478767,-0.00964313093572855,0.0,0.0,0.0,0.3002637664307579
00004,train,Landsat8,NIR,-64.50735244812665,-10.664908173237874,1402496448271,2014-06-11,0.28598,0.2901787757873535,0.000750037666875869,0.02496657706797123,-0.014828594401478767,-0.00964313093572855,0.0,0.0,0.0,0.2581092073549256
00004,train,Landsat8,NIR,-64.50735244812665,-10.664908173237874,1402496472196,2014-06-11,0.28532,0.2901787757873535,0.000750037666875869,0.02496657706797123,-0.014828594401478767,-0.00964313093572855,0.0,0.0,0.0,0.2581091711830945
00004,train,Landsat8,NIR,-64.50735244812665,-10.664908173237874,1403101620341,2014-06-18,0.252705,0.2901787757873535,0.000750037666875869,0.02496657706797123,-0.014828594401478767,-0.00964313093572855,0.0,0.0,0.0,0.25763512399038935
00004,train,Landsat8,NIR,-64.50735244812665,-10.664908173237874,1403878849774,2014-06-27,0.29329500000000003,0.2901787757873535,0.000750037666875869,0.02496657706797123,-0.014828594401478767,-0.00964313093572855,0.0,0.0,0.0,0.25834940941766876
00004,train,Landsat8,NIR,-64.50735244812665,-10.664908173237874,1403878873699,2014-06-27,0.29093,0.2901787757873535,0.000750037666875869,0.02496657706797123,-0.014828594401478767,-0.00964313093572855,0.0,0.0,0.0,0.2583494539691503
00004,train,Landsat8,NIR,-64.50735244812665,-10.664908173237874,1404484025941,2014-07-04,0.30468,0.2901787757873535,0.000750037666875869,0.02496657706797123,-0.014828594401478767,-0.00964313093572855,0.0,0.0,0.0,0.2599658599454627
00004,train,Landsat8,NIR,-64.50735244812665,-10.664908173237874,1405261258705,2014-07-13,0.27492500000000003,0.2901787757873535,0.000750037666875869,0.02496657706797123,-0.014828594401478767,-0.00964313093572855,0.0,0.0,0.0,0.2633715427500807
00004,train,Landsat8,NIR,-64.50735244812665,-10.664908173237874,1405261282634,2014-07-13,0.273055,0.2901787757873535,0.000750037666875869,0.02496657706797123,-0.014828594401478767,-0.00964313093572855,0.0,0.0,0.0,0.26337166894093217
00004,train,Landsat8,NIR,-64.50735244812665,-10.664908173237874,1407248838225,2014-08-05,0.2865575,0.2901787757873535,0.000750037666875869,0.02496657706797123,-0.014828594401478767,-0.00964313093572855,0.0,0.0,0.0,0.27776415309866415
00004,train,Landsat8,NIR,-64.50735244812665,-10.664908173237874,1408026070355,2014-08-14,0.3117475,0.2901787757873535,0.000750037666875869,0.02496657706797123,-0.014828594401478767,-0.00964313093572855,0.0,0.0,0.0,0.2848583146334988
00004,train,Landsat8,NIR,-64.50735244812665,-10.664908173237874,1408026094288,2014-08-14,0.31048250000000005,0.2901787757873535,0.000750037666875869,0.02496657706797123,-0.014828594401478767,-0.00964313093572855,0.0,0.0,0.0,0.2848585387443539
00004,train,Landsat8,NIR,-64.50735244812665,-10.664908173237874,1408631242184,2014-08-21,0.297585,0.2901787757873535,0.000750037666875869,0.02496657706797123,-0.014828594401478767,-0.00964313093572855,0.0,0.0,0.0,0.2905960026758162
00004,train,Landsat8,NIR,-64.50735244812665,-10.664908173237874,1409408471887,2014-08-30,0.323545,0.2901787757873535,0.000750037666875869,0.02496657706797123,-0.014828594401478767,-0.00964313093572855,0.0,0.0,0.0,0.29792020541395414
00004,train,Landsat8,NIR,-64.50735244812665,-10.664908173237874,1409408495821,2014-08-30,0.32186750000000003,0.2901787757873535,0.000750037666875869,0.02496657706797123,-0.014828594401478767,-0.00964313093572855,0.0,0.0,0.0,0.29792042592109486
00004,train,Landsat8,NIR,-64.50735244812665,-10.664908173237874,1410013645475,2014-09-06,0.32505750000000005,0.2901787757873535,0.000750037666875869,0.02496657706797123,-0.014828594401478767,-0.00964313093572855,0.0,0.0,0.0,0.30336536627532373
00004,train,Landsat8,NIR,-64.50735244812665,-10.664908173237874,1411396043213,2014-09-22,0.329045,0.2901787757873535,0.000750037666875869,0.02496657706797123,-0.014828594401478767,-0.00964313093572855,0.0,0.0,0.0,0.3140606452885601
00004,train,Landsat8,NIR,-64.50735244812665,-10.664908173237874,1412173276458,2014-10-01,0.36325500000000005,0.2901787757873535,0.000750037666875869,0.02496657706797123,-0.014828594401478767,-0.00964313093572855,0.0,0.0,0.0,0.31858668926298467
00004,train,Landsat8,NIR,-64.50735244812665,-10.664908173237874,1412173300387,2014-10-01,0.36364,0.2901787757873535,0.000750037666875869,0.02496657706797123,-0.014828594401478767,-0.00964313093572855,0.0,0.0,0.0,0.3185868082954623
00004,train,Landsat8,NIR,-64.50735244812665,-10.664908173237874,1412778449385,2014-10-08,0.20917249999999998,0.2901787757873535,0.000750037666875869,0.02496657706797123,-0.014828594401478767,-0.00964313093572855,0.0,0.0,0.0,0.32123457562581165
00004,train,Landsat8,NIR,-64.50735244812665,-10.664908173237874,1417702900864,2014-12-04,0.353465,0.2901787757873535,0.000750037666875869,0.02496657706797123,-0.014828594401478767,-0.00964313093572855,0.0,0.0,0.0,0.31762924293631756
00004,train,Landsat8,NIR,-64.50735244812665,-10.664908173237874,1422455234791,2015-01-28,0.29027000000000003,0.2901787757873535,0.000750037666875869,0.02496657706797123,-0.014828594401478767,-0.00964313093572855,0.0,0.0,0.0,0.3042352926775643
00004,train,Landsat8,NIR,-64.50735244812665,-10.664908173237874,1425997245260,2015-03-10,0.31972249999999997,0.2901787757873535,0.000750037666875869,0.02496657706797123,-0.014828594401478767,-0.00964313093572855,0.0,0.0,0.0,0.2971406417478434
00004,train,Landsat8,NIR,-64.50735244812665,-10.664908173237874,1425997269185,2015-03-10,0.3203,0.2901787757873535,0.000750037666875869,0.02496657706797123,-0.014828594401478767,-0.00964313093572855,0.0,0.0,0.0,0.2971405691768439
00004,train,Landsat8,NIR,-64.50735244812665,-10.664908173237874,1427984800373,2015-04-02,0.29475250000000003,0.2901787757873535,0.000750037666875869,0.02496657706797123,-0.014828594401478767,-0.00964313093572855,0.0,0.0,0.0,0.2892193337610037
00004,train,Landsat8,NIR,-64.50735244812665,-10.664908173237874,1432131980278,2015-05-20,0.2522375,0.2901787757873535,0.000750037666875869,0.02496657706797123,-0.014828594401478767,-0.00964313093572855,0.0,0.0,0.0,0.26530636336876845
00004,train,Landsat8,NIR,-64.50735244812665,-10.664908173237874,1433514388572,2015-06-05,0.24827749999999998,0.2901787757873535,0.000750037666875869,0.02496657706797123,-0.014828594401478767,-0.00964313093572855,0.0,0.0,0.0,0.25993152644584927
00004,train,Landsat8,NIR,-64.50735244812665,-10.664908173237874,1434291623616,2015-06-14,0.2989875,0.2901787757873535,0.000750037666875869,0.02496657706797123,-0.014828594401478767,-0.00964313093572855,0.0,0.0,0.0,0.2585495178308978
00004,train,Landsat8,NIR,-64.50735244812665,-10.664908173237874,1434291647545,2015-06-14,0.29896,0.2901787757873535,0.000750037666875869,0.02496657706797123,-0.014828594401478767,-0.00964313093572855,0.0,0.0,0.0,0.2585494964094223
00004,train,Landsat8,NIR,-64.50735244812665,-10.664908173237874,1434896796488,2015-06-21,0.2548775,0.2901787757873535,0.000750037666875869,0.02496657706797123,-0.014828594401478767,-0.00964313093572855,0.0,0.0,0.0,0.2584544005142934
00004,train,Landsat8,NIR,-64.50735244812665,-10.664908173237874,1435674030515,2015-06-30,0.2764375,0.2901787757873535,0.000750037666875869,0.02496657706797123,-0.014828594401478767,-0.00964313093572855,0.0,0.0,0.0,0.2596781175848219
00004,train,Landsat8,NIR,-64.50735244812665,-10.664908173237874,1435674054448,2015-06-30,0.27542,0.2901787757873535,0.000750037666875869,0.02496657706797123,-0.014828594401478767,-0.00964313093572855,0.0,0.0,0.0,0.259678177450928
00004,train,Landsat8,NIR,-64.50735244812665,-10.664908173237874,1437661613141,2015-07-23,0.267775,0.2901787757873535,0.000750037666875869,0.02496657706797123,-0.014828594401478767,-0.00964313093572855,0.0,0.0,0.0,0.26950987560094913
00004,train,Landsat8,NIR,-64.50735244812665,-10.664908173237874,1439044016101,2015-08-08,0.2870525,0.2901787757873535,0.000750037666875869,0.02496657706797123,-0.014828594401478767,-0.00964313093572855,0.0,0.0,0.0,0.2808249941211741
00004,train,Landsat8,NIR,-64.50735244812665,-10.664908173237874,1440426424196,2015-08-24,0.2981075,0.2901787757873535,0.000750037666875869,0.02496657706797123,-0.014828594401478767,-0.00964313093572855,0.0,0.0,0.0,0.2938100091567957
00004,train,Landsat8,NIR,-64.50735244812665,-10.664908173237874,1441203655474,2015-09-02,0.330915,0.2901787757873535,0.000750037666875869,0.02496657706797123,-0.014828594401478767,-0.00964313093572855,0.0,0.0,0.0,0.30104188679324856
00004,train,Landsat8,NIR,-64.50735244812665,-10.664908173237874,1441203679399,2015-09-02,0.3303375,0.2901787757873535,0.000750037666875869,0.02496657706797123,-0.014828594401478767,-0.00964313093572855,0.0,0.0,0.0,0.30104210214302163
00004,train,Landsat8,NIR,-64.50735244812665,-10.664908173237874,1441808830373,2015-09-09,0.30349750000000003,0.2901787757873535,0.000750037666875869,0.02496657706797123,-0.014828594401478767,-0.00964313093572855,0.0,0.0,0.0,0.30633232574442637
00004,train,Landsat8,NIR,-64.50735244812665,-10.664908173237874,1442586064130,2015-09-18,0.33086,0.2901787757873535,0.000750037666875869,0.02496657706797123,-0.014828594401478767,-0.00964313093572855,0.0,0.0,0.0,0.3124209250233857
00004,train,Landsat8,NIR,-64.50735244812665,-10.664908173237874,1442586088063,2015-09-18,0.33066750000000006,0.2901787757873535,0.000750037666875869,0.02496657706797123,-0.014828594401478767,-0.00964313093572855,0.0,0.0,0.0,0.3124210972406878
00004,train,Landsat8,NIR,-64.50735244812665,-10.664908173237874,1443191237327,2015-09-25,0.30267249999999996,0.2901787757873535,0.000750037666875869,0.02496657706797123,-0.014828594401478767,-0.00964313093572855,0.0,0.0,0.0,0.3164544414953707
00004,train,Landsat8,NIR,-64.50735244812665,-10.664908173237874,1443968467861,2015-10-04,0.35646249999999996,0.2901787757873535,0.000750037666875869,0.02496657706797123,-0.014828594401478767,-0.00964313093572855,0.0,0.0,0.0,0.3205677131733039
00004,train,Landsat8,NIR,-64.50735244812665,-10.664908173237874,1443968491791,2015-10-04,0.35676500000000005,0.2901787757873535,0.000750037666875869,0.02496657706797123,-0.014828594401478767,-0.00964313093572855,0.0,0.0,0.0,0.32056782076401474
00004,train,Landsat8,NIR,-64.50735244812665,-10.664908173237874,1445350869778,2015-10-20,0.34406,0.2901787757873535,0.000750037666875869,0.02496657706797123,-0.014828594401478767,-0.00964313093572855,0.0,0.0,0.0,0.3246666146321876
00004,train,Landsat8,NIR,-64.50735244812665,-10.664908173237874,1445350893711,2015-10-20,0.34458249999999996,0.2901787757873535,0.000750037666875869,0.02496657706797123,-0.014828594401478767,-0.00964313093572855,0.0,0.0,0.0,0.3246666491360056
00004,train,Landsat8,NIR,-64.50735244812665,-10.664908173237874,1447338443319,2015-11-12,0.31117,0.2901787757873535,0.000750037666875869,0.02496657706797123,-0.014828594401478767,-0.00964313093572855,0.0,0.0,0.0,0.32388059116402557
00004,train,Landsat8,NIR,-64.50735244812665,-10.664908173237874,1450880475111,2015-12-23,0.37527250000000006,0.2901787757873535,0.000750037666875869,0.02496657706797123,-0.014828594401478767,-0.00964313093572855,0.0,0.0,0.0,0.3127015703405994
00004,train,Landsat8,NIR,-64.50735244812665,-10.664908173237874,1450880499036,2015-12-23,0.37439249999999996,0.2901787757873535,0.000750037666875869,0.02496657706797123,-0.014828594401478767,-0.00964313093572855,0.0,0.0,0.0,0.3127014902249365
00004,train,Landsat8,NIR,-64.50735244812665,-10.664908173237874,1453645271534,2016-01-24,0.323435,0.2901787757873535,0.000750037666875869,0.02496657706797123,-0.014828594401478767,-0.00964313093572855,0.0,0.0,0.0,0.3056207006087384
00004,train,Landsat8,NIR,-64.50735244812665,-10.664908173237874,1453645295455,2016-01-24,0.3240125,0.2901787757873535,0.000750037666875869,0.02496657706797123,-0.014828594401478767,-0.00964313093572855,0.0,0.0,0.0,0.305620656629565
00004,train,Landsat8,NIR,-64.50735244812665,-10.664908173237874,1455027666353,2016-02-09,0.31592749999999997,0.2901787757873535,0.000750037666875869,0.02496657706797123,-0.014828594401478767,-0.00964313093572855,0.0,0.0,0.0,0.3032726605914863
00004,train,Landsat8,NIR,-64.50735244812665,-10.664908173237874,1455027690278,2016-02-09,0.316725,0.2901787757873535,0.000750037666875869,0.02496657706797123,-0.014828594401478767,-0.00964313093572855,0.0,0.0,0.0,0.3032726186793805
00004,train,Landsat8,NIR,-64.50735244812665,-10.664908173237874,1457792457696,2016-03-12,0.32668,0.2901787757873535,0.000750037666875869,0.02496657706797123,-0.014828594401478767,-0.00964313093572855,0.0,0.0,0.0,0.29713671921252166
00004,train,Landsat8,NIR,-64.50735244812665,-10.664908173237874,1457792481626,2016-03-12,0.32832999999999996,0.2901787757873535,0.000750037666875869,0.02496657706797123,-0.014828594401478767,-0.00964313093572855,0.0,0.0,0.0,0.297136642675359
00004,train,Landsat8,NIR,-64.50735244812665,-10.664908173237874,1459780015959,2016-04-04,0.30434999999999995,0.2901787757873535,0.000750037666875869,0.02496657706797123,-0.014828594401478767,-0.00964313093572855,0.0,0.0,0.0,0.28876406912764124
00004,train,Landsat8,NIR,-64.50735244812665,-10.664908173237874,1461162410083,2016-04-20,0.30245249999999996,0.2901787757873535,0.000750037666875869,0.02496657706797123,-0.014828594401478767,-0.00964313093572855,0.0,0.0,0.0,0.2809077218087552
00004,train,Landsat8,NIR,-64.50735244812665,-10.664908173237874,1461939641701,2016-04-29,0.279765,0.2901787757873535,0.000750037666875869,0.02496657706797123,-0.014828594401478767,-0.00964313093572855,0.0,0.0,0.0,0.276138617482947
00004,train,Landsat8,NIR,-64.50735244812665,-10.664908173237874,1461939665635,2016-04-29,0.27729,0.2901787757873535,0.000750037666875869,0.02496657706797123,-0.014828594401478767,-0.00964313093572855,0.0,0.0,0.0,0.27613846997719615
00004,train,Landsat8,NIR,-64.50735244812665,-10.664908173237874,1462544813364,2016-05-06,0.271405,0.2901787757873535,0.000750037666875869,0.02496657706797123,-0.014828594401478767,-0.00964313093572855,0.0,0.0,0.0,0.27245766098890045
00004,train,Landsat8,NIR,-64.50735244812665,-10.664908173237874,1465309618585,2016-06-07,0.2566925,0.2901787757873535,0.000750037666875869,0.02496657706797123,-0.014828594401478767,-0.00964313093572855,0.0,0.0,0.0,0.2601509378617555
00004,train,Landsat8,NIR,-64.50735244812665,-10.664908173237874,1466086848499,2016-06-16,0.2737425,0.2901787757873535,0.000750037666875869,0.02496657706797123,-0.014828594401478767,-0.00964313093572855,0.0,0.0,0.0,0.25916156397623663
00004,train,Landsat8,NIR,-64.50735244812665,-10.664908173237874,1466086872424,2016-06-16,0.2709925,0.2901787757873535,0.000750037666875869,0.02496657706797123,-0.014828594401478767,-0.00964313093572855,0.0,0.0,0.0,0.25916155422551546
00004,train,Landsat8,NIR,-64.50735244812665,-10.664908173237874,1466692023968,2016-06-23,0.2576275,0.2901787757873535,0.000750037666875869,0.02496657706797123,-0.014828594401478767,-0.00964313093572855,0.0,0.0,0.0,0.2593930300636301
00004,train,Landsat8,NIR,-64.50735244812665,-10.664908173237874,1467469258263,2016-07-02,0.2785275,0.2901787757873535,0.000750037666875869,0.02496657706797123,-0.014828594401478767,-0.00964313093572855,0.0,0.0,0.0,0.2610402973967669
00004,train,Landsat8,NIR,-64.50735244812665,-10.664908173237874,1467469282196,2016-07-02,0.27729,0.2901787757873535,0.000750037666875869,0.02496657706797123,-0.014828594401478767,-0.00964313093572855,0.0,0.0,0.0,0.2610403711103121
00004,train,Landsat8,NIR,-64.50735244812665,-10.664908173237874,1468074432444,2016-07-09,0.2779775,0.2901787757873535,0.000750037666875869,0.02496657706797123,-0.014828594401478767,-0.00964313093572855,0.0,0.0,0.0,0.2633678504700412
00004,train,Landsat8,NIR,-64.50735244812665,-10.664908173237874,1468851664930,2016-07-18,0.281855,0.2901787757873535,0.000750037666875869,0.02496657706797123,-0.014828594401478767,-0.00964313093572855,0.0,0.0,0.0,0.26761657844744624
00004,train,Landsat8,NIR,-64.50735244812665,-10.664908173237874,1468851688855,2016-07-18,0.2798475,0.2901787757873535,0.000750037666875869,0.02496657706797123,-0.014828594401478767,-0.00964313093572855,0.0,0.0,0.0,0.26761672823161947
00004,train,Landsat8,NIR,-64.50735244812665,-10.664908173237874,1469456837478,2016-07-25,0.2785275,0.2901787757873535,0.000750037666875869,0.02496657706797123,-0.014828594401478767,-0.00964313093572855,0.0,0.0,0.0,0.2717954978918858
00004,train,Landsat8,NIR,-64.50735244812665,-10.664908173237874,1470234068097,2016-08-03,0.2913425,0.2901787757873535,0.000750037666875869,0.02496657706797123,-0.014828594401478767,-0.00964313093572855,0.0,0.0,0.0,0.27806585096152125
00004,train,Landsat8,NIR,-64.50735244812665,-10.664908173237874,1470234092031,2016-08-03,0.2910125,0.2901787757873535,0.000750037666875869,0.02496657706797123,-0.014828594401478767,-0.00964313093572855,0.0,0.0,0.0,0.27806605604500745
00004,train,Landsat8,NIR,-64.50735244812665,-10.664908173237874,1472221646628,2016-08-26,0.2961825,0.2901787757873535,0.000750037666875869,0.02496657706797123,-0.014828594401478767,-0.00964313093572855,0.0,0.0,0.0,0.2964778706752792
00004,train,Landsat8,NIR,-64.50735244812665,-10.664908173237874,1474986451323,2016-09-27,0.31056500000000004,0.2901787757873535,0.000750037666875869,0.02496657706797123,-0.014828594401478767,-0.00964313093572855,0.0,0.0,0.0,0.31835587372731766
00004,train,Landsat8,NIR,-64.50735244812665,-10.664908173237874,1476368856821,2016-10-13,0.33366500000000004,0.2901787757873535,0.000750037666875869,0.02496657706797123,-0.014828594401478767,-0.00964313093572855,0.0,0.0,0.0,0.32418776414848144
00004,train,Landsat8,NIR,-64.50735244812665,-10.664908173237874,1482675680843,2016-12-25,0.361165,0.2901787757873535,0.000750037666875869,0.02496657706797123,-0.014828594401478767,-0.00964313093572855,0.0,0.0,0.0,0.31288642918090387
00004,train,Landsat8,NIR,-64.50735244812665,-10.664908173237874,1482675704768,2016-12-25,0.35954250000000004,0.2901787757873535,0.000750037666875869,0.02496657706797123,-0.014828594401478767,-0.00964313093572855,0.0,0.0,0.0,0.3128863523010408
00004,train,Landsat8,NIR,-64.50735244812665,-10.664908173237874,1484058077534,2017-01-10,0.32866,0.2901787757873535,0.000750037666875869,0.02496657706797123,-0.014828594401478767,-0.00964313093572855,0.0,0.0,0.0,0.30895422427013225
00004,train,Landsat8,NIR,-64.50735244812665,-10.664908173237874,1484058101459,2017-01-10,0.32258250000000005,0.2901787757873535,0.000750037666875869,0.02496657706797123,-0.014828594401478767,-0.00964313093572855,0.0,0.0,0.0,0.30895416441367085
00004,train,Landsat8,NIR,-64.50735244812665,-10.664908173237874,1485440471964,2017-01-26,0.33454500000000004,0.2901787757873535,0.000750037666875869,0.02496657706797123,-0.014828594401478767,-0.00964313093572855,0.0,0.0,0.0,0.30604329626911425
00004,train,Landsat8,NIR,-64.50735244812665,-10.664908173237874,1485440495889,2017-01-26,0.33292249999999995,0.2901787757873535,0.000750037666875869,0.02496657706797123,-0.014828594401478767,-0.00964313093572855,0.0,0.0,0.0,0.3060432522909233
00004,train,Landsat8,NIR,-64.50735244812665,-10.664908173237874,1487428032820,2017-02-18,0.285705,0.2901787757873535,0.000750037666875869,0.02496657706797123,-0.014828594401478767,-0.00964313093572855,0.0,0.0,0.0,0.3026725680159804
00004,train,Landsat8,NIR,-64.50735244812665,-10.664908173237874,1492352433206,2017-04-16,0.2933775,0.2901787757873535,0.000750037666875869,0.02496657706797123,-0.014828594401478767,-0.00964313093572855,0.0,0.0,0.0,0.2840932405077788
00004,train,Landsat8,NIR,-64.50735244812665,-10.664908173237874,1492352457135,2017-04-16,0.29318500000000003,0.2901787757873535,0.000750037666875869,0.02496657706797123,-0.014828594401478767,-0.00964313093572855,0.0,0.0,0.0,0.2840930982884511
00004,train,Landsat8,NIR,-64.50735244812665,-10.664908173237874,1493734822810,2017-05-02,0.2776475,0.2901787757873535,0.000750037666875869,0.02496657706797123,-0.014828594401478767,-0.00964313093572855,0.0,0.0,0.0,0.27565129739366345
00004,train,Landsat8,NIR,-64.50735244812665,-10.664908173237874,1493734846744,2017-05-02,0.27627250000000003,0.2901787757873535,0.000750037666875869,0.02496657706797123,-0.014828594401478767,-0.00964313093572855,0.0,0.0,0.0,0.2756511500041681
00004,train,Landsat8,NIR,-64.50735244812665,-10.664908173237874,1495117234935,2017-05-18,0.299895,0.2901787757873535,0.000750037666875869,0.02496657706797123,-0.014828594401478767,-0.00964313093572855,0.0,0.0,0.0,0.2676846990215963
00004,train,Landsat8,NIR,-64.50735244812665,-10.664908173237874,1495117258868,2017-05-18,0.2984925,0.2901787757873535,0.000750037666875869,0.02496657706797123,-0.014828594401478767,-0.00964313093572855,0.0,0.0,0.0,0.26768457500403325
00004,train,Landsat8,NIR,-64.50735244812665,-10.664908173237874,1495722410216,2017-05-25,0.2577375,0.2901787757873535,0.000750037666875869,0.02496657706797123,-0.014828594401478767,-0.00964313093572855,0.0,0.0,0.0,0.26478861522749797
00004,train,Landsat8,NIR,-64.50735244812665,-10.664908173237874,1496499644152,2017-06-03,0.3392475,0.2901787757873535,0.000750037666875869,0.02496657706797123,-0.014828594401478767,-0.00964313093572855,0.0,0.0,0.0,0.26191687688457105
00004,train,Landsat8,NIR,-64.50735244812665,-10.664908173237874,1496499668085,2017-06-03,0.3413375,0.2901787757873535,0.000750037666875869,0.02496657706797123,-0.014828594401478767,-0.00964313093572855,0.0,0.0,0.0,0.26191680562760156
00004,train,Landsat8,NIR,-64.50735244812665,-10.664908173237874,1497882050455,2017-06-19,0.2778125,0.2901787757873535,0.000750037666875869,0.02496657706797123,-0.014828594401478767,-0.00964313093572855,0.0,0.0,0.0,0.25988969662323835
00004,train,Landsat8,NIR,-64.50735244812665,-10.664908173237874,1497882074380,2017-06-19,0.2752825,0.2901787757873535,0.000750037666875869,0.02496657706797123,-0.014828594401478767,-0.00964313093572855,0.0,0.0,0.0,0.25988970060617084
00004,train,Landsat8,NIR,-64.50735244812665,-10.664908173237874,1498487223209,2017-06-26,0.2586725,0.2901787757873535,0.000750037666875869,0.02496657706797123,-0.014828594401478767,-0.00964313093572855,0.0,0.0,0.0,0.26044527019195945
00004,train,Landsat8,NIR,-64.50735244812665,-10.664908173237874,1499264454168,2017-07-05,0.29071,0.2901787757873535,0.000750037666875869,0.02496657706797123,-0.014828594401478767,-0.00964313093572855,0.0,0.0,0.0,0.262520681214578
00004,train,Landsat8,NIR,-64.50735244812665,-10.664908173237874,1499264478102,2017-07-05,0.28983000000000003,0.2901787757873535,0.000750037666875869,0.02496657706797123,-0.014828594401478767,-0.00964313093572855,0.0,0.0,0.0,0.26252076753602205
00004,train,Landsat8,NIR,-64.50735244812665,-10.664908173237874,1499869625884,2017-07-12,0.2729725,0.2901787757873535,0.000750037666875869,0.02496657706797123,-0.014828594401478767,-0.00964313093572855,0.0,0.0,0.0,0.2651740527618164
00004,train,Landsat8,NIR,-64.50735244812665,-10.664908173237874,1500646859570,2017-07-21,0.294945,0.2901787757873535,0.000750037666875869,0.02496657706797123,-0.014828594401478767,-0.00964313093572855,0.0,0.0,0.0,0.26980803965632977
00004,train,Landsat8,NIR,-64.50735244812665,-10.664908173237874,1500646883504,2017-07-21,0.2937625,0.2901787757873535,0.000750037666875869,0.02496657706797123,-0.014828594401478767,-0.00964313093572855,0.0,0.0,0.0,0.26980820140645045
00004,train,Landsat8,NIR,-64.50735244812665,-10.664908173237874,1501252033785,2017-07-28,0.2806725,0.2901787757873535,0.000750037666875869,0.02496657706797123,-0.014828594401478767,-0.00964313093572855,0.0,0.0,0.0,0.2742451769362423
00004,train,Landsat8,NIR,-64.50735244812665,-10.664908173237874,1502029266718,2017-08-06,0.2972825,0.2901787757873535,0.000750037666875869,0.02496657706797123,-0.014828594401478767,-0.00964313093572855,0.0,0.0,0.0,0.28077386932940174
00004,train,Landsat8,NIR,-64.50735244812665,-10.664908173237874,1502029290647,2017-08-06,0.297145,0.2901787757873535,0.000750037666875869,0.02496657706797123,-0.014828594401478767,-0.00964313093572855,0.0,0.0,0.0,0.2807740805582059
00004,train,Landsat8,NIR,-64.50735244812665,-10.664908173237874,1503411671491,2017-08-22,0.33927500000000005,0.2901787757873535,0.000750037666875869,0.02496657706797123,-0.014828594401478767,-0.00964313093572855,0.0,0.0,0.0,0.29366499728181994
00004,train,Landsat8,NIR,-64.50735244812665,-10.664908173237874,1503411695420,2017-08-22,0.33809249999999996,0.2901787757873535,0.000750037666875869,0.02496657706797123,-0.014828594401478767,-0.00964313093572855,0.0,0.0,0.0,0.29366522486175034
00004,train,Landsat8,NIR,-64.50735244812665,-10.664908173237874,1504016843501,2017-08-29,0.223005,0.2901787757873535,0.000750037666875869,0.02496657706797123,-0.014828594401478767,-0.00964313093572855,0.0,0.0,0.0,0.29937264386827156
00004,train,Landsat8,NIR,-64.50735244812665,-10.664908173237874,1504794073402,2017-09-07,0.3209325,0.2901787757873535,0.000750037666875869,0.02496657706797123,-0.014828594401478767,-0.00964313093572855,0.0,0.0,0.0,0.3063601488028223
00004,train,Landsat8,NIR,-64.50735244812665,-10.664908173237874,1504794097332,2017-09-07,0.32107,0.2901787757873535,0.000750037666875869,0.02496657706797123,-0.014828594401478767,-0.00964313093572855,0.0,0.0,0.0,0.3063603548615043
00004,train,Landsat8,NIR,-64.50735244812665,-10.664908173237874,1507558883170,2017-10-09,0.35203500000000004,0.2901787757873535,0.000750037666875869,0.02496657706797123,-0.014828594401478767,-0.00964313093572855,0.0,0.0,0.0,0.32379639489238515
00004,train,Landsat8,NIR,-64.50735244812665,-10.664908173237874,1507558907095,2017-10-09,0.3511275,0.2901787757873535,0.000750037666875869,0.02496657706797123,-0.014828594401478767,-0.00964313093572855,0.0,0.0,0.0,0.3237964783884827
00004,train,Landsat8,NIR,-64.50735244812665,-10.664908173237874,1508164055195,2017-10-16,0.3094925,0.2901787757873535,0.000750037666875869,0.02496657706797123,-0.014828594401478767,-0.00964313093572855,0.0,0.0,0.0,0.3255314859817639
00004,train,Landsat8,NIR,-64.50735244812665,-10.664908173237874,1516458437705,2018-01-20,0.32591,0.2901787757873535,0.000750037666875869,0.02496657706797123,-0.014828594401478767,-0.00964313093572855,0.0,0.0,0.0,0.30777870192513257
00004,train,Landsat8,NIR,-64.50735244812665,-10.664908173237874,1519223223345,2018-02-21,0.3034425,0.2901787757873535,0.000750037666875869,0.02496657706797123,-0.014828594401478767,-0.00964313093572855,0.0,0.0,0.0,0.302935285023874
00004,train,Landsat8,NIR,-64.50735244812665,-10.664908173237874,1521382839291,2018-03-18,0.34263000000000005,0.2901787757873535,0.000750037666875869,0.02496657706797123,-0.014828594401478767,-0.00964313093572855,0.0,0.0,0.0,0.2970889827334661
00004,train,Landsat8,NIR,-64.50735244812665,-10.664908173237874,1521382863212,2018-03-18,0.3413375,0.2901787757873535,0.000750037666875869,0.02496657706797123,-0.014828594401478767,-0.00964313093572855,0.0,0.0,0.0,0.29708889398450267
00004,train,Landsat8,NIR,-64.50735244812665,-10.664908173237874,1522765232331,2018-04-03,0.30231500000000006,0.2901787757873535,0.000750037666875869,0.02496657706797123,-0.014828594401478767,-0.00964313093572855,0.0,0.0,0.0,0.2910376110050624
00004,train,Landsat8,NIR,-64.50735244812665,-10.664908173237874,1522765256256,2018-04-03,0.30258999999999997,0.2901787757873535,0.000750037666875869,0.02496657706797123,-0.014828594401478767,-0.00964313093572855,0.0,0.0,0.0,0.29103748979243205
00004,train,Landsat8,NIR,-64.50735244812665,-10.664908173237874,1524147622639,2018-04-19,0.35288749999999997,0.2901787757873535,0.000750037666875869,0.02496657706797123,-0.014828594401478767,-0.00964313093572855,0.0,0.0,0.0,0.2832976320364728
00004,train,Landsat8,NIR,-64.50735244812665,-10.664908173237874,1524147646564,2018-04-19,0.3525025,0.2901787757873535,0.000750037666875869,0.02496657706797123,-0.014828594401478767,-0.00964313093572855,0.0,0.0,0.0,0.28329748767767904
00004,train,Landsat8,NIR,-64.50735244812665,-10.664908173237874,1524752790005,2018-04-26,0.22471000000000002,0.2901787757873535,0.000750037666875869,0.02496657706797123,-0.014828594401478767,-0.00964313093572855,0.0,0.0,0.0,0.2795971567224841
00004,train,Landsat8,NIR,-64.50735244812665,-10.664908173237874,1525530014053,2018-05-05,0.3034425,0.2901787757873535,0.000750037666875869,0.02496657706797123,-0.014828594401478767,-0.00964313093572855,0.0,0.0,0.0,0.2748206892485183
00004,train,Landsat8,NIR,-64.50735244812665,-10.664908173237874,1525530037982,2018-05-05,0.303745,0.2901787757873535,0.000750037666875869,0.02496657706797123,-0.014828594401478767,-0.00964313093572855,0.0,0.0,0.0,0.27482054363268904
00004,train,Landsat8,NIR,-64.50735244812665,-10.664908173237874,1526912402666,2018-05-21,0.2783075,0.2901787757873535,0.000750037666875869,0.02496657706797123,-0.014828594401478767,-0.00964313093572855,0.0,0.0,0.0,0.2671341687909131
00004,train,Landsat8,NIR,-64.50735244812665,-10.664908173237874,1526912426595,2018-05-21,0.27929750000000003,0.2901787757873535,0.000750037666875869,0.02496657706797123,-0.014828594401478767,-0.00964313093572855,0.0,0.0,0.0,0.2671340518496296
00004,train,Landsat8,NIR,-64.50735244812665,-10.664908173237874,1527517567643,2018-05-28,0.25122,0.2901787757873535,0.000750037666875869,0.02496657706797123,-0.014828594401478767,-0.00964313093572855,0.0,0.0,0.0,0.26446362486138497
00004,train,Landsat8,NIR,-64.50735244812665,-10.664908173237874,1530282380016,2018-06-29,0.25936,0.2901787757873535,0.000750037666875869,0.02496657706797123,-0.014828594401478767,-0.00964313093572855,0.0,0.0,0.0,0.26171718165302027
00004,train,Landsat8,NIR,-64.50735244812665,-10.664908173237874,1531059613822,2018-07-08,0.27597,0.2901787757873535,0.000750037666875869,0.02496657706797123,-0.014828594401478767,-0.00964313093572855,0.0,0.0,0.0,0.264298852403706
00004,train,Landsat8,NIR,-64.50735244812665,-10.664908173237874,1531059637756,2018-07-08,0.27492500000000003,0.2901787757873535,0.000750037666875869,0.02496657706797123,-0.014828594401478767,-0.00964313093572855,0.0,0.0,0.0,0.2642989535426072
00004,train,Landsat8,NIR,-64.50735244812665,-10.664908173237874,1531664787793,2018-07-15,0.2574625,0.2901787757873535,0.000750037666875869,0.02496657706797123,-0.014828594401478767,-0.00964313093572855,0.0,0.0,0.0,0.2673234376951302
00004,train,Landsat8,NIR,-64.50735244812665,-10.664908173237874,1532442020324,2018-07-24,0.281635,0.2901787757873535,0.000750037666875869,0.02496657706797123,-0.014828594401478767,-0.00964313093572855,0.0,0.0,0.0,0.27237789209038166
00004,train,Landsat8,NIR,-64.50735244812665,-10.664908173237874,1532442044258,2018-07-24,0.2799025,0.2901787757873535,0.000750037666875869,0.02496657706797123,-0.014828594401478767,-0.00964313093572855,0.0,0.0,0.0,0.2723780663812252
00004,train,Landsat8,NIR,-64.50735244812665,-10.664908173237874,1533824429568,2018-08-09,0.18675999999999998,0.2901787757873535,0.000750037666875869,0.02496657706797123,-0.014828594401478767,-0.00964313093572855,0.0,0.0,0.0,0.28385579644190856
00004,train,Landsat8,NIR,-64.50735244812665,-10.664908173237874,1533824453493,2018-08-09,0.18362499999999998,0.2901787757873535,0.000750037666875869,0.02496657706797123,-0.014828594401478767,-0.00964313093572855,0.0,0.0,0.0,0.2838560132412554
00004,train,Landsat8,NIR,-64.50735244812665,-10.664908173237874,1535812010909,2018-09-01,0.3065225,0.2901787757873535,0.000750037666875869,0.02496657706797123,-0.014828594401478767,-0.00964313093572855,0.0,0.0,0.0,0.30251038942426706
00004,train,Landsat8,NIR,-64.50735244812665,-10.664908173237874,1536589242907,2018-09-10,0.340265,0.2901787757873535,0.000750037666875869,0.02496657706797123,-0.014828594401478767,-0.00964313093572855,0.0,0.0,0.0,0.30929961434119474
00004,train,Landsat8,NIR,-64.50735244812665,-10.664908173237874,1536589266832,2018-09-10,0.338505,0.2901787757873535,0.000750037666875869,0.02496657706797123,-0.014828594401478767,-0.00964313093572855,0.0,0.0,0.0,0.3092998108805082
00004,train,Landsat8,NIR,-64.50735244812665,-10.664908173237874,1537194415363,2018-09-17,0.2729175,0.2901787757873535,0.000750037666875869,0.02496657706797123,-0.014828594401478767,-0.00964313093572855,0.0,0.0,0.0,0.3140437562660541
00004,train,Landsat8,NIR,-64.50735244812665,-10.664908173237874,1537971648574,2018-09-26,0.34967,0.2901787757873535,0.000750037666875869,0.02496657706797123,-0.014828594401478767,-0.00964313093572855,0.0,0.0,0.0,0.3192209447127988
00004,train,Landsat8,NIR,-64.50735244812665,-10.664908173237874,1537971672499,2018-09-26,0.349505,0.2901787757873535,0.000750037666875869,0.02496657706797123,-0.014828594401478767,-0.00964313093572855,0.0,0.0,0.0,0.31922108548535166
00004,train,Landsat8,NIR,-64.50735244812665,-10.664908173237874,1539354056101,2018-10-12,0.4246625,0.2901787757873535,0.000750037666875869,0.02496657706797123,-0.014828594401478767,-0.00964313093572855,0.0,0.0,0.0,0.3253874319470731
00004,train,Landsat8,NIR,-64.50735244812665,-10.664908173237874,1539354080030,2018-10-12,0.424745,0.2901787757873535,0.000750037666875869,0.02496657706797123,-0.014828594401478767,-0.00964313093572855,0.0,0.0,0.0,0.3253875025420654
00004,train,Landsat8,NIR,-64.50735244812665,-10.664908173237874,1540736460884,2018-10-28,0.37084500000000004,0.2901787757873535,0.000750037666875869,0.02496657706797123,-0.014828594401478767,-0.00964313093572855,0.0,0.0,0.0,0.3274499773244217
00004,train,Landsat8,NIR,-64.50735244812665,-10.664908173237874,1540736484817,2018-10-28,0.37032250000000005,0.2901787757873535,0.000750037666875869,0.02496657706797123,-0.014828594401478767,-0.00964313093572855,0.0,0.0,0.0,0.3274499783353226
00004,train,Landsat8,NIR,-64.50735244812665,-10.664908173237874,1541341632930,2018-11-04,0.32868749999999997,0.2901787757873535,0.000750037666875869,0.02496657706797123,-0.014828594401478767,-0.00964313093572855,0.0,0.0,0.0,0.3271735210498308
00005,train,Landsat8,NIR,-64.70225022786803,-10.403541485706715,1367159343320,2013-04-28,0.43855000000000005,0.3486175239086151,0.008358358405530453,0.046444375067949295,0.04092049226164818,0.0,0.0,-0.0073511418886482716,-0.003966356161981821,0.34421389888451176
00005,train,Landsat8,NIR,-64.70225022786803,-10.403541485706715,1371306555719,2013-06-15,0.29115,0.3486175239086151,0.008358358405530453,0.046444375067949295,0.04092049226164818,0.0,0.0,-0.0073511418886482716,-0.003966356161981821,0.3041793433813146
00005,train,Landsat8,NIR,-64.70225022786803,-10.403541485706715,1376836158726,2013-08-18,0.2667575,0.3486175239086151,0.008358358405530453,0.046444375067949295,0.04092049226164818,0.0,0.0,-0.0073511418886482716,-0.003966356161981821,0.2720618378126138
00005,train,Landsat8,NIR,-64.70225022786803,-10.403541485706715,1378218559861,2013-09-03,0.28983000000000003,0.3486175239086151,0.008358358405530453,0.046444375067949295,0.04092049226164818,0.0,0.0,-0.0073511418886482716,-0.003966356161981821,0.27147385261706236
00005,train,Landsat8,NIR,-64.70225022786803,-10.403541485706715,1379600953981,2013-09-19,0.289335,0.3486175239086151,0.008358358405530453,0.046444375067949295,0.04092049226164818,0.0,0.0,-0.0073511418886482716,-0.003966356161981821,0.2802525773493969
00005,train,Landsat8,NIR,-64.70225022786803,-10.403541485706715,1382365745849,2013-10-21,0.27514500000000003,0.3486175239086151,0.008358358405530453,0.046444375067949295,0.04092049226164818,0.0,0.0,-0.0073511418886482716,-0.003966356161981821,0.3194200035351038
00005,train,Landsat8,NIR,-64.70225022786803,-10.403541485706715,1401719214648,2014-06-02,0.2816625,0.3486175239086151,0.008358358405530453,0.046444375067949295,0.04092049226164818,0.0,0.0,-0.0073511418886482716,-0.003966356161981821,0.31925813693138816
00005,train,Landsat8,NIR,-64.70225022786803,-10.403541485706715,1403101620341,2014-06-18,0.2779775,0.3486175239086151,0.008358358405530453,0.046444375067949295,0.04092049226164818,0.0,0.0,-0.0073511418886482716,-0.003966356161981821,0.3111815027228435
00005,train,Landsat8,NIR,-64.70225022786803,-10.403541485706715,1404484025941,2014-07-04,0.3520625,0.3486175239086151,0.008358358405530453,0.046444375067949295,0.04092049226164818,0.0,0.0,-0.0073511418886482716,-0.003966356161981821,0.3038866785447692
00005,train,Landsat8,NIR,-64.70225022786803,-10.403541485706715,1407248838225,2014-08-05,0.2908475,0.3486175239086151,0.008358358405530453,0.046444375067949295,0.04092049226164818,0.0,0.0,-0.0073511418886482716,-0.003966356161981821,0.2859453645312766
00005,train,Landsat8,NIR,-64.70225022786803,-10.403541485706715,1408631242184,2014-08-21,0.28851,0.3486175239086151,0.008358358405530453,0.046444375067949295,0.04092049226164818,0.0,0.0,-0.0073511418886482716,-0.003966356161981821,0.27968656975010286
00005,train,Landsat8,NIR,-64.70225022786803,-10.403541485706715,1411396043213,2014-09-22,0.31315,0.3486175239086151,0.008358358405530453,0.046444375067949295,0.04092049226164818,0.0,0.0,-0.0073511418886482716,-0.003966356161981821,0.29130144281668097
00005,train,Landsat8,NIR,-64.70225022786803,-10.403541485706715,1412778449385,2014-10-08,0.30756750000000005,0.3486175239086151,0.008358358405530453,0.046444375067949295,0.04092049226164818,0.0,0.0,-0.0073511418886482716,-0.003966356161981821,0.30989882532145224
00005,train,Landsat8,NIR,-64.70225022786803,-10.403541485706715,1419690441987,2014-12-27,0.308695,0.3486175239086151,0.008358358405530453,0.046444375067949295,0.04092049226164818,0.0,0.0,-0.0073511418886482716,-0.003966356161981821,0.38502093542085924
00005,train,Landsat8,NIR,-64.70225022786803,-10.403541485706715,1427984800373,2015-04-02,0.2594425,0.3486175239086151,0.008358358405530453,0.046444375067949295,0.04092049226164818,0.0,0.0,-0.0073511418886482716,-0.003966356161981821,0.3947430393831574
00005,train,Landsat8,NIR,-64.70225022786803,-10.403541485706715,1432131980278,2015-05-20,0.3076775,0.3486175239086151,0.008358358405530453,0.046444375067949295,0.04092049226164818,0.0,0.0,-0.0073511418886482716,-0.003966356161981821,0.33698359209307616
00005,train,Landsat8,NIR,-64.70225022786803,-10.403541485706715,1433514388572,2015-06-05,0.30646750000000006,0.3486175239086151,0.008358358405530453,0.046444375067949295,0.04092049226164818,0.0,0.0,-0.0073511418886482716,-0.003966356161981821,0.32588873480809527
00005,train,Landsat8,NIR,-64.70225022786803,-10.403541485706715,1434896796488,2015-06-21,0.2893625,0.3486175239086151,0.008358358405530453,0.046444375067949295,0.04092049226164818,0.0,0.0,-0.0073511418886482716,-0.003966356161981821,0.3182073261264545
00005,train,Landsat8,NIR,-64.70225022786803,-10.403541485706715,1437661613141,2015-07-23,0.2896925,0.3486175239086151,0.008358358405530453,0.046444375067949295,0.04092049226164818,0.0,0.0,-0.0073511418886482716,-0.003966356161981821,0.3018016535274003
00005,train,Landsat8,NIR,-64.70225022786803,-10.403541485706715,1439044016101,2015-08-08,0.29307500000000003,0.3486175239086151,0.008358358405530453,0.046444375067949295,0.04092049226164818,0.0,0.0,-0.0073511418886482716,-0.003966356161981821,0.29276464858306417
00005,train,Landsat8,NIR,-64.70225022786803,-10.403541485706715,1440426424196,2015-08-24,0.28108500000000003,0.3486175239086151,0.008358358405530453,0.046444375067949295,0.04092049226164818,0.0,0.0,-0.0073511418886482716,-0.003966356161981821,0.2875750973166925
00005,train,Landsat8,NIR,-64.70225022786803,-10.403541485706715,1441808830373,2015-09-09,0.2940375,0.3486175239086151,0.008358358405530453,0.046444375067949295,0.04092049226164818,0.0,0.0,-0.0073511418886482716,-0.003966356161981821,0.2903389798094581
00005,train,Landsat8,NIR,-64.70225022786803,-10.403541485706715,1443191237327,2015-09-25,0.2815525,0.3486175239086151,0.008358358405530453,0.046444375067949295,0.04092049226164818,0.0,0.0,-0.0073511418886482716,-0.003966356161981821,0.302642185717681
00005,train,Landsat8,NIR,-64.70225022786803,-10.403541485706715,1447338443319,2015-11-12,0.3424375,0.3486175239086151,0.008358358405530453,0.046444375067949295,0.04092049226164818,0.0,0.0,-0.0073511418886482716,-0.003966356161981821,0.3636048089939654
00005,train,Landsat8,NIR,-64.70225022786803,-10.403541485706715,1450103245171,2015-12-14,0.30289249999999995,0.3486175239086151,0.008358358405530453,0.046444375067949295,0.04092049226164818,0.0,0.0,-0.0073511418886482716,-0.003966356161981821,0.38696419945144894
00005,train,Landsat8,NIR,-64.70225022786803,-10.403541485706715,1457015230866,2016-03-03,0.39565,0.3486175239086151,0.008358358405530453,0.046444375067949295,0.04092049226164818,0.0,0.0,-0.0073511418886482716,-0.003966356161981821,0.4237102757371775
00005,train,Landsat8,NIR,-64.70225022786803,-10.403541485706715,1459780015959,2016-04-04,0.440475,0.3486175239086151,0.008358358405530453,0.046444375067949295,0.04092049226164818,0.0,0.0,-0.0073511418886482716,-0.003966356161981821,0.39982983105274805
00005,train,Landsat8,NIR,-64.70225022786803,-10.403541485706715,1462544813364,2016-05-06,0.316505,0.3486175239086151,0.008358358405530453,0.046444375067949295,0.04092049226164818,0.0,0.0,-0.0073511418886482716,-0.003966356161981821,0.3587364791286336
00005,train,Landsat8,NIR,-64.70225022786803,-10.403541485706715,1463927214080,2016-05-22,0.33264750000000004,0.3486175239086151,0.008358358405530453,0.046444375067949295,0.04092049226164818,0.0,0.0,-0.0073511418886482716,-0.003966356161981821,0.34318323761704833
00005,train,Landsat8,NIR,-64.70225022786803,-10.403541485706715,1465309618585,2016-06-07,0.3740075,0.3486175239086151,0.008358358405530453,0.046444375067949295,0.04092049226164818,0.0,0.0,-0.0073511418886482716,-0.003966356161981821,0.33286826276882453
00005,train,Landsat8,NIR,-64.70225022786803,-10.403541485706715,1466692023968,2016-06-23,0.3560775,0.3486175239086151,0.008358358405530453,0.046444375067949295,0.04092049226164818,0.0,0.0,-0.0073511418886482716,-0.003966356161981821,0.3254486551708205
00005,train,Landsat8,NIR,-64.70225022786803,-10.403541485706715,1468074432444,2016-07-09,0.33383,0.3486175239086151,0.008358358405530453,0.046444375067949295,0.04092049226164818,0.0,0.0,-0.0073511418886482716,-0.003966356161981821,0.3178193985883735
00005,train,Landsat8,NIR,-64.70225022786803,-10.403541485706715,1469456837478,2016-07-25,0.31161,0.3486175239086151,0.008358358405530453,0.046444375067949295,0.04092049226164818,0.0,0.0,-0.0073511418886482716,-0.003966356161981821,0.30871240723898385
00005,train,Landsat8,NIR,-64.70225022786803,-10.403541485706715,1472221646628,2016-08-26,0.295605,0.3486175239086151,0.008358358405530453,0.046444375067949295,0.04092049226164818,0.0,0.0,-0.0073511418886482716,-0.003966356161981821,0.29576479270417344
00005,train,Landsat8,NIR,-64.70225022786803,-10.403541485706715,1474986451323,2016-09-27,0.32073999999999997,0.3486175239086151,0.008358358405530453,0.046444375067949295,0.04092049226164818,0.0,0.0,-0.0073511418886482716,-0.003966356161981821,0.31342645833513183
00005,train,Landsat8,NIR,-64.70225022786803,-10.403541485706715,1495722410216,2017-05-25,0.47264999999999996,0.3486175239086151,0.008358358405530453,0.046444375067949295,0.04092049226164818,0.0,0.0,-0.0073511418886482716,-0.003966356161981821,0.34969396338287967
00005,train,Landsat8,NIR,-64.70225022786803,-10.403541485706715,1498487223209,2017-06-26,0.31768749999999996,0.3486175239086151,0.008358358405530453,0.046444375067949295,0.04092049226164818,0.0,0.0,-0.0073511418886482716,-0.003966356161981821,0.332701439269259
00005,train,Landsat8,NIR,-64.70225022786803,-10.403541485706715,1499869625884,2017-07-12,0.3050375,0.3486175239086151,0.008358358405530453,0.046444375067949295,0.04092049226164818,0.0,0.0,-0.0073511418886482716,-0.003966356161981821,0.32482797033170757
00005,train,Landsat8,NIR,-64.70225022786803,-10.403541485706715,1501252033785,2017-07-28,0.323985,0.3486175239086151,0.008358358405530453,0.046444375067949295,0.04092049226164818,0.0,0.0,-0.0073511418886482716,-0.003966356161981821,0.31555267422386474
00005,train,Landsat8,NIR,-64.70225022786803,-10.403541485706715,1502634439904,2017-08-13,0.3276425,0.3486175239086151,0.008358358405530453,0.046444375067949295,0.04092049226164818,0.0,0.0,-0.0073511418886482716,-0.003966356161981821,0.30722928140984007
00005,train,Landsat8,NIR,-64.70225022786803,-10.403541485706715,1506781651389,2017-09-30,0.3392475,0.3486175239086151,0.008358358405530453,0.046444375067949295,0.04092049226164818,0.0,0.0,-0.0073511418886482716,-0.003966356161981821,0.3249089711762685
00005,train,Landsat8,NIR,-64.70225022786803,-10.403541485706715,1508164055195,2017-10-16,0.34802000000000005,0.3486175239086151,0.008358358405530453,0.046444375067949295,0.04092049226164818,0.0,0.0,-0.0073511418886482716,-0.003966356161981821,0.34590128427731814
00005,train,Landsat8,NIR,-64.70225022786803,-10.403541485706715,1516458437705,2018-01-20,0.2872175,0.3486175239086151,0.008358358405530453,0.046444375067949295,0.04092049226164818,0.0,0.0,-0.0073511418886482716,-0.003966356161981821,0.42381241350356696
00005,train,Landsat8,NIR,-64.70225022786803,-10.403541485706715,1524752790005,2018-04-26,0.32514000000000004,0.3486175239086151,0.008358358405530453,0.046444375067949295,0.04092049226164818,0.0,0.0,-0.0073511418886482716,-0.003966356161981821,0.388599459713426
00005,train,Landsat8,NIR,-64.70225022786803,-10.403541485706715,1526135180249,2018-05-12,0.40175500000000003,0.3486175239086151,0.008358358405530453,0.046444375067949295,0.04092049226164818,0.0,0.0,-0.0073511418886482716,-0.003966356161981821,0.36962253406712453
00005,train,Landsat8,NIR,-64.70225022786803,-10.403541485706715,1527517567643,2018-05-28,0.41872250000000005,0.3486175239086151,0.008358358405530453,0.046444375067949295,0.04092049226164818,0.0,0.0,-0.0073511418886482716,-0.003966356161981821,0.3559014554524456
00005,train,Landsat8,NIR,-64.70225022786803,-10.403541485706715,1530282380016,2018-06-29,0.30193,0.3486175239086151,0.008358358405530453,0.046444375067949295,0.04092049226164818,0.0,0.0,-0.0073511418886482716,-0.003966356161981821,0.3396943677890083
00005,train,Landsat8,NIR,-64.70225022786803,-10.403541485706715,1531664787793,2018-07-15,0.30754,0.3486175239086151,0.008358358405530453,0.046444375067949295,0.04092049226164818,0.0,0.0,-0.0073511418886482716,-0.003966356161981821,0.33152505364043056
00005,train,Landsat8,NIR,-64.70225022786803,-10.403541485706715,1535812010909,2018-09-01,0.2768225,0.3486175239086151,0.008358358405530453,0.046444375067949295,0.04092049226164818,0.0,0.0,-0.0073511418886482716,-0.003966356161981821,0.31285399924020435
00005,train,Landsat8,NIR,-64.70225022786803,-10.403541485706715,1537194415363,2018-09-17,0.3189525,0.3486175239086151,0.008358358405530453,0.046444375067949295,0.04092049226164818,0.0,0.0,-0.0073511418886482716,-0.003966356161981821,0.32042167990061765
00005,train,Landsat8,NIR,-64.70225022786803,-10.403541485706715,1541341632930,2018-11-04,0.35940500000000003,0.3486175239086151,0.008358358405530453,0.046444375067949295,0.04092049226164818,0.0,0.0,-0.0073511418886482716,-0.003966356161981821,0.3796218237961987
00006,train,Landsat8,NIR,-64.88627048180022,-10.572005311190475,1371306555719,2013-06-15,0.27586,0.29151177406311035,0.001727604540064931,0.03612876683473587,0.0,-0.0003943603369407356,-0.004570026881992817,0.0,0.0,0.2659304314278004
00006,train,Landsat8,NIR,-64.88627048180022,-10.572005311190475,1374071355805,2013-07-17,0.2619175,0.29151177406311035,0.001727604540064931,0.03612876683473587,0.0,-0.0003943603369407356,-0.004570026881992817,0.0,0.0,0.2609841427022055
00006,train,Landsat8,NIR,-64.88627048180022,-10.572005311190475,1375453757871,2013-08-02,0.267885,0.29151177406311035,0.001727604540064931,0.03612876683473587,0.0,-0.0003943603369407356,-0.004570026881992817,0.0,0.0,0.26331496947444666
00006,train,Landsat8,NIR,-64.88627048180022,-10.572005311190475,1376836158726,2013-08-18,0.2714325,0.29151177406311035,0.001727604540064931,0.03612876683473587,0.0,-0.0003943603369407356,-0.004570026881992817,0.0,0.0,0.2692305861349644
00006,train,Landsat8,NIR,-64.88627048180022,-10.572005311190475,1378218559861,2013-09-03,0.29722750000000003,0.29151177406311035,0.001727604540064931,0.03612876683473587,0.0,-0.0003943603369407356,-0.004570026881992817,0.0,0.0,0.27836667176096463
00006,train,Landsat8,NIR,-64.88627048180022,-10.572005311190475,1379600953981,2013-09-19,0.2932675,0.29151177406311035,0.001727604540064931,0.03612876683473587,0.0,-0.0003943603369407356,-0.004570026881992817,0.0,0.0,0.28981970666507895
00006,train,Landsat8,NIR,-64.88627048180022,-10.572005311190475,1382365745849,2013-10-21,0.3316575,0.29151177406311035,0.001727604540064931,0.03612876683473587,0.0,-0.0003943603369407356,-0.004570026881992817,0.0,0.0,0.31426646422038845
00006,train,Landsat8,NIR,-64.88627048180022,-10.572005311190475,1403101620341,2014-06-18,0.25276,0.29151177406311035,0.001727604540064931,0.03612876683473587,0.0,-0.0003943603369407356,-0.004570026881992817,0.0,0.0,0.2667563027663776
00006,train,Landsat8,NIR,-64.88627048180022,-10.572005311190475,1405866430046,2014-07-20,0.235105,0.29151177406311035,0.001727604540064931,0.03612876683473587,0.0,-0.0003943603369407356,-0.004570026881992817,0.0,0.0,0.26287698756048916
00006,train,Landsat8,NIR,-64.88627048180022,-10.572005311190475,1407248838225,2014-08-05,0.25628,0.29151177406311035,0.001727604540064931,0.03612876683473587,0.0,-0.0003943603369407356,-0.004570026881992817,0.0,0.0,0.2658814235116148
00006,train,Landsat8,NIR,-64.88627048180022,-10.572005311190475,1408631242184,2014-08-21,0.31092250000000005,0.29151177406311035,0.001727604540064931,0.03612876683473587,0.0,-0.0003943603369407356,-0.004570026881992817,0.0,0.0,0.2724454718703049
00006,train,Landsat8,NIR,-64.88627048180022,-10.572005311190475,1410013645475,2014-09-06,0.2867225,0.29151177406311035,0.001727604540064931,0.03612876683473587,0.0,-0.0003943603369407356,-0.004570026881992817,0.0,0.0,0.2820995916141908
00006,train,Landsat8,NIR,-64.88627048180022,-10.572005311190475,1411396043213,2014-09-22,0.29379,0.29151177406311035,0.001727604540064931,0.03612876683473587,0.0,-0.0003943603369407356,-0.004570026881992817,0.0,0.0,0.29385005857966096
00006,train,Landsat8,NIR,-64.88627048180022,-10.572005311190475,1412778449385,2014-10-08,0.31964,0.29151177406311035,0.001727604540064931,0.03612876683473587,0.0,-0.0003943603369407356,-0.004570026881992817,0.0,0.0,0.30633555771328813
00006,train,Landsat8,NIR,-64.88627048180022,-10.572005311190475,1419690441987,2014-12-27,0.3711475,0.29151177406311035,0.001727604540064931,0.03612876683473587,0.0,-0.0003943603369407356,-0.004570026881992817,0.0,0.0,0.3373353757944727
00006,train,Landsat8,NIR,-64.88627048180022,-10.572005311190475,1422455234791,2015-01-28,0.3213725,0.29151177406311035,0.001727604540064931,0.03612876683473587,0.0,-0.0003943603369407356,-0.004570026881992817,0.0,0.0,0.3293414069132512
00006,train,Landsat8,NIR,-64.88627048180022,-10.572005311190475,1425220023523,2015-03-01,0.31502,0.29151177406311035,0.001727604540064931,0.03612876683473587,0.0,-0.0003943603369407356,-0.004570026881992817,0.0,0.0,0.3161686074047663
00006,train,Landsat8,NIR,-64.88627048180022,-10.572005311190475,1427984800373,2015-04-02,0.32151,0.29151177406311035,0.001727604540064931,0.03612876683473587,0.0,-0.0003943603369407356,-0.004570026881992817,0.0,0.0,0.3016959797759815
00006,train,Landsat8,NIR,-64.88627048180022,-10.572005311190475,1432131980278,2015-05-20,0.26739,0.29151177406311035,0.001727604540064931,0.03612876683473587,0.0,-0.0003943603369407356,-0.004570026881992817,0.0,0.0,0.27948777912129635
00006,train,Landsat8,NIR,-64.88627048180022,-10.572005311190475,1433514388572,2015-06-05,0.2607075,0.29151177406311035,0.001727604540064931,0.03612876683473587,0.0,-0.0003943603369407356,-0.004570026881992817,0.0,0.0,0.2728591128616343
00006,train,Landsat8,NIR,-64.88627048180022,-10.572005311190475,1434896796488,2015-06-21,0.273935,0.29151177406311035,0.001727604540064931,0.03612876683473587,0.0,-0.0003943603369407356,-0.004570026881992817,0.0,0.0,0.2676566431985379
00006,train,Landsat8,NIR,-64.88627048180022,-10.572005311190475,1437661613141,2015-07-23,0.27124,0.29151177406311035,0.001727604540064931,0.03612876683473587,0.0,-0.0003943603369407356,-0.004570026881992817,0.0,0.0,0.26489360362322356
00006,train,Landsat8,NIR,-64.88627048180022,-10.572005311190475,1439044016101,2015-08-08,0.2970075,0.29151177406311035,0.001727604540064931,0.03612876683473587,0.0,-0.0003943603369407356,-0.004570026881992817,0.0,0.0,0.26857510839505455
00006,train,Landsat8,NIR,-64.88627048180022,-10.572005311190475,1440426424196,2015-08-24,0.2984375,0.29151177406311035,0.001727604540064931,0.03612876683473587,0.0,-0.0003943603369407356,-0.004570026881992817,0.0,0.0,0.2757712477586109
00006,train,Landsat8,NIR,-64.88627048180022,-10.572005311190475,1441808830373,2015-09-09,0.30580749999999995,0.29151177406311035,0.001727604540064931,0.03612876683473587,0.0,-0.0003943603369407356,-0.004570026881992817,0.0,0.0,0.28590782329162695
00006,train,Landsat8,NIR,-64.88627048180022,-10.572005311190475,1443191237327,2015-09-25,0.3346275,0.29151177406311035,0.001727604540064931,0.03612876683473587,0.0,-0.0003943603369407356,-0.004570026881992817,0.0,0.0,0.2979073167504632
00006,train,Landsat8,NIR,-64.88627048180022,-10.572005311190475,1447338443319,2015-11-12,0.34348249999999997,0.29151177406311035,0.001727604540064931,0.03612876683473587,0.0,-0.0003943603369407356,-0.004570026881992817,0.0,0.0,0.33094297835130077
00006,train,Landsat8,NIR,-64.88627048180022,-10.572005311190475,1450103245171,2015-12-14,0.3022875,0.29151177406311035,0.001727604540064931,0.03612876683473587,0.0,-0.0003943603369407356,-0.004570026881992817,0.0,0.0,0.33944834157341897
00006,train,Landsat8,NIR,-64.88627048180022,-10.572005311190475,1461162410083,2016-04-20,0.31768749999999996,0.29151177406311035,0.001727604540064931,0.03612876683473587,0.0,-0.0003943603369407356,-0.004570026881992817,0.0,0.0,0.2947444139802101
00006,train,Landsat8,NIR,-64.88627048180022,-10.572005311190475,1462544813364,2016-05-06,0.35588500000000006,0.29151177406311035,0.001727604540064931,0.03612876683473587,0.0,-0.0003943603369407356,-0.004570026881992817,0.0,0.0,0.28728842174047853
00006,train,Landsat8,NIR,-64.88627048180022,-10.572005311190475,1465309618585,2016-06-07,0.2829275,0.29151177406311035,0.001727604540064931,0.03612876683473587,0.0,-0.0003943603369407356,-0.004570026881992817,0.0,0.0,0.2736340724755387
00006,train,Landsat8,NIR,-64.88627048180022,-10.572005311190475,1466692023968,2016-06-23,0.271515,0.29151177406311035,0.001727604540064931,0.03612876683473587,0.0,-0.0003943603369407356,-0.004570026881992817,0.0,0.0,0.268750765568998
00006,train,Landsat8,NIR,-64.88627048180022,-10.572005311190475,1468074432444,2016-07-09,0.2814975,0.29151177406311035,0.001727604540064931,0.03612876683473587,0.0,-0.0003943603369407356,-0.004570026881992817,0.0,0.0,0.2662769058589654
00006,train,Landsat8,NIR,-64.88627048180022,-10.572005311190475,1469456837478,2016-07-25,0.28512750000000003,0.29151177406311035,0.001727604540064931,0.03612876683473587,0.0,-0.0003943603369407356,-0.004570026881992817,0.0,0.0,0.26694789699297616
00006,train,Landsat8,NIR,-64.88627048180022,-10.572005311190475,1472221646628,2016-08-26,0.2766575,0.29151177406311035,0.001727604540064931,0.03612876683473587,0.0,-0.0003943603369407356,-0.004570026881992817,0.0,0.0,0.2788233518072
00006,train,Landsat8,NIR,-64.88627048180022,-10.572005311190475,1473604050990,2016-09-11,0.25914,0.29151177406311035,0.001727604540064931,0.03612876683473587,0.0,-0.0003943603369407356,-0.004570026881992817,0.0,0.0,0.2892795556585505
00006,train,Landsat8,NIR,-64.88627048180022,-10.572005311190475,1474986451323,2016-09-27,0.28873,0.29151177406311035,0.001727604540064931,0.03612876683473587,0.0,-0.0003943603369407356,-0.004570026881992817,0.0,0.0,0.30140201467619915
00006,train,Landsat8,NIR,-64.88627048180022,-10.572005311190475,1476368856821,2016-10-13,0.32063,0.29151177406311035,0.001727604540064931,0.03612876683473587,0.0,-0.0003943603369407356,-0.004570026881992817,0.0,0.0,0.3137700382042924
00006,train,Landsat8,NIR,-64.88627048180022,-10.572005311190475,1479133657547,2016-11-14,0.4038725,0.29151177406311035,0.001727604540064931,0.03612876683473587,0.0,-0.0003943603369407356,-0.004570026881992817,0.0,0.0,0.333662240077859
00006,train,Landsat8,NIR,-64.88627048180022,-10.572005311190475,1487428032820,2017-02-18,0.31755000000000005,0.29151177406311035,0.001727604540064931,0.03612876683473587,0.0,-0.0003943603369407356,-0.004570026881992817,0.0,0.0,0.3244157585047783
00006,train,Landsat8,NIR,-64.88627048180022,-10.572005311190475,1495722410216,2017-05-25,0.283395,0.29151177406311035,0.001727604540064931,0.03612876683473587,0.0,-0.0003943603369407356,-0.004570026881992817,0.0,0.0,0.2807673551455386
00006,train,Landsat8,NIR,-64.88627048180022,-10.572005311190475,1498487223209,2017-06-26,0.2690675,0.29151177406311035,0.001727604540064931,0.03612876683473587,0.0,-0.0003943603369407356,-0.004570026881992817,0.0,0.0,0.2699153234922311
00006,train,Landsat8,NIR,-64.88627048180022,-10.572005311190475,1499869625884,2017-07-12,0.277785,0.29151177406311035,0.001727604540064931,0.03612876683473587,0.0,-0.0003943603369407356,-0.004570026881992817,0.0,0.0,0.26788620674038977
00006,train,Landsat8,NIR,-64.88627048180022,-10.572005311190475,1501252033785,2017-07-28,0.264805,0.29151177406311035,0.001727604540064931,0.03612876683473587,0.0,-0.0003943603369407356,-0.004570026881992817,0.0,0.0,0.2691099821612009
00006,train,Landsat8,NIR,-64.88627048180022,-10.572005311190475,1504016843501,2017-08-29,0.2834775,0.29151177406311035,0.001727604540064931,0.03612876683473587,0.0,-0.0003943603369407356,-0.004570026881992817,0.0,0.0,0.28212017641747456
00006,train,Landsat8,NIR,-64.88627048180022,-10.572005311190475,1506781651389,2017-09-30,0.32703750000000004,0.29151177406311035,0.001727604540064931,0.03612876683473587,0.0,-0.0003943603369407356,-0.004570026881992817,0.0,0.0,0.3052768537929323
00006,train,Landsat8,NIR,-64.88627048180022,-10.572005311190475,1508164055195,2017-10-16,0.32739500000000005,0.29151177406311035,0.001727604540064931,0.03612876683473587,0.0,-0.0003943603369407356,-0.004570026881992817,0.0,0.0,0.31756981124043193
00006,train,Landsat8,NIR,-64.88627048180022,-10.572005311190475,1524752790005,2018-04-26,0.36798500000000006,0.29151177406311035,0.001727604540064931,0.03612876683473587,0.0,-0.0003943603369407356,-0.004570026881992817,0.0,0.0,0.2957180729553612
00006,train,Landsat8,NIR,-64.88627048180022,-10.572005311190475,1526135180249,2018-05-12,0.27649250000000003,0.29151177406311035,0.001727604540064931,0.03612876683473587,0.0,-0.0003943603369407356,-0.004570026881992817,0.0,0.0,0.28827760604589864
00006,train,Landsat8,NIR,-64.88627048180022,-10.572005311190475,1527517567643,2018-05-28,0.2498725,0.29151177406311035,0.001727604540064931,0.03612876683473587,0.0,-0.0003943603369407356,-0.004570026881992817,0.0,0.0,0.28122955173542535
00006,train,Landsat8,NIR,-64.88627048180022,-10.572005311190475,1530282380016,2018-06-29,0.24176000000000003,0.29151177406311035,0.001727604540064931,0.03612876683473587,0.0,-0.0003943603369407356,-0.004570026881992817,0.0,0.0,0.27104350203663163
00006,train,Landsat8,NIR,-64.88627048180022,-10.572005311190475,1531664787793,2018-07-15,0.2531725,0.29151177406311035,0.001727604540064931,0.03612876683473587,0.0,-0.0003943603369407356,-0.004570026881992817,0.0,0.0,0.2695792322818229
00006,train,Landsat8,NIR,-64.88627048180022,-10.572005311190475,1535812010909,2018-09-01,0.293515,0.29151177406311035,0.001727604540064931,0.03612876683473587,0.0,-0.0003943603369407356,-0.004570026881992817,0.0,0.0,0.28571165017254935
00006,train,Landsat8,NIR,-64.88627048180022,-10.572005311190475,1537194415363,2018-09-17,0.30099499999999996,0.29151177406311035,0.001727604540064931,0.03612876683473587,0.0,-0.0003943603369407356,-0.004570026881992817,0.0,0.0,0.29694014766770616
00007,train,Landsat8,NIR,-64.28898284125457,-10.381599204373423,1372083782511,2013-06-24,0.3628425,0.2927631437778473,-0.0022180918604135513,0.0008118487312458456,-0.011074249632656574,0.0,0.0,0.0,0.000780935341026634,0.27813645771534684
00007,train,Landsat8,NIR,-64.28898284125457,-10.381599204373423,1373466186063,2013-07-10,0.2755575,0.2927631437778473,-0.0022180918604135513,0.0008118487312458456,-0.011074249632656574,0.0,0.0,0.0,0.000780935341026634,0.2804530914822105
00007,train,Landsat8,NIR,-64.28898284125457,-10.381599204373423,1374848585541,2013-07-26,0.29420250000000003,0.2927631437778473,-0.0022180918604135513,0.0008118487312458456,-0.011074249632656574,0.0,0.0,0.0,0.000780935341026634,0.2829188315893929
00007,train,Landsat8,NIR,-64.28898284125457,-10.381599204373423,1376230987226,2013-08-11,0.27872,0.2927631437778473,-0.0022180918604135513,0.0008118487312458456,-0.011074249632656574,0.0,0.0,0.0,0.000780935341026634,0.2855810800249591
00007,train,Landsat8,NIR,-64.28898284125457,-10.381599204373423,1377613389619,2013-08-27,0.307815,0.2927631437778473,-0.0022180918604135513,0.0008118487312458456,-0.011074249632656574,0.0,0.0,0.0,0.000780935341026634,0.28820083183899975
00007,train,Landsat8,NIR,-64.28898284125457,-10.381599204373423,1378995786459,2013-09-12,0.3691125,0.2927631437778473,-0.0022180918604135513,0.0008118487312458456,-0.011074249632656574,0.0,0.0,0.0,0.000780935341026634,0.2902906820435883
00007,train,Landsat8,NIR,-64.28898284125457,-10.381599204373423,1380378178872,2013-09-28,0.3184575,0.2927631437778473,-0.0022180918604135513,0.0008118487312458456,-0.011074249632656574,0.0,0.0,0.0,0.000780935341026634,0.29133379825444206
00007,train,Landsat8,NIR,-64.28898284125457,-10.381599204373423,1402496448271,2014-06-11,0.273715,0.2927631437778473,-0.0022180918604135513,0.0008118487312458456,-0.011074249632656574,0.0,0.0,0.0,0.000780935341026634,0.27402284945500954
00007,train,Landsat8,NIR,-64.28898284125457,-10.381599204373423,1403878849774,2014-06-27,0.2741825,0.2927631437778473,-0.0022180918604135513,0.0008118487312458456,-0.011074249632656574,0.0,0.0,0.0,0.000780935341026634,0.2763494327318624
00007,train,Landsat8,NIR,-64.28898284125457,-10.381599204373423,1405261258705,2014-07-13,0.2827075,0.2927631437778473,-0.0022180918604135513,0.0008118487312458456,-0.011074249632656574,0.0,0.0,0.0,0.000780935341026634,0.27868125726605397
00007,train,Landsat8,NIR,-64.28898284125457,-10.381599204373423,1406643663023,2014-07-29,0.300445,0.2927631437778473,-0.0022180918604135513,0.0008118487312458456,-0.011074249632656574,0.0,0.0,0.0,0.000780935341026634,0.2811876883576848
00007,train,Landsat8,NIR,-64.28898284125457,-10.381599204373423,1408026070355,2014-08-14,0.2962925,0.2927631437778473,-0.0022180918604135513,0.0008118487312458456,-0.011074249632656574,0.0,0.0,0.0,0.000780935341026634,0.283869495299499
00007,train,Landsat8,NIR,-64.28898284125457,-10.381599204373423,1409408471887,2014-08-30,0.299565,0.2927631437778473,-0.0022180918604135513,0.0008118487312458456,-0.011074249632656574,0.0,0.0,0.0,0.000780935341026634,0.2864316918759293
00007,train,Landsat8,NIR,-64.28898284125457,-10.381599204373423,1412173276458,2014-10-01,0.3223075,0.2927631437778473,-0.0022180918604135513,0.0008118487312458456,-0.011074249632656574,0.0,0.0,0.0,0.000780935341026634,0.28916571955403547
00007,train,Landsat8,NIR,-64.28898284125457,-10.381599204373423,1413555680889,2014-10-17,0.3428775,0.2927631437778473,-0.0022180918604135513,0.0008118487312458456,-0.011074249632656574,0.0,0.0,0.0,0.000780935341026634,0.28863260813411784
00007,train,Landsat8,NIR,-64.28898284125457,-10.381599204373423,1419085274286,2014-12-20,0.37431,0.2927631437778473,-0.0022180918604135513,0.0008118487312458456,-0.011074249632656574,0.0,0.0,0.0,0.000780935341026634,0.2793489100737052
00007,train,Landsat8,NIR,-64.28898284125457,-10.381599204373423,1425997245260,2015-03-10,0.30275500000000005,0.2927631437778473,-0.0022180918604135513,0.0008118487312458456,-0.011074249632656574,0.0,0.0,0.0,0.000780935341026634,0.2661012839411132
00007,train,Landsat8,NIR,-64.28898284125457,-10.381599204373423,1434291623616,2015-06-14,0.289335,0.2927631437778473,-0.0022180918604135513,0.0008118487312458456,-0.011074249632656574,0.0,0.0,0.0,0.000780935341026634,0.27224796686992053
00007,train,Landsat8,NIR,-64.28898284125457,-10.381599204373423,1435674030515,2015-06-30,0.2990425,0.2927631437778473,-0.0022180918604135513,0.0008118487312458456,-0.011074249632656574,0.0,0.0,0.0,0.000780935341026634,0.274562564952654
00007,train,Landsat8,NIR,-64.28898284125457,-10.381599204373423,1437056440104,2015-07-16,0.306935,0.2927631437778473,-0.0022180918604135513,0.0008118487312458456,-0.011074249632656574,0.0,0.0,0.0,0.000780935341026634,0.2769162781386442
00007,train,Landsat8,NIR,-64.28898284125457,-10.381599204373423,1438438843901,2015-08-01,0.315845,0.2927631437778473,-0.0022180918604135513,0.0008118487312458456,-0.011074249632656574,0.0,0.0,0.0,0.000780935341026634,0.2794635598714542
00007,train,Landsat8,NIR,-64.28898284125457,-10.381599204373423,1441203655474,2015-09-02,0.32104249999999995,0.2927631437778473,-0.0022180918604135513,0.0008118487312458456,-0.011074249632656574,0.0,0.0,0.0,0.000780935341026634,0.2846401622979614
00007,train,Landsat8,NIR,-64.28898284125457,-10.381599204373423,1442586064130,2015-09-18,0.3157625,0.2927631437778473,-0.0022180918604135513,0.0008118487312458456,-0.011074249632656574,0.0,0.0,0.0,0.000780935341026634,0.286390715145627
00007,train,Landsat8,NIR,-64.28898284125457,-10.381599204373423,1443968467861,2015-10-04,0.3430975,0.2927631437778473,-0.0022180918604135513,0.0008118487312458456,-0.011074249632656574,0.0,0.0,0.0,0.000780935341026634,0.2869497189729146
00007,train,Landsat8,NIR,-64.28898284125457,-10.381599204373423,1445350869778,2015-10-20,0.3332525,0.2927631437778473,-0.0022180918604135513,0.0008118487312458456,-0.011074249632656574,0.0,0.0,0.0,0.000780935341026634,0.2861738367797043
00007,train,Landsat8,NIR,-64.28898284125457,-10.381599204373423,1446733273653,2015-11-05,0.39284500000000006,0.2927631437778473,-0.0022180918604135513,0.0008118487312458456,-0.011074249632656574,0.0,0.0,0.0,0.000780935341026634,0.28430395307748385
00007,train,Landsat8,NIR,-64.28898284125457,-10.381599204373423,1455027666353,2016-02-09,0.3175225,0.2927631437778473,-0.0022180918604135513,0.0008118487312458456,-0.011074249632656574,0.0,0.0,0.0,0.000780935341026634,0.2686659784687417
00007,train,Landsat8,NIR,-64.28898284125457,-10.381599204373423,1457792457696,2016-03-12,0.353025,0.2927631437778473,-0.0022180918604135513,0.0008118487312458456,-0.011074249632656574,0.0,0.0,0.0,0.000780935341026634,0.26353773707165623
00007,train,Landsat8,NIR,-64.28898284125457,-10.381599204373423,1461939641701,2016-04-29,0.28312,0.2927631437778473,-0.0022180918604135513,0.0008118487312458456,-0.011074249632656574,0.0,0.0,0.0,0.000780935341026634,0.2635307775543927
00007,train,Landsat8,NIR,-64.28898284125457,-10.381599204373423,1466086848499,2016-06-16,0.2498725,0.2927631437778473,-0.0022180918604135513,0.0008118487312458456,-0.011074249632656574,0.0,0.0,0.0,0.000780935341026634,0.270402372502999
00007,train,Landsat8,NIR,-64.28898284125457,-10.381599204373423,1467469258263,2016-07-02,0.24475750000000002,0.2927631437778473,-0.0022180918604135513,0.0008118487312458456,-0.011074249632656574,0.0,0.0,0.0,0.000780935341026634,0.27270454308961933
00007,train,Landsat8,NIR,-64.28898284125457,-10.381599204373423,1468851664930,2016-07-18,0.24734250000000002,0.2927631437778473,-0.0022180918604135513,0.0008118487312458456,-0.011074249632656574,0.0,0.0,0.0,0.000780935341026634,0.2750742023132748
00007,train,Landsat8,NIR,-64.28898284125457,-10.381599204373423,1470234068097,2016-08-03,0.2476175,0.2927631437778473,-0.0022180918604135513,0.0008118487312458456,-0.011074249632656574,0.0,0.0,0.0,0.000780935341026634,0.2776470812196214
00007,train,Landsat8,NIR,-64.28898284125457,-10.381599204373423,1482675680843,2016-12-25,0.1843125,0.2927631437778473,-0.0022180918604135513,0.0008118487312458456,-0.011074249632656574,0.0,0.0,0.0,0.000780935341026634,0.2741286599333184
00007,train,Landsat8,NIR,-64.28898284125457,-10.381599204373423,1485440471964,2017-01-26,0.24714999999999998,0.2558414041996002,-0.02497832290828228,-0.0931781455874443,0.08447824418544769,0.012568451464176178,0.0011111791245639324,0.0,0.0,0.2465530837908159
00007,train,Landsat8,NIR,-64.28898284125457,-10.381599204373423,1492352433206,2017-04-16,0.420125,0.2558414041996002,-0.02497832290828228,-0.0931781455874443,0.08447824418544769,0.012568451464176178,0.0011111791245639324,0.0,0.0,0.37357411813466646
00007,train,Landsat8,NIR,-64.28898284125457,-10.381599204373423,1493734822810,2017-05-02,0.38899500000000004,0.2558414041996002,-0.02497832290828228,-0.0931781455874443,0.08447824418544769,0.012568451464176178,0.0011111791245639324,0.0,0.0,0.39180988022045465
00007,train,Landsat8,NIR,-64.28898284125457,-10.381599204373423,1497882050455,2017-06-19,0.42045499999999997,0.2558414041996002,-0.02497832290828228,-0.0931781455874443,0.08447824418544769,0.012568451464176178,0.0011111791245639324,0.0,0.0,0.3964630421441253
00007,train,Landsat8,NIR,-64.28898284125457,-10.381599204373423,1499264454168,2017-07-05,0.39730000000000004,0.2558414041996002,-0.02497832290828228,-0.0931781455874443,0.08447824418544769,0.012568451464176178,0.0011111791245639324,0.0,0.0,0.37615409585923876
00007,train,Landsat8,NIR,-64.28898284125457,-10.381599204373423,1500646859570,2017-07-21,0.38038750000000005,0.2558414041996002,-0.02497832290828228,-0.0931781455874443,0.08447824418544769,0.012568451464176178,0.0011111791245639324,0.0,0.0,0.34544140545357854
00007,train,Landsat8,NIR,-64.28898284125457,-10.381599204373423,1502029266718,2017-08-06,0.3559125,0.2558414041996002,-0.02497832290828228,-0.0931781455874443,0.08447824418544769,0.012568451464176178,0.0011111791245639324,0.0,0.0,0.3069928672629502
00007,train,Landsat8,NIR,-64.28898284125457,-10.381599204373423,1503411671491,2017-08-22,0.223445,0.2558414041996002,-0.02497832290828228,-0.0931781455874443,0.08447824418544769,0.012568451464176178,0.0011111791245639324,0.0,0.0,0.264755876789302
00007,train,Landsat8,NIR,-64.28898284125457,-10.381599204373423,1504794073402,2017-09-07,0.24913000000000002,0.2558414041996002,-0.02497832290828228,-0.0931781455874443,0.08447824418544769,0.012568451464176178,0.0011111791245639324,0.0,0.0,0.2233217316575466
00007,train,Landsat8,NIR,-64.28898284125457,-10.381599204373423,1507558883170,2017-10-09,0.38000249999999997,0.2558414041996002,-0.02497832290828228,-0.0931781455874443,0.08447824418544769,0.012568451464176178,0.0011111791245639324,0.0,0.0,0.15976050437880646
00007,train,Landsat8,NIR,-64.28898284125457,-10.381599204373423,1521382839291,2018-03-18,0.4643175,0.2558414041996002,-0.02497832290828228,-0.0931781455874443,0.08447824418544769,0.012568451464176178,0.0011111791245639324,0.0,0.0,0.3055644584624506
00007,train,Landsat8,NIR,-64.28898284125457,-10.381599204373423,1522765232331,2018-04-03,0.34895499999999996,0.2558414041996002,-0.02497832290828228,-0.0931781455874443,0.08447824418544769,0.012568451464176178,0.0011111791245639324,0.0,0.0,0.3303945345484377
00007,train,Landsat8,NIR,-64.28898284125457,-10.381599204373423,1524147622639,2018-04-19,0.35203500000000004,0.2558414041996002,-0.02497832290828228,-0.0931781455874443,0.08447824418544769,0.012568451464176178,0.0011111791245639324,0.0,0.0,0.35242481665643066
00007,train,Landsat8,NIR,-64.28898284125457,-10.381599204373423,1525530014053,2018-05-05,0.39815249999999996,0.2558414041996002,-0.02497832290828228,-0.0931781455874443,0.08447824418544769,0.012568451464176178,0.0011111791245639324,0.0,0.0,0.3695619099273616
00007,train,Landsat8,NIR,-64.28898284125457,-10.381599204373423,1526912402666,2018-05-21,0.30756750000000005,0.2558414041996002,-0.02497832290828228,-0.0931781455874443,0.08447824418544769,0.012568451464176178,0.0011111791245639324,0.0,0.0,0.37935954652526416
00007,train,Landsat8,NIR,-64.28898284125457,-10.381599204373423,1531059613822,2018-07-08,0.39160750000000005,0.2558414041996002,-0.02497832290828228,-0.0931781455874443,0.08447824418544769,0.012568451464176178,0.0011111791245639324,0.0,0.0,0.3461520474460996
00007,train,Landsat8,NIR,-64.28898284125457,-10.381599204373423,1532442020324,2018-07-24,0.35676500000000005,0.2558414041996002,-0.02497832290828228,-0.0931781455874443,0.08447824418544769,0.012568451464176178,0.0011111791245639324,0.0,0.0,0.31374056966304337
00007,train,Landsat8,NIR,-64.28898284125457,-10.381599204373423,1533824429568,2018-08-09,0.337625,0.2558414041996002,-0.02497832290828228,-0.0931781455874443,0.08447824418544769,0.012568451464176178,0.0011111791245639324,0.0,0.0,0.27425161990893576
00007,train,Landsat8,NIR,-64.28898284125457,-10.381599204373423,1536589242907,2018-09-10,0.3697175,0.2558414041996002,-0.02497832290828228,-0.0931781455874443,0.08447824418544769,0.012568451464176178,0.0011111791245639324,0.0,0.0,0.19103750106930917
00007,train,Landsat8,NIR,-64.28898284125457,-10.381599204373423,1537971648574,2018-09-26,0.39045250000000004,0.2558414041996002,-0.02497832290828228,-0.0931781455874443,0.08447824418544769,0.012568451464176178,0.0011111791245639324,0.0,0.0,0.15627204849689785
00007,train,Landsat8,NIR,-64.28898284125457,-10.381599204373423,1540736460884,2018-10-28,0.41594500000000006,0.2558414041996002,-0.02497832290828228,-0.0931781455874443,0.08447824418544769,0.012568451464176178,0.0011111791245639324,0.0,0.0,0.11652751654304194
00008,train,Landsat8,NIR,-64.70063128901249,-10.357442950509624,1369924160836,2013-05-30,0.450375,0.329885870218277,-0.0019529492128640413,0.0,0.018982019275426865,0.0,-0.011862792074680328,-0.0018955545965582132,0.019805293530225754,0.37066245041138385
00008,train,Landsat8,NIR,-64.70063128901249,-10.357442950509624,1371306555719,2013-06-15,0.417815,0.329885870218277,-0.0019529492128640413,0.0,0.018982019275426865,0.0,-0.011862792074680328,-0.0018955545965582132,0.019805293530225754,0.35860091069408384
00008,train,Landsat8,NIR,-64.70063128901249,-10.357442950509624,1375453757871,2013-08-02,0.31790749999999995,0.329885870218277,-0.0019529492128640413,0.0,0.018982019275426865,0.0,-0.011862792074680328,-0.0018955545965582132,0.019805293530225754,0.2900376880208749
00008,train,Landsat8,NIR,-64.70063128901249,-10.357442950509624,1376836158726,2013-08-18,0.30058250000000003,0.329885870218277,-0.0019529492128640413,0.0,0.018982019275426865,0.0,-0.011862792074680328,-0.0018955545965582132,0.019805293530225754,0.28996683821438507
00008,train,Landsat8,NIR,-64.70063128901249,-10.357442950509624,1378218559861,2013-09-03,0.287355,0.329885870218277,-0.0019529492128640413,0.0,0.018982019275426865,0.0,-0.011862792074680328,-0.0018955545965582132,0.019805293530225754,0.303680347530209
00008,train,Landsat8,NIR,-64.70063128901249,-10.357442950509624,1379600953981,2013-09-19,0.30550499999999997,0.329885870218277,-0.0019529492128640413,0.0,0.018982019275426865,0.0,-0.011862792074680328,-0.0018955545965582132,0.019805293530225754,0.32127303587811823
00008,train,Landsat8,NIR,-64.70063128901249,-10.357442950509624,1382365745849,2013-10-21,0.4112425,0.329885870218277,-0.0019529492128640413,0.0,0.018982019275426865,0.0,-0.011862792074680328,-0.0018955545965582132,0.019805293530225754,0.33106921194649175
00008,train,Landsat8,NIR,-64.70063128901249,-10.357442950509624,1403101620341,2014-06-18,0.35871749999999997,0.329885870218277,-0.0019529492128640413,0.0,0.018982019275426865,0.0,-0.011862792074680328,-0.0018955545965582132,0.019805293530225754,0.3526946644978525
00008,train,Landsat8,NIR,-64.70063128901249,-10.357442950509624,1404484025941,2014-07-04,0.34161250000000004,0.329885870218277,-0.0019529492128640413,0.0,0.018982019275426865,0.0,-0.011862792074680328,-0.0018955545965582132,0.019805293530225754,0.32638962980678055
00008,train,Landsat8,NIR,-64.70063128901249,-10.357442950509624,1407248838225,2014-08-05,0.2939275,0.329885870218277,-0.0019529492128640413,0.0,0.018982019275426865,0.0,-0.011862792074680328,-0.0018955545965582132,0.019805293530225754,0.2867625479681562
00008,train,Landsat8,NIR,-64.70063128901249,-10.357442950509624,1408631242184,2014-08-21,0.2884,0.329885870218277,-0.0019529492128640413,0.0,0.018982019275426865,0.0,-0.011862792074680328,-0.0018955545965582132,0.019805293530225754,0.2897665482681693
00008,train,Landsat8,NIR,-64.70063128901249,-10.357442950509624,1411396043213,2014-09-22,0.3363325,0.329885870218277,-0.0019529492128640413,0.0,0.018982019275426865,0.0,-0.011862792074680328,-0.0018955545965582132,0.019805293530225754,0.3221193014255095
00008,train,Landsat8,NIR,-64.70063128901249,-10.357442950509624,1412778449385,2014-10-08,0.40676000000000007,0.329885870218277,-0.0019529492128640413,0.0,0.018982019275426865,0.0,-0.011862792074680328,-0.0018955545965582132,0.019805293530225754,0.3308395086731228
00008,train,Landsat8,NIR,-64.70063128901249,-10.357442950509624,1419690441987,2014-12-27,0.40123250000000005,0.329885870218277,-0.0019529492128640413,0.0,0.018982019275426865,0.0,-0.011862792074680328,-0.0018955545965582132,0.019805293530225754,0.32130136092331174
00008,train,Landsat8,NIR,-64.70063128901249,-10.357442950509624,1425220023523,2015-03-01,0.39765750000000005,0.329885870218277,-0.0019529492128640413,0.0,0.018982019275426865,0.0,-0.011862792074680328,-0.0018955545965582132,0.019805293530225754,0.3357800320020735
00008,train,Landsat8,NIR,-64.70063128901249,-10.357442950509624,1427984800373,2015-04-02,0.32095999999999997,0.329885870218277,-0.0019529492128640413,0.0,0.018982019275426865,0.0,-0.011862792074680328,-0.0018955545965582132,0.019805293530225754,0.3260291360686763
00008,train,Landsat8,NIR,-64.70063128901249,-10.357442950509624,1432131980278,2015-05-20,0.2938175,0.329885870218277,-0.0019529492128640413,0.0,0.018982019275426865,0.0,-0.011862792074680328,-0.0018955545965582132,0.019805293530225754,0.36576412947192116
00008,train,Landsat8,NIR,-64.70063128901249,-10.357442950509624,1433514388572,2015-06-05,0.31975000000000003,0.329885870218277,-0.0019529492128640413,0.0,0.018982019275426865,0.0,-0.011862792074680328,-0.0018955545965582132,0.019805293530225754,0.3641797252312064
00008,train,Landsat8,NIR,-64.70063128901249,-10.357442950509624,1434896796488,2015-06-21,0.32439750000000006,0.329885870218277,-0.0019529492128640413,0.0,0.018982019275426865,0.0,-0.011862792074680328,-0.0018955545965582132,0.019805293530225754,0.3463704632232967
00008,train,Landsat8,NIR,-64.70063128901249,-10.357442950509624,1437661613141,2015-07-23,0.2821575,0.329885870218277,-0.0019529492128640413,0.0,0.018982019275426865,0.0,-0.011862792074680328,-0.0018955545965582132,0.019805293530225754,0.2948355555260719
00008,train,Landsat8,NIR,-64.70063128901249,-10.357442950509624,1440426424196,2015-08-24,0.2750075,0.329885870218277,-0.0019529492128640413,0.0,0.018982019275426865,0.0,-0.011862792074680328,-0.0018955545965582132,0.019805293530225754,0.290018189703103
00008,train,Landsat8,NIR,-64.70063128901249,-10.357442950509624,1441808830373,2015-09-09,0.275365,0.329885870218277,-0.0019529492128640413,0.0,0.018982019275426865,0.0,-0.011862792074680328,-0.0018955545965582132,0.019805293530225754,0.306548298927403
00008,train,Landsat8,NIR,-64.70063128901249,-10.357442950509624,1443191237327,2015-09-25,0.294725,0.329885870218277,-0.0019529492128640413,0.0,0.018982019275426865,0.0,-0.011862792074680328,-0.0018955545965582132,0.019805293530225754,0.32265436192331715
00008,train,Landsat8,NIR,-64.70063128901249,-10.357442950509624,1444573638255,2015-10-11,0.329595,0.329885870218277,-0.0019529492128640413,0.0,0.018982019275426865,0.0,-0.011862792074680328,-0.0018955545965582132,0.019805293530225754,0.3291703758917934
00008,train,Landsat8,NIR,-64.70063128901249,-10.357442950509624,1447338443319,2015-11-12,0.3291,0.329885870218277,-0.0019529492128640413,0.0,0.018982019275426865,0.0,-0.011862792074680328,-0.0018955545965582132,0.019805293530225754,0.3135858220226079
00008,train,Landsat8,NIR,-64.70063128901249,-10.357442950509624,1457015230866,2016-03-03,0.3298425,0.329885870218277,-0.0019529492128640413,0.0,0.018982019275426865,0.0,-0.011862792074680328,-0.0018955545965582132,0.019805293530225754,0.33196203361489796
00008,train,Landsat8,NIR,-64.70063128901249,-10.357442950509624,1462544813364,2016-05-06,0.3583325,0.329885870218277,-0.0019529492128640413,0.0,0.018982019275426865,0.0,-0.011862792074680328,-0.0018955545965582132,0.019805293530225754,0.3541268807456588
00008,train,Landsat8,NIR,-64.70063128901249,-10.357442950509624,1463927214080,2016-05-22,0.4304375,0.329885870218277,-0.0019529492128640413,0.0,0.018982019275426865,0.0,-0.011862792074680328,-0.0018955545965582132,0.019805293530225754,0.3646760352760646
00008,train,Landsat8,NIR,-64.70063128901249,-10.357442950509624,1465309618585,2016-06-07,0.36295249999999996,0.329885870218277,-0.0019529492128640413,0.0,0.018982019275426865,0.0,-0.011862792074680328,-0.0018955545965582132,0.019805293530225754,0.3603876452039557
00008,train,Landsat8,NIR,-64.70063128901249,-10.357442950509624,1466692023968,2016-06-23,0.34524250000000006,0.329885870218277,-0.0019529492128640413,0.0,0.018982019275426865,0.0,-0.011862792074680328,-0.0018955545965582132,0.019805293530225754,0.34046845355748784
00008,train,Landsat8,NIR,-64.70063128901249,-10.357442950509624,1469456837478,2016-07-25,0.29258,0.329885870218277,-0.0019529492128640413,0.0,0.018982019275426865,0.0,-0.011862792074680328,-0.0018955545965582132,0.019805293530225754,0.2901881163180372
00008,train,Landsat8,NIR,-64.70063128901249,-10.357442950509624,1472221646628,2016-08-26,0.280535,0.329885870218277,-0.0019529492128640413,0.0,0.018982019275426865,0.0,-0.011862792074680328,-0.0018955545965582132,0.019805293530225754,0.290065719286673
00008,train,Landsat8,NIR,-64.70063128901249,-10.357442950509624,1474986451323,2016-09-27,0.34161250000000004,0.329885870218277,-0.0019529492128640413,0.0,0.018982019275426865,0.0,-0.011862792074680328,-0.0018955545965582132,0.019805293530225754,0.32234084852683076
00008,train,Landsat8,NIR,-64.70063128901249,-10.357442950509624,1495722410216,2017-05-25,0.47069750000000005,0.329885870218277,-0.0019529492128640413,0.0,0.018982019275426865,0.0,-0.011862792074680328,-0.0018955545965582132,0.019805293530225754,0.36315115905410944
00008,train,Landsat8,NIR,-64.70063128901249,-10.357442950509624,1498487223209,2017-06-26,0.37123,0.329885870218277,-0.0019529492128640413,0.0,0.018982019275426865,0.0,-0.011862792074680328,-0.0018955545965582132,0.019805293530225754,0.3344434334629445
00008,train,Landsat8,NIR,-64.70063128901249,-10.357442950509624,1499869625884,2017-07-12,0.33053000000000005,0.329885870218277,-0.0019529492128640413,0.0,0.018982019275426865,0.0,-0.011862792074680328,-0.0018955545965582132,0.019805293530225754,0.306739609011616
00008,train,Landsat8,NIR,-64.70063128901249,-10.357442950509624,1501252033785,2017-07-28,0.308255,0.329885870218277,-0.0019529492128640413,0.0,0.018982019275426865,0.0,-0.011862792074680328,-0.0018955545965582132,0.019805293530225754,0.28578383239392957
00008,train,Landsat8,NIR,-64.70063128901249,-10.357442950509624,1502634439904,2017-08-13,0.30611000000000005,0.329885870218277,-0.0019529492128640413,0.0,0.018982019275426865,0.0,-0.011862792074680328,-0.0018955545965582132,0.019805293530225754,0.2803800806874216
00008,train,Landsat8,NIR,-64.70063128901249,-10.357442950509624,1506781651389,2017-09-30,0.34791,0.329885870218277,-0.0019529492128640413,0.0,0.018982019275426865,0.0,-0.011862792074680328,-0.0018955545965582132,0.019805293530225754,0.3220773426488906
00008,train,Landsat8,NIR,-64.70063128901249,-10.357442950509624,1508164055195,2017-10-16,0.354015,0.329885870218277,-0.0019529492128640413,0.0,0.018982019275426865,0.0,-0.011862792074680328,-0.0018955545965582132,0.019805293530225754,0.32479543377732917
00008,train,Landsat8,NIR,-64.70063128901249,-10.357442950509624,1524752790005,2018-04-26,0.3797,0.329885870218277,-0.0019529492128640413,0.0,0.018982019275426865,0.0,-0.011862792074680328,-0.0018955545965582132,0.019805293530225754,0.3390065728586842
00008,train,Landsat8,NIR,-64.70063128901249,-10.357442950509624,1526135180249,2018-05-12,0.37389750000000005,0.329885870218277,-0.0019529492128640413,0.0,0.018982019275426865,0.0,-0.011862792074680328,-0.0018955545965582132,0.019805293530225754,0.3549889104650471
00008,train,Landsat8,NIR,-64.70063128901249,-10.357442950509624,1527517567643,2018-05-28,0.37994750000000005,0.329885870218277,-0.0019529492128640413,0.0,0.018982019275426865,0.0,-0.011862792074680328,-0.0018955545965582132,0.019805293530225754,0.36121687995615887
00008,train,Landsat8,NIR,-64.70063128901249,-10.357442950509624,1530282380016,2018-06-29,0.3511275,0.329885870218277,-0.0019529492128640413,0.0,0.018982019275426865,0.0,-0.011862792074680328,-0.0018955545965582132,0.019805293530225754,0.32736677287018945
00008,train,Landsat8,NIR,-64.70063128901249,-10.357442950509624,1531664787793,2018-07-15,0.3278625,0.329885870218277,-0.0019529492128640413,0.0,0.018982019275426865,0.0,-0.011862792074680328,-0.0018955545965582132,0.019805293530225754,0.2999855675870501
00008,train,Landsat8,NIR,-64.70063128901249,-10.357442950509624,1535812010909,2018-09-01,0.27575,0.329885870218277,-0.0019529492128640413,0.0,0.018982019275426865,0.0,-0.011862792074680328,-0.0018955545965582132,0.019805293530225754,0.2917467903692196
00008,train,Landsat8,NIR,-64.70063128901249,-10.357442950509624,1537194415363,2018-09-17,0.28774,0.329885870218277,-0.0019529492128640413,0.0,0.018982019275426865,0.0,-0.011862792074680328,-0.0018955545965582132,0.019805293530225754,0.3094932841788123
00008,train,Landsat8,NIR,-64.70063128901249,-10.357442950509624,1541341632930,2018-11-04,0.34749749999999996,0.329885870218277,-0.0019529492128640413,0.0,0.018982019275426865,0.0,-0.011862792074680328,-0.0018955545965582132,0.019805293530225754,0.31314839080594103
00009,train,Landsat8,NIR,-64.13607729364495,-10.677598664601264,1372083782511,2013-06-24,0.315185,0.3279467821121216,0.0007229745388031006,0.027284866198897362,-0.007183631882071495,0.0,0.0,0.0,0.0,0.30293252028860845
00009,train,Landsat8,NIR,-64.13607729364495,-10.677598664601264,1373466186063,2013-07-10,0.307595,0.3279467821121216,0.0007229745388031006,0.027284866198897362,-0.007183631882071495,0.0,0.0,0.0,0.0,0.3049493378860234
00009,train,Landsat8,NIR,-64.13607729364495,-10.677598664601264,1373466209988,2013-07-10,0.30743000000000004,0.3279467821121216,0.0007229745388031006,0.027284866198897362,-0.007183631882071495,0.0,0.0,0.0,0.0,0.3049493897084685
00009,train,Landsat8,NIR,-64.13607729364495,-10.677598664601264,1374848585541,2013-07-26,0.31782499999999997,0.3279467821121216,0.0007229745388031006,0.027284866198897362,-0.007183631882071495,0.0,0.0,0.0,0.0,0.30892772179907213
00009,train,Landsat8,NIR,-64.13607729364495,-10.677598664601264,1374848609474,2013-07-26,0.31744,0.3279467821121216,0.0007229745388031006,0.027284866198897362,-0.007183631882071495,0.0,0.0,0.0,0.0,0.3089278050978057
00009,train,Landsat8,NIR,-64.13607729364495,-10.677598664601264,1376230987226,2013-08-11,0.316065,0.3279467821121216,0.0007229745388031006,0.027284866198897362,-0.007183631882071495,0.0,0.0,0.0,0.0,0.31457017253834973
00009,train,Landsat8,NIR,-64.13607729364495,-10.677598664601264,1376231011164,2013-08-11,0.31600999999999996,0.3279467821121216,0.0007229745388031006,0.027284866198897362,-0.007183631882071495,0.0,0.0,0.0,0.0,0.3145702815987398
00009,train,Landsat8,NIR,-64.13607729364495,-10.677598664601264,1377613389619,2013-08-27,0.32734,0.3279467821121216,0.0007229745388031006,0.027284866198897362,-0.007183631882071495,0.0,0.0,0.0,0.0,0.3214537381087559
00009,train,Landsat8,NIR,-64.13607729364495,-10.677598664601264,1377613413552,2013-08-27,0.3275875,0.3279467821121216,0.0007229745388031006,0.027284866198897362,-0.007183631882071495,0.0,0.0,0.0,0.0,0.3214538651410499
00009,train,Landsat8,NIR,-64.13607729364495,-10.677598664601264,1378995786459,2013-09-12,0.35946000000000006,0.3279467821121216,0.0007229745388031006,0.027284866198897362,-0.007183631882071495,0.0,0.0,0.0,0.0,0.3290618779956142
00009,train,Landsat8,NIR,-64.13607729364495,-10.677598664601264,1378995810396,2013-09-12,0.35786500000000004,0.3279467821121216,0.0007229745388031006,0.027284866198897362,-0.007183631882071495,0.0,0.0,0.0,0.0,0.32906201272739927
00009,train,Landsat8,NIR,-64.13607729364495,-10.677598664601264,1380378178872,2013-09-28,0.32849500000000004,0.3279467821121216,0.0007229745388031006,0.027284866198897362,-0.007183631882071495,0.0,0.0,0.0,0.0,0.3368234678494051
00009,train,Landsat8,NIR,-64.13607729364495,-10.677598664601264,1380378202797,2013-09-28,0.324425,0.3279467821121216,0.0007229745388031006,0.027284866198897362,-0.007183631882071495,0.0,0.0,0.0,0.0,0.33682359946320894
00009,train,Landsat8,NIR,-64.13607729364495,-10.677598664601264,1388672573383,2014-01-02,0.21667999999999998,0.3279467821121216,0.0007229745388031006,0.027284866198897362,-0.007183631882071495,0.0,0.0,0.0,0.0,0.3583964991105591
00009,train,Landsat8,NIR,-64.13607729364495,-10.677598664601264,1392819715105,2014-02-19,0.33866999999999997,0.3279467821121216,0.0007229745388031006,0.027284866198897362,-0.007183631882071495,0.0,0.0,0.0,0.0,0.34392939113265597
00009,train,Landsat8,NIR,-64.13607729364495,-10.677598664601264,1401114038758,2014-05-26,0.34249250000000003,0.3279467821121216,0.0007229745388031006,0.027284866198897362,-0.007183631882071495,0.0,0.0,0.0,0.0,0.30538004336170854
00009,train,Landsat8,NIR,-64.13607729364495,-10.677598664601264,1401114062683,2014-05-26,0.343235,0.3279467821121216,0.0007229745388031006,0.027284866198897362,-0.007183631882071495,0.0,0.0,0.0,0.0,0.30537999475694366
00009,train,Landsat8,NIR,-64.13607729364495,-10.677598664601264,1402496448271,2014-06-11,0.3094375,0.3279467821121216,0.0007229745388031006,0.027284866198897362,-0.007183631882071495,0.0,0.0,0.0,0.0,0.30356966484137254
00009,train,Landsat8,NIR,-64.13607729364495,-10.677598664601264,1402496472196,2014-06-11,0.3085575,0.3279467821121216,0.0007229745388031006,0.027284866198897362,-0.007183631882071495,0.0,0.0,0.0,0.0,0.3035696512040874
00009,train,Landsat8,NIR,-64.13607729364495,-10.677598664601264,1403878849774,2014-06-27,0.28512750000000003,0.3279467821121216,0.0007229745388031006,0.027284866198897362,-0.007183631882071495,0.0,0.0,0.0,0.0,0.3038750479286981
00009,train,Landsat8,NIR,-64.13607729364495,-10.677598664601264,1403878873699,2014-06-27,0.28532,0.3279467821121216,0.0007229745388031006,0.027284866198897362,-0.007183631882071495,0.0,0.0,0.0,0.0,0.30387507069174646
00009,train,Landsat8,NIR,-64.13607729364495,-10.677598664601264,1405261258705,2014-07-13,0.3082,0.3279467821121216,0.0007229745388031006,0.027284866198897362,-0.007183631882071495,0.0,0.0,0.0,0.0,0.30627556038107906
00009,train,Landsat8,NIR,-64.13607729364495,-10.677598664601264,1405261282634,2014-07-13,0.30814500000000006,0.3279467821121216,0.0007229745388031006,0.027284866198897362,-0.007183631882071495,0.0,0.0,0.0,0.0,0.3062756183876098
00009,train,Landsat8,NIR,-64.13607729364495,-10.677598664601264,1406643663023,2014-07-29,0.33330750000000003,0.3279467821121216,0.0007229745388031006,0.027284866198897362,-0.007183631882071495,0.0,0.0,0.0,0.0,0.31059262111850017
00009,train,Landsat8,NIR,-64.13607729364495,-10.677598664601264,1406643686952,2014-07-29,0.33432500000000004,0.3279467821121216,0.0007229745388031006,0.027284866198897362,-0.007183631882071495,0.0,0.0,0.0,0.0,0.31059271028018604
00009,train,Landsat8,NIR,-64.13607729364495,-10.677598664601264,1408026070355,2014-08-14,0.31966750000000005,0.3279467821121216,0.0007229745388031006,0.027284866198897362,-0.007183631882071495,0.0,0.0,0.0,0.0,0.3165032070544318
00009,train,Landsat8,NIR,-64.13607729364495,-10.677598664601264,1408026094288,2014-08-14,0.31854,0.3279467821121216,0.0007229745388031006,0.027284866198897362,-0.007183631882071495,0.0,0.0,0.0,0.0,0.3165033201373805
00009,train,Landsat8,NIR,-64.13607729364495,-10.677598664601264,1409408471887,2014-08-30,0.3213175,0.3279467821121216,0.0007229745388031006,0.027284866198897362,-0.007183631882071495,0.0,0.0,0.0,0.0,0.3235641123598495
00009,train,Landsat8,NIR,-64.13607729364495,-10.677598664601264,1409408495821,2014-08-30,0.32126250000000006,0.3279467821121216,0.0007229745388031006,0.027284866198897362,-0.007183631882071495,0.0,0.0,0.0,0.0,0.3235642409320417
00009,train,Landsat8,NIR,-64.13607729364495,-10.677598664601264,1412173276458,2014-10-01,0.34656250000000005,0.3279467821121216,0.0007229745388031006,0.027284866198897362,-0.007183631882071495,0.0,0.0,0.0,0.0,0.33897076225964085
00009,train,Landsat8,NIR,-64.13607729364495,-10.677598664601264,1412173300387,2014-10-01,0.3473325,0.3279467821121216,0.0007229745388031006,0.027284866198897362,-0.007183631882071495,0.0,0.0,0.0,0.0,0.3389708923449632
00009,train,Landsat8,NIR,-64.13607729364495,-10.677598664601264,1413555680889,2014-10-17,0.40478,0.3279467821121216,0.0007229745388031006,0.027284866198897362,-0.007183631882071495,0.0,0.0,0.0,0.0,0.3461598231581894
00009,train,Landsat8,NIR,-64.13607729364495,-10.677598664601264,1413555704814,2014-10-17,0.40480750000000004,0.3279467821121216,0.0007229745388031006,0.027284866198897362,-0.007183631882071495,0.0,0.0,0.0,0.0,0.34615994020507374
00009,train,Landsat8,NIR,-64.13607729364495,-10.677598664601264,1425997245260,2015-03-10,0.33954999999999996,0.3279467821121216,0.0007229745388031006,0.027284866198897362,-0.007183631882071495,0.0,0.0,0.0,0.0,0.33590293784948255
00009,train,Landsat8,NIR,-64.13607729364495,-10.677598664601264,1425997269185,2015-03-10,0.3401825,0.3279467821121216,0.0007229745388031006,0.027284866198897362,-0.007183631882071495,0.0,0.0,0.0,0.0,0.3359028042294179
00009,train,Landsat8,NIR,-64.13607729364495,-10.677598664601264,1428762029321,2015-04-11,0.329595,0.3279467821121216,0.0007229745388031006,0.027284866198897362,-0.007183631882071495,0.0,0.0,0.0,0.0,0.32077644089436497
00009,train,Landsat8,NIR,-64.13607729364495,-10.677598664601264,1428762053246,2015-04-11,0.32810999999999996,0.3279467821121216,0.0007229745388031006,0.027284866198897362,-0.007183631882071495,0.0,0.0,0.0,0.0,0.32077631798260087
00009,train,Landsat8,NIR,-64.13607729364495,-10.677598664601264,1434291623616,2015-06-14,0.32615750000000004,0.3279467821121216,0.0007229745388031006,0.027284866198897362,-0.007183631882071495,0.0,0.0,0.0,0.0,0.30418713610959
00009,train,Landsat8,NIR,-64.13607729364495,-10.677598664601264,1434291647545,2015-06-14,0.3260475,0.3279467821121216,0.0007229745388031006,0.027284866198897362,-0.007183631882071495,0.0,0.0,0.0,0.0,0.3041871296197906
00009,train,Landsat8,NIR,-64.13607729364495,-10.677598664601264,1435674030515,2015-06-30,0.319915,0.3279467821121216,0.0007229745388031006,0.027284866198897362,-0.007183631882071495,0.0,0.0,0.0,0.0,0.3048917488691419
00009,train,Landsat8,NIR,-64.13607729364495,-10.677598664601264,1435674054448,2015-06-30,0.31727500000000003,0.3279467821121216,0.0007229745388031006,0.027284866198897362,-0.007183631882071495,0.0,0.0,0.0,0.0,0.30489177821769264
00009,train,Landsat8,NIR,-64.13607729364495,-10.677598664601264,1437056464029,2015-07-16,0.29258,0.3279467821121216,0.0007229745388031006,0.027284866198897362,-0.007183631882071495,0.0,0.0,0.0,0.0,0.30766986345180347
00009,train,Landsat8,NIR,-64.13607729364495,-10.677598664601264,1438438843901,2015-08-01,0.3339125,0.3279467821121216,0.0007229745388031006,0.027284866198897362,-0.007183631882071495,0.0,0.0,0.0,0.0,0.31231432791620434
00009,train,Landsat8,NIR,-64.13607729364495,-10.677598664601264,1438438867826,2015-08-01,0.33371999999999996,0.3279467821121216,0.0007229745388031006,0.027284866198897362,-0.007183631882071495,0.0,0.0,0.0,0.0,0.3123144211004488
00009,train,Landsat8,NIR,-64.13607729364495,-10.677598664601264,1441203655474,2015-09-02,0.33922,0.3279467821121216,0.0007229745388031006,0.027284866198897362,-0.007183631882071495,0.0,0.0,0.0,0.0,0.32569705264421334
00009,train,Landsat8,NIR,-64.13607729364495,-10.677598664601264,1441203679399,2015-09-02,0.33702000000000004,0.3279467821121216,0.0007229745388031006,0.027284866198897362,-0.007183631882071495,0.0,0.0,0.0,0.0,0.32569718275630377
00009,train,Landsat8,NIR,-64.13607729364495,-10.677598664601264,1442586064130,2015-09-18,0.33314249999999995,0.3279467821121216,0.0007229745388031006,0.027284866198897362,-0.007183631882071495,0.0,0.0,0.0,0.0,0.3334313032923225
00009,train,Landsat8,NIR,-64.13607729364495,-10.677598664601264,1442586088063,2015-09-18,0.3328125,0.3279467821121216,0.0007229745388031006,0.027284866198897362,-0.007183631882071495,0.0,0.0,0.0,0.0,0.3334314378512945
00009,train,Landsat8,NIR,-64.13607729364495,-10.677598664601264,1445350869778,2015-10-20,0.339605,0.3279467821121216,0.0007229745388031006,0.027284866198897362,-0.007183631882071495,0.0,0.0,0.0,0.0,0.3481260685675699
00009,train,Landsat8,NIR,-64.13607729364495,-10.677598664601264,1445350893711,2015-10-20,0.33966,0.3279467821121216,0.0007229745388031006,0.027284866198897362,-0.007183631882071495,0.0,0.0,0.0,0.0,0.3481261806491334
00009,train,Landsat8,NIR,-64.13607729364495,-10.677598664601264,1446733273653,2015-11-05,0.3672975,0.3279467821121216,0.0007229745388031006,0.027284866198897362,-0.007183631882071495,0.0,0.0,0.0,0.0,0.3539836723049421
00009,train,Landsat8,NIR,-64.13607729364495,-10.677598664601264,1446733297578,2015-11-05,0.365895,0.3279467821121216,0.0007229745388031006,0.027284866198897362,-0.007183631882071495,0.0,0.0,0.0,0.0,0.3539837603730539
00009,train,Landsat8,NIR,-64.13607729364495,-10.677598664601264,1453645271534,2016-01-24,0.388225,0.3279467821121216,0.0007229745388031006,0.027284866198897362,-0.007183631882071495,0.0,0.0,0.0,0.0,0.3550542371483185
00009,train,Landsat8,NIR,-64.13607729364495,-10.677598664601264,1453645295455,2016-01-24,0.38819750000000003,0.3279467821121216,0.0007229745388031006,0.027284866198897362,-0.007183631882071495,0.0,0.0,0.0,0.0,0.3550541554758897
00009,train,Landsat8,NIR,-64.13607729364495,-10.677598664601264,1455027666353,2016-02-09,0.3666375,0.3279467821121216,0.0007229745388031006,0.027284866198897362,-0.007183631882071495,0.0,0.0,0.0,0.0,0.34954450034964135
00009,train,Landsat8,NIR,-64.13607729364495,-10.677598664601264,1455027690278,2016-02-09,0.36812249999999996,0.3279467821121216,0.0007229745388031006,0.027284866198897362,-0.007183631882071495,0.0,0.0,0.0,0.0,0.34954439043289565
00009,train,Landsat8,NIR,-64.13607729364495,-10.677598664601264,1461939641701,2016-04-29,0.317715,0.3279467821121216,0.0007229745388031006,0.027284866198897362,-0.007183631882071495,0.0,0.0,0.0,0.0,0.31397811091965877
00009,train,Landsat8,NIR,-64.13607729364495,-10.677598664601264,1461939665635,2016-04-29,0.31804499999999997,0.3279467821121216,0.0007229745388031006,0.027284866198897362,-0.007183631882071495,0.0,0.0,0.0,0.0,0.31397801210775295
00009,train,Landsat8,NIR,-64.13607729364495,-10.677598664601264,1466086848499,2016-06-16,0.32120750000000003,0.3279467821121216,0.0007229745388031006,0.027284866198897362,-0.007183631882071495,0.0,0.0,0.0,0.0,0.30487951951267717
00009,train,Landsat8,NIR,-64.13607729364495,-10.677598664601264,1466086872424,2016-06-16,0.32019000000000003,0.3279467821121216,0.0007229745388031006,0.027284866198897362,-0.007183631882071495,0.0,0.0,0.0,0.0,0.3048795183299699
00009,train,Landsat8,NIR,-64.13607729364495,-10.677598664601264,1467469258263,2016-07-02,0.325085,0.3279467821121216,0.0007229745388031006,0.027284866198897362,-0.007183631882071495,0.0,0.0,0.0,0.0,0.30591541870192307
00009,train,Landsat8,NIR,-64.13607729364495,-10.677598664601264,1467469282196,2016-07-02,0.3242325,0.3279467821121216,0.0007229745388031006,0.027284866198897362,-0.007183631882071495,0.0,0.0,0.0,0.0,0.3059154544820998
00009,train,Landsat8,NIR,-64.13607729364495,-10.677598664601264,1468851664930,2016-07-18,0.3294575,0.3279467821121216,0.0007229745388031006,0.027284866198897362,-0.007183631882071495,0.0,0.0,0.0,0.0,0.3089914204147497
00009,train,Landsat8,NIR,-64.13607729364495,-10.677598664601264,1468851688855,2016-07-18,0.328605,0.3279467821121216,0.0007229745388031006,0.027284866198897362,-0.007183631882071495,0.0,0.0,0.0,0.0,0.3089914889490581
00009,train,Landsat8,NIR,-64.13607729364495,-10.677598664601264,1470234068097,2016-08-03,0.3323725,0.3279467821121216,0.0007229745388031006,0.027284866198897362,-0.007183631882071495,0.0,0.0,0.0,0.0,0.3138790881959106
00009,train,Landsat8,NIR,-64.13607729364495,-10.677598664601264,1470234092031,2016-08-03,0.331135,0.3279467821121216,0.0007229745388031006,0.027284866198897362,-0.007183631882071495,0.0,0.0,0.0,0.0,0.3138791856168026
00009,train,Landsat8,NIR,-64.13607729364495,-10.677598664601264,1474381280871,2016-09-20,0.4410525,0.3279467821121216,0.0007229745388031006,0.027284866198897362,-0.007183631882071495,0.0,0.0,0.0,0.0,0.3352646583821388
00009,train,Landsat8,NIR,-64.13607729364495,-10.677598664601264,1474381304805,2016-09-20,0.43951250000000003,0.3279467821121216,0.0007229745388031006,0.027284866198897362,-0.007183631882071495,0.0,0.0,0.0,0.0,0.33526479206315346
00009,train,Landsat8,NIR,-64.13607729364495,-10.677598664601264,1478528486716,2016-11-07,0.435745,0.3279467821121216,0.0007229745388031006,0.027284866198897362,-0.007183631882071495,0.0,0.0,0.0,0.0,0.3553791685637464
00009,train,Landsat8,NIR,-64.13607729364495,-10.677598664601264,1478528510645,2016-11-07,0.43060250000000005,0.3279467821121216,0.0007229745388031006,0.027284866198897362,-0.007183631882071495,0.0,0.0,0.0,0.0,0.3553792520947152
00009,train,Landsat8,NIR,-64.13607729364495,-10.677598664601264,1482675680843,2016-12-25,0.37059749999999997,0.3279467821121216,0.0007229745388031006,0.027284866198897362,-0.007183631882071495,0.0,0.0,0.0,0.0,0.36138099112279476
00009,train,Landsat8,NIR,-64.13607729364495,-10.677598664601264,1482675704768,2016-12-25,0.3683975,0.3279467821121216,0.0007229745388031006,0.027284866198897362,-0.007183631882071495,0.0,0.0,0.0,0.0,0.36138097177292255
00009,train,Landsat8,NIR,-64.13607729364495,-10.677598664601264,1485440471964,2017-01-26,0.3585525,0.3279467821121216,0.0007229745388031006,0.027284866198897362,-0.007183631882071495,0.0,0.0,0.0,0.0,0.3551506482219518
00009,train,Landsat8,NIR,-64.13607729364495,-10.677598664601264,1485440495889,2017-01-26,0.358635,0.3279467821121216,0.0007229745388031006,0.027284866198897362,-0.007183631882071495,0.0,0.0,0.0,0.0,0.3551505618846976
00009,train,Landsat8,NIR,-64.13607729364495,-10.677598664601264,1493734822810,2017-05-02,0.32219749999999997,0.3279467821121216,0.0007229745388031006,0.027284866198897362,-0.007183631882071495,0.0,0.0,0.0,0.0,0.3138865345495361
00009,train,Landsat8,NIR,-64.13607729364495,-10.677598664601264,1493734846744,2017-05-02,0.32241749999999997,0.3279467821121216,0.0007229745388031006,0.027284866198897362,-0.007183631882071495,0.0,0.0,0.0,0.0,0.3138864386484685
00009,train,Landsat8,NIR,-64.13607729364495,-10.677598664601264,1496499644152,2017-06-03,0.33300500000000005,0.3279467821121216,0.0007229745388031006,0.027284866198897362,-0.007183631882071495,0.0,0.0,0.0,0.0,0.30638426728614393
00009,train,Landsat8,NIR,-64.13607729364495,-10.677598664601264,1496499668085,2017-06-03,0.3262675,0.3279467821121216,0.0007229745388031006,0.027284866198897362,-0.007183631882071495,0.0,0.0,0.0,0.0,0.3063842356730999
00009,train,Landsat8,NIR,-64.13607729364495,-10.677598664601264,1497882050455,2017-06-19,0.31821000000000005,0.3279467821121216,0.0007229745388031006,0.027284866198897362,-0.007183631882071495,0.0,0.0,0.0,0.0,0.3056242782010594
00009,train,Landsat8,NIR,-64.13607729364495,-10.677598664601264,1497882074380,2017-06-19,0.31403,0.3279467821121216,0.0007229745388031006,0.027284866198897362,-0.007183631882071495,0.0,0.0,0.0,0.0,0.305624283951749
00009,train,Landsat8,NIR,-64.13607729364495,-10.677598664601264,1499264454168,2017-07-05,0.3261025,0.3279467821121216,0.0007229745388031006,0.027284866198897362,-0.007183631882071495,0.0,0.0,0.0,0.0,0.30698994062957013
00009,train,Landsat8,NIR,-64.13607729364495,-10.677598664601264,1499264478102,2017-07-05,0.323545,0.3279467821121216,0.0007229745388031006,0.027284866198897362,-0.007183631882071495,0.0,0.0,0.0,0.0,0.30698998133549305
00009,train,Landsat8,NIR,-64.13607729364495,-10.677598664601264,1500646859570,2017-07-21,0.32978749999999996,0.3279467821121216,0.0007229745388031006,0.027284866198897362,-0.007183631882071495,0.0,0.0,0.0,0.0,0.31038052492628404
00009,train,Landsat8,NIR,-64.13607729364495,-10.677598664601264,1500646883504,2017-07-21,0.32907250000000005,0.3279467821121216,0.0007229745388031006,0.027284866198897362,-0.007183631882071495,0.0,0.0,0.0,0.0,0.31038059953763364
00009,train,Landsat8,NIR,-64.13607729364495,-10.677598664601264,1502029266718,2017-08-06,0.3197775,0.3279467821121216,0.0007229745388031006,0.027284866198897362,-0.007183631882071495,0.0,0.0,0.0,0.0,0.3155429272989483
00009,train,Landsat8,NIR,-64.13607729364495,-10.677598664601264,1502029290647,2017-08-06,0.3195575,0.3279467821121216,0.0007229745388031006,0.027284866198897362,-0.007183631882071495,0.0,0.0,0.0,0.0,0.3155430287423989
00009,train,Landsat8,NIR,-64.13607729364495,-10.677598664601264,1503411671491,2017-08-22,0.3334725,0.3279467821121216,0.0007229745388031006,0.027284866198897362,-0.007183631882071495,0.0,0.0,0.0,0.0,0.32209036419755654
00009,train,Landsat8,NIR,-64.13607729364495,-10.677598664601264,1503411695420,2017-08-22,0.33317,0.3279467821121216,0.0007229745388031006,0.027284866198897362,-0.007183631882071495,0.0,0.0,0.0,0.0,0.32209048686552066
00009,train,Landsat8,NIR,-64.13607729364495,-10.677598664601264,1504794073402,2017-09-07,0.3022875,0.3279467821121216,0.0007229745388031006,0.027284866198897362,-0.007183631882071495,0.0,0.0,0.0,0.0,0.32953165432992004
00009,train,Landsat8,NIR,-64.13607729364495,-10.677598664601264,1504794097332,2017-09-07,0.30341500000000005,0.3279467821121216,0.0007229745388031006,0.027284866198897362,-0.007183631882071495,0.0,0.0,0.0,0.0,0.32953178756501017
00009,train,Landsat8,NIR,-64.13607729364495,-10.677598664601264,1506176477662,2017-09-23,0.33036499999999996,0.3279467821121216,0.0007229745388031006,0.027284866198897362,-0.007183631882071495,0.0,0.0,0.0,0.0,0.3373082726334623
00009,train,Landsat8,NIR,-64.13607729364495,-10.677598664601264,1506176501595,2017-09-23,0.329815,0.3279467821121216,0.0007229745388031006,0.027284866198897362,-0.007183631882071495,0.0,0.0,0.0,0.0,0.33730840622807046
00009,train,Landsat8,NIR,-64.13607729364495,-10.677598664601264,1507558883170,2017-10-09,0.35522499999999996,0.3279467821121216,0.0007229745388031006,0.027284866198897362,-0.007183631882071495,0.0,0.0,0.0,0.0,0.34483638094910085
00009,train,Landsat8,NIR,-64.13607729364495,-10.677598664601264,1507558907095,2017-10-09,0.3542625,0.3279467821121216,0.0007229745388031006,0.027284866198897362,-0.007183631882071495,0.0,0.0,0.0,0.0,0.3448365051237968
00009,train,Landsat8,NIR,-64.13607729364495,-10.677598664601264,1522765232331,2018-04-03,0.36856249999999996,0.3279467821121216,0.0007229745388031006,0.027284866198897362,-0.007183631882071495,0.0,0.0,0.0,0.0,0.3265772288184875
00009,train,Landsat8,NIR,-64.13607729364495,-10.677598664601264,1524147622639,2018-04-19,0.35552750000000005,0.3279467821121216,0.0007229745388031006,0.027284866198897362,-0.007183631882071495,0.0,0.0,0.0,0.0,0.3195304681088329
00009,train,Landsat8,NIR,-64.13607729364495,-10.677598664601264,1524147646564,2018-04-19,0.35624249999999996,0.3279467821121216,0.0007229745388031006,0.027284866198897362,-0.007183631882071495,0.0,0.0,0.0,0.0,0.3195303539727868
00009,train,Landsat8,NIR,-64.13607729364495,-10.677598664601264,1525530014053,2018-05-05,0.30946500000000005,0.3279467821121216,0.0007229745388031006,0.027284866198897362,-0.007183631882071495,0.0,0.0,0.0,0.0,0.3136063520445398
00009,train,Landsat8,NIR,-64.13607729364495,-10.677598664601264,1525530037982,2018-05-05,0.3083375,0.3279467821121216,0.0007229745388031006,0.027284866198897362,-0.007183631882071495,0.0,0.0,0.0,0.0,0.3136062614937676
00009,train,Landsat8,NIR,-64.13607729364495,-10.677598664601264,1526912402666,2018-05-21,0.3088325,0.3279467821121216,0.0007229745388031006,0.027284866198897362,-0.007183631882071495,0.0,0.0,0.0,0.0,0.309253936123953
00009,train,Landsat8,NIR,-64.13607729364495,-10.677598664601264,1526912426595,2018-05-21,0.30941,0.3279467821121216,0.0007229745388031006,0.027284866198897362,-0.007183631882071495,0.0,0.0,0.0,0.0,0.30925387562047046
00009,train,Landsat8,NIR,-64.13607729364495,-10.677598664601264,1531059613822,2018-07-08,0.31268250000000003,0.3279467821121216,0.0007229745388031006,0.027284866198897362,-0.007183631882071495,0.0,0.0,0.0,0.0,0.3081999224221411
00009,train,Landsat8,NIR,-64.13607729364495,-10.677598664601264,1531059637756,2018-07-08,0.31117,0.3279467821121216,0.0007229745388031006,0.027284866198897362,-0.007183631882071495,0.0,0.0,0.0,0.0,0.30819996947271644
00009,train,Landsat8,NIR,-64.13607729364495,-10.677598664601264,1532442020324,2018-07-24,0.3261025,0.3279467821121216,0.0007229745388031006,0.027284866198897362,-0.007183631882071495,0.0,0.0,0.0,0.0,0.31194630910376825
00009,train,Landsat8,NIR,-64.13607729364495,-10.677598664601264,1532442044258,2018-07-24,0.32409499999999997,0.3279467821121216,0.0007229745388031006,0.027284866198897362,-0.007183631882071495,0.0,0.0,0.0,0.0,0.31194638979215905
00009,train,Landsat8,NIR,-64.13607729364495,-10.677598664601264,1533824429568,2018-08-09,0.3298425,0.3279467821121216,0.0007229745388031006,0.027284866198897362,-0.007183631882071495,0.0,0.0,0.0,0.0,0.3174014342276932
00009,train,Landsat8,NIR,-64.13607729364495,-10.677598664601264,1533824453493,2018-08-09,0.32665249999999996,0.3279467821121216,0.0007229745388031006,0.027284866198897362,-0.007183631882071495,0.0,0.0,0.0,0.0,0.31740153969370244
00009,train,Landsat8,NIR,-64.13607729364495,-10.677598664601264,1537971648574,2018-09-26,0.35035750000000004,0.3279467821121216,0.0007229745388031006,0.027284866198897362,-0.007183631882071495,0.0,0.0,0.0,0.0,0.33947905987895427
00009,train,Landsat8,NIR,-64.13607729364495,-10.677598664601264,1537971672499,2018-09-26,0.34991750000000005,0.3279467821121216,0.0007229745388031006,0.027284866198897362,-0.007183631882071495,0.0,0.0,0.0,0.0,0.3394791923707154
