point_id,set_type,sensor,band,longitude,latitude,timestamp,date,observed,ccdc_INTP,ccdc_SLP,ccdc_COS,ccdc_SIN,ccdc_COS2,ccdc_SIN2,ccdc_COS3,ccdc_SIN3,ccdc_fit
00000,train,Landsat8,SWIR2,-64.29894655797644,-10.667470221992787,1370701388196,2013-06-08,0.05784,0.04836440831422806,0.0,0.0042772856540977955,0.0,-0.0005001066601835191,0.0,0.0,0.0,0.04410392616264064
00000,train,Landsat8,SWIR2,-64.29894655797644,-10.667470221992787,1370701412117,2013-06-08,0.05770249999999999,0.04836440831422806,0.0,0.0042772856540977955,0.0,-0.0005001066601835191,0.0,0.0,0.0,0.04410391451675015
00000,train,Landsat8,SWIR2,-64.29894655797644,-10.667470221992787,1373466186063,2013-07-10,0.0448875,0.04836440831422806,0.0,0.0042772856540977955,0.0,-0.0005001066601835191,0.0,0.0,0.0,0.0436478396227637
00000,train,Landsat8,SWIR2,-64.29894655797644,-10.667470221992787,1373466209988,2013-07-10,0.045630000000000004,0.04836440831422806,0.0,0.0042772856540977955,0.0,-0.0005001066601835191,0.0,0.0,0.0,0.04364784373875263
00000,train,Landsat8,SWIR2,-64.29894655797644,-10.667470221992787,1374848585541,2013-07-26,0.047032500000000005,0.04836440831422806,0.0,0.0042772856540977955,0.0,-0.0005001066601835191,0.0,0.0,0.0,0.044112319056050855
00000,train,Landsat8,SWIR2,-64.29894655797644,-10.667470221992787,1374848609474,2013-07-26,0.04689499999999999,0.04836440831422806,0.0,0.0042772856540977955,0.0,-0.0005001066601835191,0.0,0.0,0.0,0.04411233073175002
00000,train,Landsat8,SWIR2,-64.29894655797644,-10.667470221992787,1376230987226,2013-08-11,0.04560249999999999,0.04836440831422806,0.0,0.0042772856540977955,0.0,-0.0005001066601835191,0.0,0.0,0.0,0.044971762564091015
00000,train,Landsat8,SWIR2,-64.29894655797644,-10.667470221992787,1376231011164,2013-08-11,0.045465000000000005,0.04836440831422806,0.0,0.0042772856540977955,0.0,-0.0005001066601835191,0.0,0.0,0.0,0.04497178025375661
00000,train,Landsat8,SWIR2,-64.29894655797644,-10.667470221992787,1377613389619,2013-08-27,0.04829749999999999,0.04836440831422806,0.0,0.0042772856540977955,0.0,-0.0005001066601835191,0.0,0.0,0.0,0.04610779959711528
00000,train,Landsat8,SWIR2,-64.29894655797644,-10.667470221992787,1377613413552,2013-08-27,0.04827000000000001,0.04836440831422806,0.0,0.0042772856540977955,0.0,-0.0005001066601835191,0.0,0.0,0.0,0.046107820879954985
00000,train,Landsat8,SWIR2,-64.29894655797644,-10.667470221992787,1378995786459,2013-09-12,0.09680749999999999,0.04836440831422806,0.0,0.0042772856540977955,0.0,-0.0005001066601835191,0.0,0.0,0.0,0.04737503566138875
00000,train,Landsat8,SWIR2,-64.29894655797644,-10.667470221992787,1378995810396,2013-09-12,0.09317750000000002,0.04836440831422806,0.0,0.0042772856540977955,0.0,-0.0005001066601835191,0.0,0.0,0.0,0.04737505795854237
00000,train,Landsat8,SWIR2,-64.29894655797644,-10.667470221992787,1380378178872,2013-09-28,0.06124999999999997,0.04836440831422806,0.0,0.0042772856540977955,0.0,-0.0005001066601835191,0.0,0.0,0.0,0.048629702479973794
00000,train,Landsat8,SWIR2,-64.29894655797644,-10.667470221992787,1380378202797,2013-09-28,0.05456749999999999,0.04836440831422806,0.0,0.0042772856540977955,0.0,-0.0005001066601835191,0.0,0.0,0.0,0.048629723350540444
00000,train,Landsat8,SWIR2,-64.29894655797644,-10.667470221992787,1402496448271,2014-06-11,0.042605000000000004,0.04836440831422806,0.0,0.0042772856540977955,0.0,-0.0005001066601835191,0.0,0.0,0.0,0.04398492667587614
00000,train,Landsat8,SWIR2,-64.29894655797644,-10.667470221992787,1402496472196,2014-06-11,0.042935,0.04836440831422806,0.0,0.0042772856540977955,0.0,-0.0005001066601835191,0.0,0.0,0.0,0.043984916407474185
00000,train,Landsat8,SWIR2,-64.29894655797644,-10.667470221992787,1403878849774,2014-06-27,0.04277,0.04836440831422806,0.0,0.0042772856540977955,0.0,-0.0005001066601835191,0.0,0.0,0.0,0.04360934267405617
00000,train,Landsat8,SWIR2,-64.29894655797644,-10.667470221992787,1403878873699,2014-06-27,0.043072499999999986,0.04836440831422806,0.0,0.0042772856540977955,0.0,-0.0005001066601835191,0.0,0.0,0.0,0.04360934008459917
00000,train,Landsat8,SWIR2,-64.29894655797644,-10.667470221992787,1405261258705,2014-07-13,0.04296249999999999,0.04836440831422806,0.0,0.0042772856540977955,0.0,-0.0005001066601835191,0.0,0.0,0.0,0.04370089540543088
00000,train,Landsat8,SWIR2,-64.29894655797644,-10.667470221992787,1405261282634,2014-07-13,0.043649999999999994,0.04836440831422806,0.0,0.0042772856540977955,0.0,-0.0005001066601835191,0.0,0.0,0.0,0.04370090101814305
00000,train,Landsat8,SWIR2,-64.29894655797644,-10.667470221992787,1406643663023,2014-07-29,0.05528250000000001,0.04836440831422806,0.0,0.0042772856540977955,0.0,-0.0005001066601835191,0.0,0.0,0.0,0.0442463002403598
00000,train,Landsat8,SWIR2,-64.29894655797644,-10.667470221992787,1406643686952,2014-07-29,0.055145,0.04836440831422806,0.0,0.0042772856540977955,0.0,-0.0005001066601835191,0.0,0.0,0.0,0.044246313263738804
00000,train,Landsat8,SWIR2,-64.29894655797644,-10.667470221992787,1408026070355,2014-08-14,0.04851749999999999,0.04836440831422806,0.0,0.0042772856540977955,0.0,-0.0005001066601835191,0.0,0.0,0.0,0.04516779447663759
00000,train,Landsat8,SWIR2,-64.29894655797644,-10.667470221992787,1408026094288,2014-08-14,0.048655000000000004,0.04836440831422806,0.0,0.0042772856540977955,0.0,-0.0005001066601835191,0.0,0.0,0.0,0.0451678129944849
00000,train,Landsat8,SWIR2,-64.29894655797644,-10.667470221992787,1409408471887,2014-08-30,0.04961750000000001,0.04836440831422806,0.0,0.0042772856540977955,0.0,-0.0005001066601835191,0.0,0.0,0.0,0.04633983277601385
00000,train,Landsat8,SWIR2,-64.29894655797644,-10.667470221992787,1409408495821,2014-08-30,0.050002500000000005,0.04836440831422806,0.0,0.0042772856540977955,0.0,-0.0005001066601835191,0.0,0.0,0.0,0.04633985437498932
00000,train,Landsat8,SWIR2,-64.29894655797644,-10.667470221992787,1425997245260,2015-03-10,0.05327500000000002,0.04836440831422806,0.0,0.0042772856540977955,0.0,-0.0005001066601835191,0.0,0.0,0.0,0.050345922054093606
00000,train,Landsat8,SWIR2,-64.29894655797644,-10.667470221992787,1425997269185,2015-03-10,0.05462250000000002,0.04836440831422806,0.0,0.0042772856540977955,0.0,-0.0005001066601835191,0.0,0.0,0.0,0.05034590655646362
00000,train,Landsat8,SWIR2,-64.29894655797644,-10.667470221992787,1434291623616,2015-06-14,0.043265,0.04836440831422806,0.0,0.0042772856540977955,0.0,-0.0005001066601835191,0.0,0.0,0.0,0.043880551535051195
00000,train,Landsat8,SWIR2,-64.29894655797644,-10.667470221992787,1434291647545,2015-06-14,0.043072499999999986,0.04836440831422806,0.0,0.0042772856540977955,0.0,-0.0005001066601835191,0.0,0.0,0.0,0.04388054267394644
00000,train,Landsat8,SWIR2,-64.29894655797644,-10.667470221992787,1435674030515,2015-06-30,0.042935,0.04836440831422806,0.0,0.0042772856540977955,0.0,-0.0005001066601835191,0.0,0.0,0.0,0.04359038183243872
00000,train,Landsat8,SWIR2,-64.29894655797644,-10.667470221992787,1435674054448,2015-06-30,0.0418625,0.04836440831422806,0.0,0.0042772856540977955,0.0,-0.0005001066601835191,0.0,0.0,0.0,0.04359038073970496
00000,train,Landsat8,SWIR2,-64.29894655797644,-10.667470221992787,1438438843901,2015-08-01,0.04554749999999999,0.04836440831422806,0.0,0.0042772856540977955,0.0,-0.0005001066601835191,0.0,0.0,0.0,0.04439369077188504
00000,train,Landsat8,SWIR2,-64.29894655797644,-10.667470221992787,1438438867826,2015-08-01,0.045905,0.04836440831422806,0.0,0.0042772856540977955,0.0,-0.0005001066601835191,0.0,0.0,0.0,0.04439370482838045
00000,train,Landsat8,SWIR2,-64.29894655797644,-10.667470221992787,1441203655474,2015-09-02,0.05091000000000001,0.04836440831422806,0.0,0.0042772856540977955,0.0,-0.0005001066601835191,0.0,0.0,0.0,0.04657556529537708
00000,train,Landsat8,SWIR2,-64.29894655797644,-10.667470221992787,1441203679399,2015-09-02,0.049425,0.04836440831422806,0.0,0.0042772856540977955,0.0,-0.0005001066601835191,0.0,0.0,0.0,0.0465755871657753
00000,train,Landsat8,SWIR2,-64.29894655797644,-10.667470221992787,1442586064130,2015-09-18,0.052092499999999986,0.04836440831422806,0.0,0.0042772856540977955,0.0,-0.0005001066601835191,0.0,0.0,0.0,0.047853982572210914
00000,train,Landsat8,SWIR2,-64.29894655797644,-10.667470221992787,1442586088063,2015-09-18,0.051624999999999976,0.04836440831422806,0.0,0.0042772856540977955,0.0,-0.0005001066601835191,0.0,0.0,0.0,0.04785400454461368
00000,train,Landsat8,SWIR2,-64.29894655797644,-10.667470221992787,1443968467861,2015-10-04,0.05236750000000001,0.04836440831422806,0.0,0.0042772856540977955,0.0,-0.0005001066601835191,0.0,0.0,0.0,0.049071727847778364
00000,train,Landsat8,SWIR2,-64.29894655797644,-10.667470221992787,1443968491791,2015-10-04,0.05275249999999998,0.04836440831422806,0.0,0.0042772856540977955,0.0,-0.0005001066601835191,0.0,0.0,0.0,0.049071747764467266
00000,train,Landsat8,SWIR2,-64.29894655797644,-10.667470221992787,1448115675440,2015-11-21,0.07906999999999997,0.04836440831422806,0.0,0.0042772856540977955,0.0,-0.0005001066601835191,0.0,0.0,0.0,0.05155881307438459
00000,train,Landsat8,SWIR2,-64.29894655797644,-10.667470221992787,1453645271534,2016-01-24,0.05223,0.04836440831422806,0.0,0.0042772856540977955,0.0,-0.0005001066601835191,0.0,0.0,0.0,0.051950741529964775
00000,train,Landsat8,SWIR2,-64.29894655797644,-10.667470221992787,1453645295455,2016-01-24,0.052779999999999994,0.04836440831422806,0.0,0.0042772856540977955,0.0,-0.0005001066601835191,0.0,0.0,0.0,0.05195073708444278
00000,train,Landsat8,SWIR2,-64.29894655797644,-10.667470221992787,1455027666353,2016-02-09,0.05143249999999999,0.04836440831422806,0.0,0.0042772856540977955,0.0,-0.0005001066601835191,0.0,0.0,0.0,0.05158603438493573
00000,train,Landsat8,SWIR2,-64.29894655797644,-10.667470221992787,1455027690278,2016-02-09,0.05352249999999997,0.04836440831422806,0.0,0.0042772856540977955,0.0,-0.0005001066601835191,0.0,0.0,0.0,0.05158602603283909
00000,train,Landsat8,SWIR2,-64.29894655797644,-10.667470221992787,1461939641701,2016-04-29,0.05052499999999999,0.04836440831422806,0.0,0.0042772856540977955,0.0,-0.0005001066601835191,0.0,0.0,0.0,0.04666519143585222
00000,train,Landsat8,SWIR2,-64.29894655797644,-10.667470221992787,1461939665635,2016-04-29,0.05069000000000001,0.04836440831422806,0.0,0.0042772856540977955,0.0,-0.0005001066601835191,0.0,0.0,0.0,0.04666516955721567
00000,train,Landsat8,SWIR2,-64.29894655797644,-10.667470221992787,1466086848499,2016-06-16,0.04037750000000001,0.04836440831422806,0.0,0.0042772856540977955,0.0,-0.0005001066601835191,0.0,0.0,0.0,0.043803982267797636
00000,train,Landsat8,SWIR2,-64.29894655797644,-10.667470221992787,1466086872424,2016-06-16,0.03991,0.04836440831422806,0.0,0.0042772856540977955,0.0,-0.0005001066601835191,0.0,0.0,0.0,0.043803974499426634
00000,train,Landsat8,SWIR2,-64.29894655797644,-10.667470221992787,1467469258263,2016-07-02,0.04403499999999999,0.04836440831422806,0.0,0.0042772856540977955,0.0,-0.0005001066601835191,0.0,0.0,0.0,0.04358734674597528
00000,train,Landsat8,SWIR2,-64.29894655797644,-10.667470221992787,1467469282196,2016-07-02,0.0441725,0.04836440831422806,0.0,0.0042772856540977955,0.0,-0.0005001066601835191,0.0,0.0,0.0,0.043587347090347416
00000,train,Landsat8,SWIR2,-64.29894655797644,-10.667470221992787,1468851664930,2016-07-18,0.044062500000000004,0.04836440831422806,0.0,0.0042772856540977955,0.0,-0.0005001066601835191,0.0,0.0,0.0,0.04383851708958546
00000,train,Landsat8,SWIR2,-64.29894655797644,-10.667470221992787,1468851688855,2016-07-18,0.04419999999999999,0.04836440831422806,0.0,0.0042772856540977955,0.0,-0.0005001066601835191,0.0,0.0,0.0,0.04383852526194595
00000,train,Landsat8,SWIR2,-64.29894655797644,-10.667470221992787,1470234068097,2016-08-03,0.046454999999999996,0.04836440831422806,0.0,0.0042772856540977955,0.0,-0.0005001066601835191,0.0,0.0,0.0,0.04452134962569561
00000,train,Landsat8,SWIR2,-64.29894655797644,-10.667470221992787,1470234092031,2016-08-03,0.046454999999999996,0.04836440831422806,0.0,0.0042772856540977955,0.0,-0.0005001066601835191,0.0,0.0,0.0,0.04452136461097703
00000,train,Landsat8,SWIR2,-64.29894655797644,-10.667470221992787,1471616472778,2016-08-19,0.050002500000000005,0.04836440831422806,0.0,0.0042772856540977955,0.0,-0.0005001066601835191,0.0,0.0,0.0,0.045540169300298666
00000,train,Landsat8,SWIR2,-64.29894655797644,-10.667470221992787,1471616496703,2016-08-19,0.05286249999999998,0.04836440831422806,0.0,0.0042772856540977955,0.0,-0.0005001066601835191,0.0,0.0,0.0,0.045540189074246014
00000,train,Landsat8,SWIR2,-64.29894655797644,-10.667470221992787,1477146087511,2016-10-22,0.044639999999999985,0.04836440831422806,0.0,0.0042772856540977955,0.0,-0.0005001066601835191,0.0,0.0,0.0,0.050254507581880145
00000,train,Landsat8,SWIR2,-64.29894655797644,-10.667470221992787,1484058077534,2017-01-10,0.05148750000000002,0.04836440831422806,0.0,0.0042772856540977955,0.0,-0.0005001066601835191,0.0,0.0,0.0,0.05211039447429436
00000,train,Landsat8,SWIR2,-64.29894655797644,-10.667470221992787,1484058101459,2017-01-10,0.049067499999999986,0.04836440831422806,0.0,0.0042772856540977955,0.0,-0.0005001066601835191,0.0,0.0,0.0,0.05211039268023783
00000,train,Landsat8,SWIR2,-64.29894655797644,-10.667470221992787,1485440471964,2017-01-26,0.05069000000000001,0.04836440831422806,0.0,0.0042772856540977955,0.0,-0.0005001066601835191,0.0,0.0,0.0,0.05191496208559248
00000,train,Landsat8,SWIR2,-64.29894655797644,-10.667470221992787,1485440495889,2017-01-26,0.049947500000000006,0.04836440831422806,0.0,0.0042772856540977955,0.0,-0.0005001066601835191,0.0,0.0,0.0,0.051914957083892974
00000,train,Landsat8,SWIR2,-64.29894655797644,-10.667470221992787,1493734822810,2017-05-02,0.044584999999999986,0.04836440831422806,0.0,0.0042772856540977955,0.0,-0.0005001066601835191,0.0,0.0,0.0,0.046481262522943496
00000,train,Landsat8,SWIR2,-64.29894655797644,-10.667470221992787,1493734846744,2017-05-02,0.0446675,0.04836440831422806,0.0,0.0042772856540977955,0.0,-0.0005001066601835191,0.0,0.0,0.0,0.046481240690592285
00000,train,Landsat8,SWIR2,-64.29894655797644,-10.667470221992787,1495117258868,2017-05-18,0.07846500000000001,0.04836440831422806,0.0,0.0042772856540977955,0.0,-0.0005001066601835191,0.0,0.0,0.0,0.04529006271737837
00000,train,Landsat8,SWIR2,-64.29894655797644,-10.667470221992787,1497882050455,2017-06-19,0.042440000000000005,0.04836440831422806,0.0,0.0042772856540977955,0.0,-0.0005001066601835191,0.0,0.0,0.0,0.04374061321374527
00000,train,Landsat8,SWIR2,-64.29894655797644,-10.667470221992787,1497882074380,2017-06-19,0.04194500000000001,0.04836440831422806,0.0,0.0042772856540977955,0.0,-0.0005001066601835191,0.0,0.0,0.0,0.04374060682286279
00000,train,Landsat8,SWIR2,-64.29894655797644,-10.667470221992787,1499264454168,2017-07-05,0.04397999999999999,0.04836440831422806,0.0,0.0042772856540977955,0.0,-0.0005001066601835191,0.0,0.0,0.0,0.043595938155498185
00000,train,Landsat8,SWIR2,-64.29894655797644,-10.667470221992787,1499264478102,2017-07-05,0.04367750000000001,0.04836440831422806,0.0,0.0042772856540977955,0.0,-0.0005001066601835191,0.0,0.0,0.0,0.04359593968203011
00000,train,Landsat8,SWIR2,-64.29894655797644,-10.667470221992787,1500646859570,2017-07-21,0.044007500000000005,0.04836440831422806,0.0,0.0042772856540977955,0.0,-0.0005001066601835191,0.0,0.0,0.0,0.04392035060210631
00000,train,Landsat8,SWIR2,-64.29894655797644,-10.667470221992787,1500646883504,2017-07-21,0.043897500000000006,0.04836440831422806,0.0,0.0042772856540977955,0.0,-0.0005001066601835191,0.0,0.0,0.0,0.04392036015195533
00000,train,Landsat8,SWIR2,-64.29894655797644,-10.667470221992787,1502029266718,2017-08-06,0.04705999999999999,0.04836440831422806,0.0,0.0042772856540977955,0.0,-0.0005001066601835191,0.0,0.0,0.0,0.04466703761843556
00000,train,Landsat8,SWIR2,-64.29894655797644,-10.667470221992787,1502029290647,2017-08-06,0.04705999999999999,0.04836440831422806,0.0,0.0042772856540977955,0.0,-0.0005001066601835191,0.0,0.0,0.0,0.04466705354740734
00000,train,Landsat8,SWIR2,-64.29894655797644,-10.667470221992787,1503411671491,2017-08-22,0.04937,0.04836440831422806,0.0,0.0042772856540977955,0.0,-0.0005001066601835191,0.0,0.0,0.0,0.045731530829339784
00000,train,Landsat8,SWIR2,-64.29894655797644,-10.667470221992787,1503411695420,2017-08-22,0.049095,0.04836440831422806,0.0,0.0042772856540977955,0.0,-0.0005001066601835191,0.0,0.0,0.0,0.04573155131596022
00000,train,Landsat8,SWIR2,-64.29894655797644,-10.667470221992787,1504794073402,2017-09-07,0.055145,0.04836440831422806,0.0,0.0042772856540977955,0.0,-0.0005001066601835191,0.0,0.0,0.0,0.04697384129112343
00000,train,Landsat8,SWIR2,-64.29894655797644,-10.667470221992787,1504794097332,2017-09-07,0.05519999999999997,0.04836440831422806,0.0,0.0042772856540977955,0.0,-0.0005001066601835191,0.0,0.0,0.0,0.04697386357689409
00000,train,Landsat8,SWIR2,-64.29894655797644,-10.667470221992787,1506176477662,2017-09-23,0.06411,0.04836440831422806,0.0,0.0042772856540977955,0.0,-0.0005001066601835191,0.0,0.0,0.0,0.048246692272397876
00000,train,Landsat8,SWIR2,-64.29894655797644,-10.667470221992787,1506176501595,2017-09-23,0.06488,0.04836440831422806,0.0,0.0042772856540977955,0.0,-0.0005001066601835191,0.0,0.0,0.0,0.048246713788457574
00000,train,Landsat8,SWIR2,-64.29894655797644,-10.667470221992787,1507558883170,2017-10-09,0.057042499999999996,0.04836440831422806,0.0,0.0042772856540977955,0.0,-0.0005001066601835191,0.0,0.0,0.0,0.04942247601443703
00000,train,Landsat8,SWIR2,-64.29894655797644,-10.667470221992787,1507558907095,2017-10-09,0.054925,0.04836440831422806,0.0,0.0042772856540977955,0.0,-0.0005001066601835191,0.0,0.0,0.0,0.049422494937141584
00000,train,Landsat8,SWIR2,-64.29894655797644,-10.667470221992787,1522765232331,2018-04-03,0.03339249999999999,0.04836440831422806,0.0,0.0042772856540977955,0.0,-0.0005001066601835191,0.0,0.0,0.0,0.04876476207497494
00000,train,Landsat8,SWIR2,-64.29894655797644,-10.667470221992787,1522765256256,2018-04-03,0.034162499999999985,0.04836440831422806,0.0,0.0042772856540977955,0.0,-0.0005001066601835191,0.0,0.0,0.0,0.04876474148656096
00000,train,Landsat8,SWIR2,-64.29894655797644,-10.667470221992787,1524147622639,2018-04-19,0.06268000000000001,0.04836440831422806,0.0,0.0042772856540977955,0.0,-0.0005001066601835191,0.0,0.0,0.0,0.04751954308121005
00000,train,Landsat8,SWIR2,-64.29894655797644,-10.667470221992787,1524147646564,2018-04-19,0.06290000000000001,0.04836440831422806,0.0,0.0042772856540977955,0.0,-0.0005001066601835191,0.0,0.0,0.0,0.04751952089505283
00000,train,Landsat8,SWIR2,-64.29894655797644,-10.667470221992787,1525530014053,2018-05-05,0.04648250000000001,0.04836440831422806,0.0,0.0042772856540977955,0.0,-0.0005001066601835191,0.0,0.0,0.0,0.046246842377700076
00000,train,Landsat8,SWIR2,-64.29894655797644,-10.667470221992787,1525530037982,2018-05-05,0.04678499999999999,0.04836440831422806,0.0,0.0042772856540977955,0.0,-0.0005001066601835191,0.0,0.0,0.0,0.046246820944244656
00000,train,Landsat8,SWIR2,-64.29894655797644,-10.667470221992787,1526912402666,2018-05-21,0.0471975,0.04836440831422806,0.0,0.0042772856540977955,0.0,-0.0005001066601835191,0.0,0.0,0.0,0.04508853937499258
00000,train,Landsat8,SWIR2,-64.29894655797644,-10.667470221992787,1526912426595,2018-05-21,0.04716999999999999,0.04836440831422806,0.0,0.0042772856540977955,0.0,-0.0005001066601835191,0.0,0.0,0.0,0.04508852113817395
00000,train,Landsat8,SWIR2,-64.29894655797644,-10.667470221992787,1529677205054,2018-06-22,0.04901249999999999,0.04836440831422806,0.0,0.0042772856540977955,0.0,-0.0005001066601835191,0.0,0.0,0.0,0.04367779767153995
00000,train,Landsat8,SWIR2,-64.29894655797644,-10.667470221992787,1531059613822,2018-07-08,0.0446675,0.04836440831422806,0.0,0.0042772856540977955,0.0,-0.0005001066601835191,0.0,0.0,0.0,0.04362153457700027
00000,train,Landsat8,SWIR2,-64.29894655797644,-10.667470221992787,1531059637756,2018-07-08,0.04392499999999999,0.04836440831422806,0.0,0.0042772856540977955,0.0,-0.0005001066601835191,0.0,0.0,0.0,0.043621537600255444
00000,train,Landsat8,SWIR2,-64.29894655797644,-10.667470221992787,1532442020324,2018-07-24,0.04403499999999999,0.04836440831422806,0.0,0.0042772856540977955,0.0,-0.0005001066601835191,0.0,0.0,0.0,0.044030637358275074
00000,train,Landsat8,SWIR2,-64.29894655797644,-10.667470221992787,1532442044258,2018-07-24,0.04392499999999999,0.04836440831422806,0.0,0.0042772856540977955,0.0,-0.0005001066601835191,0.0,0.0,0.0,0.04403064831542129
00000,train,Landsat8,SWIR2,-64.29894655797644,-10.667470221992787,1537971648574,2018-09-26,0.05561250000000001,0.04836440831422806,0.0,0.0042772856540977955,0.0,-0.0005001066601835191,0.0,0.0,0.0,0.048477806862735215
00000,train,Landsat8,SWIR2,-64.29894655797644,-10.667470221992787,1537971672499,2018-09-26,0.05575000000000002,0.04836440831422806,0.0,0.0042772856540977955,0.0,-0.0005001066601835191,0.0,0.0,0.0,0.04847782799746082
00000,train,Landsat8,SWIR2,-64.29894655797644,-10.667470221992787,1540736460884,2018-10-28,0.061992500000000006,0.04836440831422806,0.0,0.0042772856540977955,0.0,-0.0005001066601835191,0.0,0.0,0.0,0.05057284573797438
00000,train,Landsat8,SWIR2,-64.29894655797644,-10.667470221992787,1540736484817,2018-10-28,0.06182749999999998,0.04836440831422806,0.0,0.0042772856540977955,0.0,-0.0005001066601835191,0.0,0.0,0.0,0.05057286015110894
00001,train,Landsat8,SWIR2,-64.64827690899091,-10.5586924109823,1369924160836,2013-05-30,0.08157249999999999,0.06384185701608658,0.0,0.0011379920179024339,-0.0055782063864171505,-0.0021196382585912943,0.00022804456239100546,0.0,0.0,0.058782864457081654
00001,train,Landsat8,SWIR2,-64.64827690899091,-10.5586924109823,1371306555719,2013-06-15,0.05676749999999997,0.06384185701608658,0.0,0.0011379920179024339,-0.0055782063864171505,-0.0021196382585912943,0.00022804456239100546,0.0,0.0,0.059255675730802045
00001,train,Landsat8,SWIR2,-64.64827690899091,-10.5586924109823,1374071355805,2013-07-17,0.06204749999999998,0.06384185701608658,0.0,0.0011379920179024339,-0.0055782063864171505,-0.0021196382585912943,0.00022804456239100546,0.0,0.0,0.06244998841751165
00001,train,Landsat8,SWIR2,-64.64827690899091,-10.5586924109823,1375453757871,2013-08-02,0.06820749999999998,0.06384185701608658,0.0,0.0011379920179024339,-0.0055782063864171505,-0.0021196382585912943,0.00022804456239100546,0.0,0.0,0.0648931890531782
00001,train,Landsat8,SWIR2,-64.64827690899091,-10.5586924109823,1376836158726,2013-08-18,0.07502750000000002,0.06384185701608658,0.0,0.0011379920179024339,-0.0055782063864171505,-0.0021196382585912943,0.00022804456239100546,0.0,0.0,0.06743702856369249
00001,train,Landsat8,SWIR2,-64.64827690899091,-10.5586924109823,1378218559861,2013-09-03,0.08072000000000001,0.06384185701608658,0.0,0.0011379920179024339,-0.0055782063864171505,-0.0021196382585912943,0.00022804456239100546,0.0,0.0,0.06963586743838503
00001,train,Landsat8,SWIR2,-64.64827690899091,-10.5586924109823,1379600953981,2013-09-19,0.08344249999999998,0.06384185701608658,0.0,0.0011379920179024339,-0.0055782063864171505,-0.0021196382585912943,0.00022804456239100546,0.0,0.0,0.07109195491470044
00001,train,Landsat8,SWIR2,-64.64827690899091,-10.5586924109823,1382365745849,2013-10-21,0.07103999999999999,0.06384185701608658,0.0,0.0011379920179024339,-0.0055782063864171505,-0.0021196382585912943,0.00022804456239100546,0.0,0.0,0.07097829221745268
00001,train,Landsat8,SWIR2,-64.64827690899091,-10.5586924109823,1403101620341,2014-06-18,0.055145,0.06384185701608658,0.0,0.0011379920179024339,-0.0055782063864171505,-0.0021196382585912943,0.00022804456239100546,0.0,0.0,0.059427842779282355
00001,train,Landsat8,SWIR2,-64.64827690899091,-10.5586924109823,1407248838225,2014-08-05,0.060892500000000016,0.06384185701608658,0.0,0.0011379920179024339,-0.0055782063864171505,-0.0021196382585912943,0.00022804456239100546,0.0,0.0,0.06537550550499474
00001,train,Landsat8,SWIR2,-64.64827690899091,-10.5586924109823,1408631242184,2014-08-21,0.072965,0.06384185701608658,0.0,0.0011379920179024339,-0.0055782063864171505,-0.0021196382585912943,0.00022804456239100546,0.0,0.0,0.0678886940375356
00001,train,Landsat8,SWIR2,-64.64827690899091,-10.5586924109823,1411396043213,2014-09-22,0.06650250000000002,0.06384185701608658,0.0,0.0011379920179024339,-0.0055782063864171505,-0.0021196382585912943,0.00022804456239100546,0.0,0.0,0.07125860952504864
00001,train,Landsat8,SWIR2,-64.64827690899091,-10.5586924109823,1419690441987,2014-12-27,0.05080000000000001,0.06384185701608658,0.0,0.0011379920179024339,-0.0055782063864171505,-0.0021196382585912943,0.00022804456239100546,0.0,0.0,0.06326868414975197
00001,train,Landsat8,SWIR2,-64.64827690899091,-10.5586924109823,1422455234791,2015-01-28,0.06477,0.06384185701608658,0.0,0.0011379920179024339,-0.0055782063864171505,-0.0021196382585912943,0.00022804456239100546,0.0,0.0,0.061255007261191485
00001,train,Landsat8,SWIR2,-64.64827690899091,-10.5586924109823,1432131980278,2015-05-20,0.049177499999999985,0.06384185701608658,0.0,0.0011379920179024339,-0.0055782063864171505,-0.0021196382585912943,0.00022804456239100546,0.0,0.0,0.05881960532302302
00001,train,Landsat8,SWIR2,-64.64827690899091,-10.5586924109823,1433514388572,2015-06-05,0.053027500000000005,0.06384185701608658,0.0,0.0011379920179024339,-0.0055782063864171505,-0.0021196382585912943,0.00022804456239100546,0.0,0.0,0.058875977603438004
00001,train,Landsat8,SWIR2,-64.64827690899091,-10.5586924109823,1434896796488,2015-06-21,0.054649999999999976,0.06384185701608658,0.0,0.0011379920179024339,-0.0055782063864171505,-0.0021196382585912943,0.00022804456239100546,0.0,0.0,0.05962771895905281
00001,train,Landsat8,SWIR2,-64.64827690899091,-10.5586924109823,1436279206041,2015-07-07,0.09859499999999999,0.06384185701608658,0.0,0.0011379920179024339,-0.0055782063864171505,-0.0021196382585912943,0.00022804456239100546,0.0,0.0,0.06115035762520622
00001,train,Landsat8,SWIR2,-64.64827690899091,-10.5586924109823,1437661613141,2015-07-23,0.059599999999999986,0.06384185701608658,0.0,0.0011379920179024339,-0.0055782063864171505,-0.0021196382585912943,0.00022804456239100546,0.0,0.0,0.06332721723183665
00001,train,Landsat8,SWIR2,-64.64827690899091,-10.5586924109823,1440426424196,2015-08-24,0.07769500000000001,0.06384185701608658,0.0,0.0011379920179024339,-0.0055782063864171505,-0.0021196382585912943,0.00022804456239100546,0.0,0.0,0.06832534401271605
00001,train,Landsat8,SWIR2,-64.64827690899091,-10.5586924109823,1441808830373,2015-09-09,0.09493750000000001,0.06384185701608658,0.0,0.0011379920179024339,-0.0055782063864171505,-0.0021196382585912943,0.00022804456239100546,0.0,0.0,0.07028633798620455
00001,train,Landsat8,SWIR2,-64.64827690899091,-10.5586924109823,1443191237327,2015-09-25,0.06559500000000001,0.06384185701608658,0.0,0.0011379920179024339,-0.0055782063864171505,-0.0021196382585912943,0.00022804456239100546,0.0,0.0,0.07138889356592507
00001,train,Landsat8,SWIR2,-64.64827690899091,-10.5586924109823,1447338443319,2015-11-12,0.06105749999999999,0.06384185701608658,0.0,0.0011379920179024339,-0.0055782063864171505,-0.0021196382585912943,0.00022804456239100546,0.0,0.0,0.06883308885613255
00001,train,Landsat8,SWIR2,-64.64827690899091,-10.5586924109823,1448720846674,2015-11-28,0.06716250000000001,0.06384185701608658,0.0,0.0011379920179024339,-0.0055782063864171505,-0.0021196382585912943,0.00022804456239100546,0.0,0.0,0.06675580586152781
00001,train,Landsat8,SWIR2,-64.64827690899091,-10.5586924109823,1450103245171,2015-12-14,0.06435750000000001,0.06384185701608658,0.0,0.0011379920179024339,-0.0055782063864171505,-0.0021196382585912943,0.00022804456239100546,0.0,0.0,0.06469571812441403
00001,train,Landsat8,SWIR2,-64.64827690899091,-10.5586924109823,1461162410083,2016-04-20,0.11611250000000001,0.06384185701608658,0.0,0.0011379920179024339,-0.0055782063864171505,-0.0021196382585912943,0.00022804456239100546,0.0,0.0,0.05973517792731283
00001,train,Landsat8,SWIR2,-64.64827690899091,-10.5586924109823,1461939641701,2016-04-29,0.06102999999999997,0.06384185701608658,0.0,0.0011379920179024339,-0.0055782063864171505,-0.0021196382585912943,0.00022804456239100546,0.0,0.0,0.05939224947869131
00001,train,Landsat8,SWIR2,-64.64827690899091,-10.5586924109823,1461939665635,2016-04-29,0.06155250000000001,0.06384185701608658,0.0,0.0011379920179024339,-0.0055782063864171505,-0.0021196382585912943,0.00022804456239100546,0.0,0.0,0.05939223921122691
00001,train,Landsat8,SWIR2,-64.64827690899091,-10.5586924109823,1462544813364,2016-05-06,0.0534675,0.06384185701608658,0.0,0.0011379920179024339,-0.0055782063864171505,-0.0021196382585912943,0.00022804456239100546,0.0,0.0,0.059145977399990536
00001,train,Landsat8,SWIR2,-64.64827690899091,-10.5586924109823,1465309618585,2016-06-07,0.0595175,0.06384185701608658,0.0,0.0011379920179024339,-0.0055782063864171505,-0.0021196382585912943,0.00022804456239100546,0.0,0.0,0.05894566707097772
00001,train,Landsat8,SWIR2,-64.64827690899091,-10.5586924109823,1466692023968,2016-06-23,0.05528250000000001,0.06384185701608658,0.0,0.0011379920179024339,-0.0055782063864171505,-0.0021196382585912943,0.00022804456239100546,0.0,0.0,0.05981727393567593
00001,train,Landsat8,SWIR2,-64.64827690899091,-10.5586924109823,1468074432444,2016-07-09,0.0562725,0.06384185701608658,0.0,0.0011379920179024339,-0.0055782063864171505,-0.0021196382585912943,0.00022804456239100546,0.0,0.0,0.06145049107252366
00001,train,Landsat8,SWIR2,-64.64827690899091,-10.5586924109823,1469456837478,2016-07-25,0.06003999999999998,0.06384185701608658,0.0,0.0011379920179024339,-0.0055782063864171505,-0.0021196382585912943,0.00022804456239100546,0.0,0.0,0.06369917971674094
00001,train,Landsat8,SWIR2,-64.64827690899091,-10.5586924109823,1472221646628,2016-08-26,0.0740925,0.06384185701608658,0.0,0.0011379920179024339,-0.0055782063864171505,-0.0021196382585912943,0.00022804456239100546,0.0,0.0,0.06865472812648263
00001,train,Landsat8,SWIR2,-64.64827690899091,-10.5586924109823,1474986451323,2016-09-27,0.07992250000000001,0.06384185701608658,0.0,0.0011379920179024339,-0.0055782063864171505,-0.0021196382585912943,0.00022804456239100546,0.0,0.0,0.071462608791278
00001,train,Landsat8,SWIR2,-64.64827690899091,-10.5586924109823,1476368856821,2016-10-13,0.07007750000000001,0.06384185701608658,0.0,0.0011379920179024339,-0.0055782063864171505,-0.0021196382585912943,0.00022804456239100546,0.0,0.0,0.07138204292063452
00001,train,Landsat8,SWIR2,-64.64827690899091,-10.5586924109823,1494339999197,2017-05-09,0.03735250000000001,0.06384185701608658,0.0,0.0011379920179024339,-0.0055782063864171505,-0.0021196382585912943,0.00022804456239100546,0.0,0.0,0.05907198670887147
00001,train,Landsat8,SWIR2,-64.64827690899091,-10.5586924109823,1495722410216,2017-05-25,0.05817,0.06384185701608658,0.0,0.0011379920179024339,-0.0055782063864171505,-0.0021196382585912943,0.00022804456239100546,0.0,0.0,0.05877385395841386
00001,train,Landsat8,SWIR2,-64.64827690899091,-10.5586924109823,1498487223209,2017-06-26,0.060645000000000004,0.06384185701608658,0.0,0.0011379920179024339,-0.0055782063864171505,-0.0021196382585912943,0.00022804456239100546,0.0,0.0,0.06002227860545631
00001,train,Landsat8,SWIR2,-64.64827690899091,-10.5586924109823,1499869625884,2017-07-12,0.061992500000000006,0.06384185701608658,0.0,0.0011379920179024339,-0.0055782063864171505,-0.0021196382585912943,0.00022804456239100546,0.0,0.0,0.06177120097465547
00001,train,Landsat8,SWIR2,-64.64827690899091,-10.5586924109823,1501252033785,2017-07-28,0.07582499999999998,0.06384185701608658,0.0,0.0011379920179024339,-0.0055782063864171505,-0.0021196382585912943,0.00022804456239100546,0.0,0.0,0.06409841132484989
00001,train,Landsat8,SWIR2,-64.64827690899091,-10.5586924109823,1502634439904,2017-08-13,0.08553250000000001,0.06384185701608658,0.0,0.0011379920179024339,-0.0055782063864171505,-0.0021196382585912943,0.00022804456239100546,0.0,0.0,0.0666579118502676
00001,train,Landsat8,SWIR2,-64.64827690899091,-10.5586924109823,1506781651389,2017-09-30,0.08869500000000002,0.06384185701608658,0.0,0.0011379920179024339,-0.0055782063864171505,-0.0021196382585912943,0.00022804456239100546,0.0,0.0,0.071523488041907
00001,train,Landsat8,SWIR2,-64.64827690899091,-10.5586924109823,1508164055195,2017-10-16,0.0663375,0.06384185701608658,0.0,0.0011379920179024339,-0.0055782063864171505,-0.0021196382585912943,0.00022804456239100546,0.0,0.0,0.07126344069790952
00001,train,Landsat8,SWIR2,-64.64827690899091,-10.5586924109823,1524752790005,2018-04-26,0.05624499999999999,0.06384185701608658,0.0,0.0011379920179024339,-0.0055782063864171505,-0.0021196382585912943,0.00022804456239100546,0.0,0.0,0.059531188290325415
00001,train,Landsat8,SWIR2,-64.64827690899091,-10.5586924109823,1527517567643,2018-05-28,0.05654749999999997,0.06384185701608658,0.0,0.0011379920179024339,-0.0055782063864171505,-0.0021196382585912943,0.00022804456239100546,0.0,0.0,0.05877219630092597
00001,train,Landsat8,SWIR2,-64.64827690899091,-10.5586924109823,1530282380016,2018-06-29,0.0624325,0.06384185701608658,0.0,0.0011379920179024339,-0.0055782063864171505,-0.0021196382585912943,0.00022804456239100546,0.0,0.0,0.06029526939875918
00001,train,Landsat8,SWIR2,-64.64827690899091,-10.5586924109823,1531664787793,2018-07-15,0.06498999999999999,0.06384185701608658,0.0,0.0011379920179024339,-0.0055782063864171505,-0.0021196382585912943,0.00022804456239100546,0.0,0.0,0.062171908386316276
00001,train,Landsat8,SWIR2,-64.64827690899091,-10.5586924109823,1535812010909,2018-09-01,0.060975,0.06384185701608658,0.0,0.0011379920179024339,-0.0055782063864171505,-0.0021196382585912943,0.00022804456239100546,0.0,0.0,0.06939432063352259
00001,train,Landsat8,SWIR2,-64.64827690899091,-10.5586924109823,1537194415363,2018-09-17,0.06273499999999999,0.06384185701608658,0.0,0.0011379920179024339,-0.0055782063864171505,-0.0021196382585912943,0.00022804456239100546,0.0,0.0,0.07096088046935997
00001,train,Landsat8,SWIR2,-64.64827690899091,-10.5586924109823,1541341632930,2018-11-04,0.07282749999999999,0.06384185701608658,0.0,0.0011379920179024339,-0.0055782063864171505,-0.0021196382585912943,0.00022804456239100546,0.0,0.0,0.06975190720764994
00002,train,Landsat8,SWIR2,-64.20595893280215,-10.309220082630318,1373466186063,2013-07-10,0.1069,0.11172343790531158,0.002342418534681201,-0.0018466528272256255,-0.03948284685611725,-0.006784917786717415,0.0013572195312008262,0.0,-0.003190454561263323,0.1174174120654242
00002,train,Landsat8,SWIR2,-64.20595893280215,-10.309220082630318,1374848585541,2013-07-26,0.13764500000000002,0.11172343790531158,0.002342418534681201,-0.0018466528272256255,-0.03948284685611725,-0.006784917786717415,0.0013572195312008262,0.0,-0.003190454561263323,0.1321043382838482
00002,train,Landsat8,SWIR2,-64.20595893280215,-10.309220082630318,1376230987226,2013-08-11,0.16957250000000001,0.11172343790531158,0.002342418534681201,-0.0018466528272256255,-0.03948284685611725,-0.006784917786717415,0.0013572195312008262,0.0,-0.003190454561263323,0.14457456445578806
00002,train,Landsat8,SWIR2,-64.20595893280215,-10.309220082630318,1377613389619,2013-08-27,0.1780425,0.11172343790531158,0.002342418534681201,-0.0018466528272256255,-0.03948284685611725,-0.006784917786717415,0.0013572195312008262,0.0,-0.003190454561263323,0.15322232255655668
00002,train,Landsat8,SWIR2,-64.20595893280215,-10.309220082630318,1383142970075,2013-10-30,0.09243499999999999,0.11172343790531158,0.002342418534681201,-0.0018466528272256255,-0.03948284685611725,-0.006784917786717415,0.0013572195312008262,0.0,-0.003190454561263323,0.15181643360071007
00002,train,Landsat8,SWIR2,-64.20595893280215,-10.309220082630318,1384525368470,2013-11-15,0.12075999999999998,0.11172343790531158,0.002342418534681201,-0.0018466528272256255,-0.03948284685611725,-0.006784917786717415,0.0013572195312008262,0.0,-0.003190454561263323,0.14376549971780395
00002,train,Landsat8,SWIR2,-64.20595893280215,-10.309220082630318,1388672549445,2014-01-02,0.09961249999999999,0.11172343790531158,0.002342418534681201,-0.0018466528272256255,-0.03948284685611725,-0.006784917786717415,0.0013572195312008262,0.0,-0.003190454561263323,0.1061887627274842
00002,train,Landsat8,SWIR2,-64.20595893280215,-10.309220082630318,1401114038758,2014-05-26,0.08088499999999998,0.11172343790531158,0.002342418534681201,-0.0018466528272256255,-0.03948284685611725,-0.006784917786717415,0.0013572195312008262,0.0,-0.003190454561263323,0.08875020275365962
00002,train,Landsat8,SWIR2,-64.20595893280215,-10.309220082630318,1402496448271,2014-06-11,0.07213999999999998,0.11172343790531158,0.002342418534681201,-0.0018466528272256255,-0.03948284685611725,-0.006784917786717415,0.0013572195312008262,0.0,-0.003190454561263323,0.09612753619173105
00002,train,Landsat8,SWIR2,-64.20595893280215,-10.309220082630318,1403878849774,2014-06-27,0.08294750000000001,0.11172343790531158,0.002342418534681201,-0.0018466528272256255,-0.03948284685611725,-0.006784917786717415,0.0013572195312008262,0.0,-0.003190454561263323,0.1080104872390379
00002,train,Landsat8,SWIR2,-64.20595893280215,-10.309220082630318,1405261258705,2014-07-13,0.09053749999999999,0.11172343790531158,0.002342418534681201,-0.0018466528272256255,-0.03948284685611725,-0.006784917786717415,0.0013572195312008262,0.0,-0.003190454561263323,0.12256712712573599
00002,train,Landsat8,SWIR2,-64.20595893280215,-10.309220082630318,1406643663023,2014-07-29,0.11086000000000001,0.11172343790531158,0.002342418534681201,-0.0018466528272256255,-0.03948284685611725,-0.006784917786717415,0.0013572195312008262,0.0,-0.003190454561263323,0.13701924516468417
00002,train,Landsat8,SWIR2,-64.20595893280215,-10.309220082630318,1408026070355,2014-08-14,0.13517,0.11172343790531158,0.002342418534681201,-0.0018466528272256255,-0.03948284685611725,-0.006784917786717415,0.0013572195312008262,0.0,-0.003190454561263323,0.14885423220090283
00002,train,Landsat8,SWIR2,-64.20595893280215,-10.309220082630318,1409408471887,2014-08-30,0.17037000000000002,0.11172343790531158,0.002342418534681201,-0.0018466528272256255,-0.03948284685611725,-0.006784917786717415,0.0013572195312008262,0.0,-0.003190454561263323,0.1567183798598368
00002,train,Landsat8,SWIR2,-64.20595893280215,-10.309220082630318,1412173276458,2014-10-01,0.1363525,0.11172343790531158,0.002342418534681201,-0.0018466528272256255,-0.03948284685611725,-0.006784917786717415,0.0013572195312008262,0.0,-0.003190454561263323,0.16091921434716014
00002,train,Landsat8,SWIR2,-64.20595893280215,-10.309220082630318,1413555680889,2014-10-17,0.13957000000000003,0.11172343790531158,0.002342418534681201,-0.0018466528272256255,-0.03948284685611725,-0.006784917786717415,0.0013572195312008262,0.0,-0.003190454561263323,0.15837302809062265
00002,train,Landsat8,SWIR2,-64.20595893280215,-10.309220082630318,1419085274286,2014-12-20,0.1307975,0.11172343790531158,0.002342418534681201,-0.0018466528272256255,-0.03948284685611725,-0.006784917786717415,0.0013572195312008262,0.0,-0.003190454561263323,0.11921590160342818
00002,train,Landsat8,SWIR2,-64.20595893280215,-10.309220082630318,1425997245260,2015-03-10,0.06240499999999999,0.11172343790531158,0.002342418534681201,-0.0018466528272256255,-0.03948284685611725,-0.006784917786717415,0.0013572195312008262,0.0,-0.003190454561263323,0.0886597393437514
00002,train,Landsat8,SWIR2,-64.20595893280215,-10.309220082630318,1428762029321,2015-04-11,0.10486499999999999,0.11172343790531158,0.002342418534681201,-0.0018466528272256255,-0.03948284685611725,-0.006784917786717415,0.0013572195312008262,0.0,-0.003190454561263323,0.08921847305472506
00002,train,Landsat8,SWIR2,-64.20595893280215,-10.309220082630318,1434291623616,2015-06-14,0.10613,0.11172343790531158,0.002342418534681201,-0.0018466528272256255,-0.03948284685611725,-0.006784917786717415,0.0013572195312008262,0.0,-0.003190454561263323,0.10038839482800983
00002,train,Landsat8,SWIR2,-64.20595893280215,-10.309220082630318,1435674030515,2015-06-30,0.12702999999999998,0.11172343790531158,0.002342418534681201,-0.0018466528272256255,-0.03948284685611725,-0.006784917786717415,0.0013572195312008262,0.0,-0.003190454561263323,0.11295621763432874
00002,train,Landsat8,SWIR2,-64.20595893280215,-10.309220082630318,1437056440104,2015-07-16,0.14135750000000002,0.11172343790531158,0.002342418534681201,-0.0018466528272256255,-0.03948284685611725,-0.006784917786717415,0.0013572195312008262,0.0,-0.003190454561263323,0.12771345180572752
00002,train,Landsat8,SWIR2,-64.20595893280215,-10.309220082630318,1438438843901,2015-08-01,0.1667675,0.11172343790531158,0.002342418534681201,-0.0018466528272256255,-0.03948284685611725,-0.006784917786717415,0.0013572195312008262,0.0,-0.003190454561263323,0.1418398781551733
00002,train,Landsat8,SWIR2,-64.20595893280215,-10.309220082630318,1441203655474,2015-09-02,0.187145,0.11172343790531158,0.002342418534681201,-0.0018466528272256255,-0.03948284685611725,-0.006784917786717415,0.0013572195312008262,0.0,-0.003190454561263323,0.16007093403638
00002,train,Landsat8,SWIR2,-64.20595893280215,-10.309220082630318,1442586064130,2015-09-18,0.21923750000000003,0.11172343790531158,0.002342418534681201,-0.0018466528272256255,-0.03948284685611725,-0.006784917786717415,0.0013572195312008262,0.0,-0.003190454561263323,0.163191339843729
00002,train,Landsat8,SWIR2,-64.20595893280215,-10.309220082630318,1443968467861,2015-10-04,0.2382125,0.11172343790531158,0.002342418534681201,-0.0018466528272256255,-0.03948284685611725,-0.006784917786717415,0.0013572195312008262,0.0,-0.003190454561263323,0.16300004448767813
00002,train,Landsat8,SWIR2,-64.20595893280215,-10.309220082630318,1445350869778,2015-10-20,0.18730999999999998,0.11172343790531158,0.002342418534681201,-0.0018466528272256255,-0.03948284685611725,-0.006784917786717415,0.0013572195312008262,0.0,-0.003190454561263323,0.15991941615478172
00002,train,Landsat8,SWIR2,-64.20595893280215,-10.309220082630318,1450880475111,2015-12-23,0.09359,0.11172343790531158,0.002342418534681201,-0.0018466528272256255,-0.03948284685611725,-0.006784917786717415,0.0013572195312008262,0.0,-0.003190454561263323,0.11901929872283208
00002,train,Landsat8,SWIR2,-64.20595893280215,-10.309220082630318,1453645271534,2016-01-24,0.0861925,0.11172343790531158,0.002342418534681201,-0.0018466528272256255,-0.03948284685611725,-0.006784917786717415,0.0013572195312008262,0.0,-0.003190454561263323,0.09696687016830469
00002,train,Landsat8,SWIR2,-64.20595893280215,-10.309220082630318,1455027666353,2016-02-09,0.09438750000000001,0.11172343790531158,0.002342418534681201,-0.0018466528272256255,-0.03948284685611725,-0.006784917786717415,0.0013572195312008262,0.0,-0.003190454561263323,0.09181417858711784
00002,train,Landsat8,SWIR2,-64.20595893280215,-10.309220082630318,1461939641701,2016-04-29,0.12175000000000002,0.11172343790531158,0.002342418534681201,-0.0018466528272256255,-0.03948284685611725,-0.006784917786717415,0.0013572195312008262,0.0,-0.003190454561263323,0.0905463309461566
00002,train,Landsat8,SWIR2,-64.20595893280215,-10.309220082630318,1466086848499,2016-06-16,0.1226025,0.11172343790531158,0.002342418534681201,-0.0018466528272256255,-0.03948284685611725,-0.006784917786717415,0.0013572195312008262,0.0,-0.003190454561263323,0.10447903380314963
00002,train,Landsat8,SWIR2,-64.20595893280215,-10.309220082630318,1467469258263,2016-07-02,0.1307975,0.11172343790531158,0.002342418534681201,-0.0018466528272256255,-0.03948284685611725,-0.006784917786717415,0.0013572195312008262,0.0,-0.003190454561263323,0.11752832065360455
00002,train,Landsat8,SWIR2,-64.20595893280215,-10.309220082630318,1468851664930,2016-07-18,0.14941500000000002,0.11172343790531158,0.002342418534681201,-0.0018466528272256255,-0.03948284685611725,-0.006784917786717415,0.0013572195312008262,0.0,-0.003190454561263323,0.13233403954857184
00002,train,Landsat8,SWIR2,-64.20595893280215,-10.309220082630318,1470234068097,2016-08-03,0.1835425,0.11172343790531158,0.002342418534681201,-0.0018466528272256255,-0.03948284685611725,-0.006784917786717415,0.0013572195312008262,0.0,-0.003190454561263323,0.1460960465207269
00002,train,Landsat8,SWIR2,-64.20595893280215,-10.309220082630318,1477146087511,2016-10-22,0.2041675,0.11172343790531158,0.002342418534681201,-0.0018466528272256255,-0.03948284685611725,-0.006784917786717415,0.0013572195312008262,0.0,-0.003190454561263323,0.16161431917939728
00002,train,Landsat8,SWIR2,-64.20595893280215,-10.309220082630318,1482675680843,2016-12-25,0.11963249999999997,0.11172343790531158,0.002342418534681201,-0.0018466528272256255,-0.03948284685611725,-0.006784917786717415,0.0013572195312008262,0.0,-0.003190454561263323,0.11967085377006506
00002,train,Landsat8,SWIR2,-64.20595893280215,-10.309220082630318,1484058077534,2017-01-10,0.091445,0.11172343790531158,0.002342418534681201,-0.0018466528272256255,-0.03948284685611725,-0.006784917786717415,0.0013572195312008262,0.0,-0.003190454561263323,0.10735259113819852
00002,train,Landsat8,SWIR2,-64.20595893280215,-10.309220082630318,1485440471964,2017-01-26,0.0779975,0.11172343790531158,0.002342418534681201,-0.0018466528272256255,-0.03948284685611725,-0.006784917786717415,0.0013572195312008262,0.0,-0.003190454561263323,0.09839383696981505
00002,train,Landsat8,SWIR2,-64.20595893280215,-10.309220082630318,1490970041467,2017-03-31,0.1223825,0.11172343790531158,0.002342418534681201,-0.0018466528272256255,-0.03948284685611725,-0.006784917786717415,0.0013572195312008262,0.0,-0.003190454561263323,0.09418699178441102
00002,train,Landsat8,SWIR2,-64.20595893280215,-10.309220082630318,1497882050455,2017-06-19,0.09699999999999998,0.11172343790531158,0.002342418534681201,-0.0018466528272256255,-0.03948284685611725,-0.006784917786717415,0.0013572195312008262,0.0,-0.003190454561263323,0.10861203860842805
00002,train,Landsat8,SWIR2,-64.20595893280215,-10.309220082630318,1499264454168,2017-07-05,0.11570000000000003,0.11172343790531158,0.002342418534681201,-0.0018466528272256255,-0.03948284685611725,-0.006784917786717415,0.0013572195312008262,0.0,-0.003190454561263323,0.12214751555271838
00002,train,Landsat8,SWIR2,-64.20595893280215,-10.309220082630318,1500646859570,2017-07-21,0.15458500000000003,0.11172343790531158,0.002342418534681201,-0.0018466528272256255,-0.03948284685611725,-0.006784917786717415,0.0013572195312008262,0.0,-0.003190454561263323,0.13701052180085768
00002,train,Landsat8,SWIR2,-64.20595893280215,-10.309220082630318,1502029266718,2017-08-06,0.170755,0.11172343790531158,0.002342418534681201,-0.0018466528272256255,-0.03948284685611725,-0.006784917786717415,0.0013572195312008262,0.0,-0.003190454561263323,0.15040867349482293
00002,train,Landsat8,SWIR2,-64.20595893280215,-10.309220082630318,1503411671491,2017-08-22,0.18125999999999998,0.11172343790531158,0.002342418534681201,-0.0018466528272256255,-0.03948284685611725,-0.006784917786717415,0.0013572195312008262,0.0,-0.003190454561263323,0.16034035907518904
00002,train,Landsat8,SWIR2,-64.20595893280215,-10.309220082630318,1504794073402,2017-09-07,0.12780000000000002,0.11172343790531158,0.002342418534681201,-0.0018466528272256255,-0.03948284685611725,-0.006784917786717415,0.0013572195312008262,0.0,-0.003190454561263323,0.16612844884066086
00002,train,Landsat8,SWIR2,-64.20595893280215,-10.309220082630318,1507558883170,2017-10-09,0.12221749999999998,0.11172343790531158,0.002342418534681201,-0.0018466528272256255,-0.03948284685611725,-0.006784917786717415,0.0013572195312008262,0.0,-0.003190454561263323,0.16702738460339786
00002,train,Landsat8,SWIR2,-64.20595893280215,-10.309220082630318,1521382839291,2018-03-18,0.08633000000000002,0.11172343790531158,0.002342418534681201,-0.0018466528272256255,-0.03948284685611725,-0.006784917786717415,0.0013572195312008262,0.0,-0.003190454561263323,0.09615652957709424
00002,train,Landsat8,SWIR2,-64.20595893280215,-10.309220082630318,1522765232331,2018-04-03,0.09389249999999999,0.11172343790531158,0.002342418534681201,-0.0018466528272256255,-0.03948284685611725,-0.006784917786717415,0.0013572195312008262,0.0,-0.003190454561263323,0.09650602015307481
00002,train,Landsat8,SWIR2,-64.20595893280215,-10.309220082630318,1524147622639,2018-04-19,0.052779999999999994,0.11172343790531158,0.002342418534681201,-0.0018466528272256255,-0.03948284685611725,-0.006784917786717415,0.0013572195312008262,0.0,-0.003190454561263323,0.09578915043455363
00002,train,Landsat8,SWIR2,-64.20595893280215,-10.309220082630318,1526912402666,2018-05-21,0.0992825,0.11172343790531158,0.002342418534681201,-0.0018466528272256255,-0.03948284685611725,-0.006784917786717415,0.0013572195312008262,0.0,-0.003190454561263323,0.09680070036804345
00002,train,Landsat8,SWIR2,-64.20595893280215,-10.309220082630318,1531059613822,2018-07-08,0.13745249999999998,0.11172343790531158,0.002342418534681201,-0.0018466528272256255,-0.03948284685611725,-0.006784917786717415,0.0013572195312008262,0.0,-0.003190454561263323,0.12726223743712953
00002,train,Landsat8,SWIR2,-64.20595893280215,-10.309220082630318,1532442020324,2018-07-24,0.1500475,0.11172343790531158,0.002342418534681201,-0.0018466528272256255,-0.03948284685611725,-0.006784917786717415,0.0013572195312008262,0.0,-0.003190454561263323,0.14205280848968746
00002,train,Landsat8,SWIR2,-64.20595893280215,-10.309220082630318,1533824429568,2018-08-09,0.13462000000000002,0.11172343790531158,0.002342418534681201,-0.0018466528272256255,-0.03948284685611725,-0.006784917786717415,0.0013572195312008262,0.0,-0.003190454561263323,0.15491594717107768
00002,train,Landsat8,SWIR2,-64.20595893280215,-10.309220082630318,1536589242907,2018-09-10,0.12166749999999998,0.11172343790531158,0.002342418534681201,-0.0018466528272256255,-0.03948284685611725,-0.006784917786717415,0.0013572195312008262,0.0,-0.003190454561263323,0.16911506893423645
00002,train,Landsat8,SWIR2,-64.20595893280215,-10.309220082630318,1537971648574,2018-09-26,0.12700250000000002,0.11172343790531158,0.002342418534681201,-0.0018466528272256255,-0.03948284685611725,-0.006784917786717415,0.0013572195312008262,0.0,-0.003190454561263323,0.1704984534719297
00002,train,Landsat8,SWIR2,-64.20595893280215,-10.309220082630318,1540736460884,2018-10-28,0.11828499999999997,0.11172343790531158,0.002342418534681201,-0.0018466528272256255,-0.03948284685611725,-0.006784917786717415,0.0013572195312008262,0.0,-0.003190454561263323,0.16430930682841507
00003,train,Landsat8,SWIR2,-64.05665962883877,-10.63338679248049,1373466186063,2013-07-10,0.04425499999999999,0.048739902675151825,0.0,0.0032052905298769474,0.0,0.0,0.0,0.0,0.0,0.045565715691544745
00003,train,Landsat8,SWIR2,-64.05665962883877,-10.63338679248049,1374848585541,2013-07-26,0.0506625,0.048739902675151825,0.0,0.0032052905298769474,0.0,0.0,0.0,0.0,0.0,0.045806497218185194
00003,train,Landsat8,SWIR2,-64.05665962883877,-10.63338679248049,1376230987226,2013-08-11,0.052312499999999984,0.048739902675151825,0.0,0.0032052905298769474,0.0,0.0,0.0,0.0,0.0,0.04626840483548647
00003,train,Landsat8,SWIR2,-64.05665962883877,-10.63338679248049,1377613389619,2013-08-27,0.054017499999999996,0.048739902675151825,0.0,0.0032052905298769474,0.0,0.0,0.0,0.0,0.0,0.0469166192617721
00003,train,Landsat8,SWIR2,-64.05665962883877,-10.63338679248049,1378995786459,2013-09-12,0.031907500000000005,0.048739902675151825,0.0,0.0032052905298769474,0.0,0.0,0.0,0.0,0.0,0.0477022733894321
00003,train,Landsat8,SWIR2,-64.05665962883877,-10.63338679248049,1380378178872,2013-09-28,0.06889499999999998,0.048739902675151825,0.0,0.0032052905298769474,0.0,0.0,0.0,0.0,0.0,0.04856614277782151
00003,train,Landsat8,SWIR2,-64.05665962883877,-10.63338679248049,1401114038758,2014-05-26,0.05118499999999998,0.048739902675151825,0.0,0.0032052905298769474,0.0,0.0,0.0,0.0,0.0,0.04615987857637488
00003,train,Landsat8,SWIR2,-64.05665962883877,-10.63338679248049,1402496448271,2014-06-11,0.051212499999999994,0.048739902675151825,0.0,0.0032052905298769474,0.0,0.0,0.0,0.0,0.0,0.04573987266284163
00003,train,Landsat8,SWIR2,-64.05665962883877,-10.63338679248049,1403878849774,2014-06-27,0.049315,0.048739902675151825,0.0,0.0032052905298769474,0.0,0.0,0.0,0.0,0.0,0.04554601822452037
00003,train,Landsat8,SWIR2,-64.05665962883877,-10.63338679248049,1405261258705,2014-07-13,0.046977500000000005,0.048739902675151825,0.0,0.0032052905298769474,0.0,0.0,0.0,0.0,0.0,0.04559292601676901
00003,train,Landsat8,SWIR2,-64.05665962883877,-10.63338679248049,1406643663023,2014-07-29,0.045217499999999994,0.048739902675151825,0.0,0.0032052905298769474,0.0,0.0,0.0,0.0,0.0,0.04587706046452278
00003,train,Landsat8,SWIR2,-64.05665962883877,-10.63338679248049,1408026070355,2014-08-14,0.050854999999999984,0.048739902675151825,0.0,0.0032052905298769474,0.0,0.0,0.0,0.0,0.0,0.04637700388472557
00003,train,Landsat8,SWIR2,-64.05665962883877,-10.63338679248049,1409408471887,2014-08-30,0.05236750000000001,0.048739902675151825,0.0,0.0032052905298769474,0.0,0.0,0.0,0.0,0.0,0.04705506570219348
00003,train,Landsat8,SWIR2,-64.05665962883877,-10.63338679248049,1412173276458,2014-10-01,0.1293125,0.048739902675151825,0.0,0.0032052905298769474,0.0,0.0,0.0,0.0,0.0,0.048731521763934256
00003,train,Landsat8,SWIR2,-64.05665962883877,-10.63338679248049,1413555680889,2014-10-17,0.144245,0.048739902675151825,0.0,0.0032052905298769474,0.0,0.0,0.0,0.0,0.0,0.04960354225402777
00003,train,Landsat8,SWIR2,-64.05665962883877,-10.63338679248049,1425997245260,2015-03-10,0.0770075,0.0743250772356987,0.0006284448900260031,0.0,0.0,-0.0032116423826664686,0.0,0.0,0.0,0.07585888929131801
00003,train,Landsat8,SWIR2,-64.05665962883877,-10.63338679248049,1428762029321,2015-04-11,0.07131500000000002,0.0743250772356987,0.0006284448900260031,0.0,0.0,-0.0032116423826664686,0.0,0.0,0.0,0.07667726104421531
00003,train,Landsat8,SWIR2,-64.05665962883877,-10.63338679248049,1434291623616,2015-06-14,0.062350000000000017,0.0743250772356987,0.0006284448900260031,0.0,0.0,-0.0032116423826664686,0.0,0.0,0.0,0.07111999239086078
00003,train,Landsat8,SWIR2,-64.05665962883877,-10.63338679248049,1435674030515,2015-06-30,0.06457750000000001,0.0743250772356987,0.0006284448900260031,0.0,0.0,-0.0032116423826664686,0.0,0.0,0.0,0.07056344838151321
00003,train,Landsat8,SWIR2,-64.05665962883877,-10.63338679248049,1437056440104,2015-07-16,0.06383499999999998,0.0743250772356987,0.0006284448900260031,0.0,0.0,-0.0032116423826664686,0.0,0.0,0.0,0.07095502596662759
00003,train,Landsat8,SWIR2,-64.05665962883877,-10.63338679248049,1438438843901,2015-08-01,0.066475,0.0743250772356987,0.0006284448900260031,0.0,0.0,-0.0032116423826664686,0.0,0.0,0.0,0.07218709750731589
00003,train,Landsat8,SWIR2,-64.05665962883877,-10.63338679248049,1441203655474,2015-09-02,0.07604499999999997,0.0743250772356987,0.0006284448900260031,0.0,0.0,-0.0032116423826664686,0.0,0.0,0.0,0.07560379328263798
00003,train,Landsat8,SWIR2,-64.05665962883877,-10.63338679248049,1442586064130,2015-09-18,0.091445,0.0743250772356987,0.0006284448900260031,0.0,0.0,-0.0032116423826664686,0.0,0.0,0.0,0.0767939695296232
00003,train,Landsat8,SWIR2,-64.05665962883877,-10.63338679248049,1443968467861,2015-10-04,0.08872249999999998,0.0743250772356987,0.0006284448900260031,0.0,0.0,-0.0032116423826664686,0.0,0.0,0.0,0.07712973987569274
00003,train,Landsat8,SWIR2,-64.05665962883877,-10.63338679248049,1445350869778,2015-10-20,0.07714500000000002,0.0743250772356987,0.0006284448900260031,0.0,0.0,-0.0032116423826664686,0.0,0.0,0.0,0.07651992237894167
00003,train,Landsat8,SWIR2,-64.05665962883877,-10.63338679248049,1446733273653,2015-11-05,0.07783249999999997,0.0743250772356987,0.0006284448900260031,0.0,0.0,-0.0032116423826664686,0.0,0.0,0.0,0.07515307517639916
00003,train,Landsat8,SWIR2,-64.05665962883877,-10.63338679248049,1453645271534,2016-01-24,0.231035,0.0743250772356987,0.0006284448900260031,0.0,0.0,-0.0032116423826664686,0.0,0.0,0.0,0.07191232845748617
00003,train,Landsat8,SWIR2,-64.05665962883877,-10.63338679248049,1455027666353,2016-02-09,0.06531999999999999,0.0743250772356987,0.0006284448900260031,0.0,0.0,-0.0032116423826664686,0.0,0.0,0.0,0.07348034778646773
00003,train,Landsat8,SWIR2,-64.05665962883877,-10.63338679248049,1461939641701,2016-04-29,0.0860825,0.0743250772356987,0.0006284448900260031,0.0,0.0,-0.0032116423826664686,0.0,0.0,0.0,0.07612060234845577
00003,train,Landsat8,SWIR2,-64.05665962883877,-10.63338679248049,1463322039935,2016-05-15,0.048600000000000004,0.0743250772356987,0.0006284448900260031,0.0,0.0,-0.0032116423826664686,0.0,0.0,0.0,0.0745006563936367
00003,train,Landsat8,SWIR2,-64.05665962883877,-10.63338679248049,1466086848499,2016-06-16,0.06468750000000001,0.0743250772356987,0.0006284448900260031,0.0,0.0,-0.0032116423826664686,0.0,0.0,0.0,0.07160054791800285
00003,train,Landsat8,SWIR2,-64.05665962883877,-10.63338679248049,1467469258263,2016-07-02,0.07670500000000002,0.0743250772356987,0.0006284448900260031,0.0,0.0,-0.0032116423826664686,0.0,0.0,0.0,0.07118997952257729
00003,train,Landsat8,SWIR2,-64.05665962883877,-10.63338679248049,1468851664930,2016-07-18,0.07838250000000002,0.0743250772356987,0.0006284448900260031,0.0,0.0,-0.0032116423826664686,0.0,0.0,0.0,0.07172439381503887
00003,train,Landsat8,SWIR2,-64.05665962883877,-10.63338679248049,1470234068097,2016-08-03,0.08179249999999999,0.0743250772356987,0.0006284448900260031,0.0,0.0,-0.0032116423826664686,0.0,0.0,0.0,0.07305447173572974
00003,train,Landsat8,SWIR2,-64.05665962883877,-10.63338679248049,1471616472778,2016-08-19,0.07359749999999998,0.0743250772356987,0.0006284448900260031,0.0,0.0,-0.0032116423826664686,0.0,0.0,0.0,0.07479696803396538
00003,train,Landsat8,SWIR2,-64.05665962883877,-10.63338679248049,1484058077534,2017-01-10,0.07714500000000002,0.0743250772356987,0.0006284448900260031,0.0,0.0,-0.0032116423826664686,0.0,0.0,0.0,0.071692780939049
00003,train,Landsat8,SWIR2,-64.05665962883877,-10.63338679248049,1485440471964,2017-01-26,0.07412000000000002,0.0743250772356987,0.0006284448900260031,0.0,0.0,-0.0032116423826664686,0.0,0.0,0.0,0.072715200228579
00003,train,Landsat8,SWIR2,-64.05665962883877,-10.63338679248049,1493734822810,2017-05-02,0.06570500000000001,0.0743250772356987,0.0006284448900260031,0.0,0.0,-0.0032116423826664686,0.0,0.0,0.0,0.07653596531618304
00003,train,Landsat8,SWIR2,-64.05665962883877,-10.63338679248049,1496499644152,2017-06-03,0.08220499999999997,0.0743250772356987,0.0006284448900260031,0.0,0.0,-0.0032116423826664686,0.0,0.0,0.0,0.07323001594346604
00003,train,Landsat8,SWIR2,-64.05665962883877,-10.63338679248049,1497882050455,2017-06-19,0.06963750000000002,0.0743250772356987,0.0006284448900260031,0.0,0.0,-0.0032116423826664686,0.0,0.0,0.0,0.07210618071535774
00003,train,Landsat8,SWIR2,-64.05665962883877,-10.63338679248049,1499264454168,2017-07-05,0.06796000000000002,0.0743250772356987,0.0006284448900260031,0.0,0.0,-0.0032116423826664686,0.0,0.0,0.0,0.07184036953549146
00003,train,Landsat8,SWIR2,-64.05665962883877,-10.63338679248049,1500646859570,2017-07-21,0.07511000000000001,0.0743250772356987,0.0006284448900260031,0.0,0.0,-0.0032116423826664686,0.0,0.0,0.0,0.07251923715154465
00003,train,Landsat8,SWIR2,-64.05665962883877,-10.63338679248049,1502029266718,2017-08-06,0.1165525,0.0743250772356987,0.0006284448900260031,0.0,0.0,-0.0032116423826664686,0.0,0.0,0.0,0.07395017005451723
00003,train,Landsat8,SWIR2,-64.05665962883877,-10.63338679248049,1503411671491,2017-08-22,0.14650000000000002,0.09975295513868332,-0.004424110986292362,0.0033451952040195465,-0.008973878808319569,0.0,0.0,0.0,0.0,0.10928408442273585
00003,train,Landsat8,SWIR2,-64.05665962883877,-10.63338679248049,1504794073402,2017-09-07,0.127525,0.09975295513868332,-0.004424110986292362,0.0033451952040195465,-0.008973878808319569,0.0,0.0,0.0,0.0,0.11116663980303221
00003,train,Landsat8,SWIR2,-64.05665962883877,-10.63338679248049,1506176477662,2017-09-23,0.1252975,0.09975295513868332,-0.004424110986292362,0.0033451952040195465,-0.008973878808319569,0.0,0.0,0.0,0.0,0.11253220185260376
00003,train,Landsat8,SWIR2,-64.05665962883877,-10.63338679248049,1507558883170,2017-10-09,0.14683000000000002,0.09975295513868332,-0.004424110986292362,0.0033451952040195465,-0.008973878808319569,0.0,0.0,0.0,0.0,0.11326321206293233
00003,train,Landsat8,SWIR2,-64.05665962883877,-10.63338679248049,1521382839291,2018-03-18,0.09163749999999998,0.09975295513868332,-0.004424110986292362,0.0033451952040195465,-0.008973878808319569,0.0,0.0,0.0,0.0,0.0941261127979462
00003,train,Landsat8,SWIR2,-64.05665962883877,-10.63338679248049,1522765232331,2018-04-03,0.08792499999999998,0.09975295513868332,-0.004424110986292362,0.0033451952040195465,-0.008973878808319569,0.0,0.0,0.0,0.0,0.09273827522474573
00003,train,Landsat8,SWIR2,-64.05665962883877,-10.63338679248049,1525530014053,2018-05-05,0.07904250000000002,0.09975295513868332,-0.004424110986292362,0.0033451952040195465,-0.008973878808319569,0.0,0.0,0.0,0.0,0.09204756484829041
00003,train,Landsat8,SWIR2,-64.05665962883877,-10.63338679248049,1526912402666,2018-05-21,0.07381749999999998,0.09975295513868332,-0.004424110986292362,0.0033451952040195465,-0.008973878808319569,0.0,0.0,0.0,0.0,0.09276698393048172
00003,train,Landsat8,SWIR2,-64.05665962883877,-10.63338679248049,1531059613822,2018-07-08,0.0740925,0.09975295513868332,-0.004424110986292362,0.0033451952040195465,-0.008973878808319569,0.0,0.0,0.0,0.0,0.09823691930407423
00003,train,Landsat8,SWIR2,-64.05665962883877,-10.63338679248049,1532442020324,2018-07-24,0.09573500000000001,0.09975295513868332,-0.004424110986292362,0.0033451952040195465,-0.008973878808319569,0.0,0.0,0.0,0.0,0.10065540811525273
00003,train,Landsat8,SWIR2,-64.05665962883877,-10.63338679248049,1533824429568,2018-08-09,0.1448775,0.09975295513868332,-0.004424110986292362,0.0033451952040195465,-0.008973878808319569,0.0,0.0,0.0,0.0,0.10305688335908758
00003,train,Landsat8,SWIR2,-64.05665962883877,-10.63338679248049,1537971648574,2018-09-26,0.09488249999999998,0.09975295513868332,-0.004424110986292362,0.0033451952040195465,-0.008973878808319569,0.0,0.0,0.0,0.0,0.10829643196046759
00004,train,Landsat8,SWIR2,-64.50735244812665,-10.664908173237874,1371306555719,2013-06-15,0.03897500000000001,0.044513680040836334,0.0,0.0017534970538690686,0.0,0.0,0.0,0.0,0.0,0.04283383267765194
00004,train,Landsat8,SWIR2,-64.50735244812665,-10.664908173237874,1372688955756,2013-07-01,0.04216500000000001,0.044513680040836334,0.0,0.0017534970538690686,0.0,0.0,0.0,0.0,0.0,0.04276039170655558
00004,train,Landsat8,SWIR2,-64.50735244812665,-10.664908173237874,1374071355805,2013-07-17,0.041917499999999996,0.044513680040836334,0.0,0.0017534970538690686,0.0,0.0,0.0,0.0,0.0,0.04281911695376839
00004,train,Landsat8,SWIR2,-64.50735244812665,-10.664908173237874,1374848585541,2013-07-26,0.051844999999999974,0.044513680040836334,0.0,0.0017534970538690686,0.0,0.0,0.0,0.0,0.0,0.042908921352458745
00004,train,Landsat8,SWIR2,-64.50735244812665,-10.664908173237874,1374848609474,2013-07-26,0.051844999999999974,0.044513680040836334,0.0,0.0017534970538690686,0.0,0.0,0.0,0.0,0.0,0.042908924696988954
00004,train,Landsat8,SWIR2,-64.50735244812665,-10.664908173237874,1375453757871,2013-08-02,0.025802500000000006,0.044513680040836334,0.0,0.0017534970538690686,0.0,0.0,0.0,0.0,0.0,0.04300558172452649
00004,train,Landsat8,SWIR2,-64.50735244812665,-10.664908173237874,1376230987226,2013-08-11,0.056162500000000004,0.044513680040836334,0.0,0.0017534970538690686,0.0,0.0,0.0,0.0,0.0,0.04316161409233608
00004,train,Landsat8,SWIR2,-64.50735244812665,-10.664908173237874,1376231011164,2013-08-11,0.05599749999999998,0.044513680040836334,0.0,0.0017534970538690686,0.0,0.0,0.0,0.0,0.0,0.0431616194226811
00004,train,Landsat8,SWIR2,-64.50735244812665,-10.664908173237874,1376836158726,2013-08-18,0.039965,0.044513680040836334,0.0,0.0017534970538690686,0.0,0.0,0.0,0.0,0.0,0.04330572989901336
00004,train,Landsat8,SWIR2,-64.50735244812665,-10.664908173237874,1377613389619,2013-08-27,0.050112500000000004,0.044513680040836334,0.0,0.0017534970538690686,0.0,0.0,0.0,0.0,0.0,0.043516228463848575
00004,train,Landsat8,SWIR2,-64.50735244812665,-10.664908173237874,1377613413552,2013-08-27,0.050002500000000005,0.044513680040836334,0.0,0.0017534970538690686,0.0,0.0,0.0,0.0,0.0,0.04351623536194213
00004,train,Landsat8,SWIR2,-64.50735244812665,-10.664908173237874,1378218559861,2013-09-03,0.040982500000000005,0.044513680040836334,0.0,0.0017534970538690686,0.0,0.0,0.0,0.0,0.0,0.04369693567811131
00004,train,Landsat8,SWIR2,-64.50735244812665,-10.664908173237874,1379600953981,2013-09-19,0.04508000000000001,0.044513680040836334,0.0,0.0017534970538690686,0.0,0.0,0.0,0.0,0.0,0.044149706916055784
00004,train,Landsat8,SWIR2,-64.50735244812665,-10.664908173237874,1380378178872,2013-09-28,0.06177250000000001,0.044513680040836334,0.0,0.0017534970538690686,0.0,0.0,0.0,0.0,0.0,0.04441862236503151
00004,train,Landsat8,SWIR2,-64.50735244812665,-10.664908173237874,1380378202797,2013-09-28,0.054759999999999975,0.044513680040836334,0.0,0.0017534970538690686,0.0,0.0,0.0,0.0,0.0,0.04441863071329246
00004,train,Landsat8,SWIR2,-64.50735244812665,-10.664908173237874,1382365745849,2013-10-21,0.04678499999999999,0.044513680040836334,0.0,0.0017534970538690686,0.0,0.0,0.0,0.0,0.0,0.04510136207606305
00004,train,Landsat8,SWIR2,-64.50735244812665,-10.664908173237874,1388672549445,2014-01-02,0.053137500000000004,0.044513680040836334,0.0,0.0017534970538690686,0.0,0.0,0.0,0.0,0.0,0.04626651289190934
00004,train,Landsat8,SWIR2,-64.50735244812665,-10.664908173237874,1388672573383,2014-01-02,0.054705000000000004,0.044513680040836334,0.0,0.0017534970538690686,0.0,0.0,0.0,0.0,0.0,0.0462665126828762
00004,train,Landsat8,SWIR2,-64.50735244812665,-10.664908173237874,1392819715105,2014-02-19,0.08547749999999998,0.044513680040836334,0.0,0.0017534970538690686,0.0,0.0,0.0,0.0,0.0,0.04566594448630647
00004,train,Landsat8,SWIR2,-64.50735244812665,-10.664908173237874,1402496448271,2014-06-11,0.04846249999999999,0.044513680040836334,0.0,0.0017534970538690686,0.0,0.0,0.0,0.0,0.0,0.04287247349838083
00004,train,Landsat8,SWIR2,-64.50735244812665,-10.664908173237874,1402496472196,2014-06-11,0.04871,0.044513680040836334,0.0,0.0017534970538690686,0.0,0.0,0.0,0.0,0.0,0.0428724705719169
00004,train,Landsat8,SWIR2,-64.50735244812665,-10.664908173237874,1403101620341,2014-06-18,0.045685,0.044513680040836334,0.0,0.0017534970538690686,0.0,0.0,0.0,0.0,0.0,0.04281012612495239
00004,train,Landsat8,SWIR2,-64.50735244812665,-10.664908173237874,1403878849774,2014-06-27,0.043704999999999994,0.044513680040836334,0.0,0.0017534970538690686,0.0,0.0,0.0,0.0,0.0,0.042766422835170334
00004,train,Landsat8,SWIR2,-64.50735244812665,-10.664908173237874,1403878873699,2014-06-27,0.04381499999999999,0.044513680040836334,0.0,0.0017534970538690686,0.0,0.0,0.0,0.0,0.0,0.04276642210355435
00004,train,Landsat8,SWIR2,-64.50735244812665,-10.664908173237874,1404484025941,2014-07-04,0.043265,0.044513680040836334,0.0,0.0017534970538690686,0.0,0.0,0.0,0.0,0.0,0.04276133099696128
00004,train,Landsat8,SWIR2,-64.50735244812665,-10.664908173237874,1405261258705,2014-07-13,0.04576749999999999,0.044513680040836334,0.0,0.0017534970538690686,0.0,0.0,0.0,0.0,0.0,0.04279208437029322
00004,train,Landsat8,SWIR2,-64.50735244812665,-10.664908173237874,1405261282634,2014-07-13,0.04629,0.044513680040836334,0.0,0.0017534970538690686,0.0,0.0,0.0,0.0,0.0,0.042792085938041756
00004,train,Landsat8,SWIR2,-64.50735244812665,-10.664908173237874,1407248838225,2014-08-05,0.03831499999999999,0.044513680040836334,0.0,0.0017534970538690686,0.0,0.0,0.0,0.0,0.0,0.04305375048471952
00004,train,Landsat8,SWIR2,-64.50735244812665,-10.664908173237874,1408026070355,2014-08-14,0.05124000000000001,0.044513680040836334,0.0,0.0017534970538690686,0.0,0.0,0.0,0.0,0.0,0.04322102465469189
00004,train,Landsat8,SWIR2,-64.50735244812665,-10.664908173237874,1408026094288,2014-08-14,0.05124000000000001,0.044513680040836334,0.0,0.0017534970538690686,0.0,0.0,0.0,0.0,0.0,0.043221030298586614
00004,train,Landsat8,SWIR2,-64.50735244812665,-10.664908173237874,1408631242184,2014-08-21,0.042935,0.044513680040836334,0.0,0.0017534970538690686,0.0,0.0,0.0,0.0,0.0,0.0433729214063823
00004,train,Landsat8,SWIR2,-64.50735244812665,-10.664908173237874,1409408471887,2014-08-30,0.0475275,0.044513680040836334,0.0,0.0017534970538690686,0.0,0.0,0.0,0.0,0.0,0.04359196744074777
00004,train,Landsat8,SWIR2,-64.50735244812665,-10.664908173237874,1409408495821,2014-08-30,0.0475275,0.044513680040836334,0.0,0.0017534970538690686,0.0,0.0,0.0,0.0,0.0,0.04359197454787446
00004,train,Landsat8,SWIR2,-64.50735244812665,-10.664908173237874,1410013645475,2014-09-06,0.0416975,0.044513680040836334,0.0,0.0017534970538690686,0.0,0.0,0.0,0.0,0.0,0.043778085007463614
00004,train,Landsat8,SWIR2,-64.50735244812665,-10.664908173237874,1411396043213,2014-09-22,0.040459999999999996,0.044513680040836334,0.0,0.0017534970538690686,0.0,0.0,0.0,0.0,0.0,0.044238697470352396
00004,train,Landsat8,SWIR2,-64.50735244812665,-10.664908173237874,1412173276458,2014-10-01,0.055337499999999984,0.044513680040836334,0.0,0.0017534970538690686,0.0,0.0,0.0,0.0,0.0,0.04450909515126337
00004,train,Landsat8,SWIR2,-64.50735244812665,-10.664908173237874,1412173300387,2014-10-01,0.056410000000000016,0.044513680040836334,0.0,0.0017534970538690686,0.0,0.0,0.0,0.0,0.0,0.04450910351136409
00004,train,Landsat8,SWIR2,-64.50735244812665,-10.664908173237874,1412778449385,2014-10-08,0.022419999999999995,0.044513680040836334,0.0,0.0017534970538690686,0.0,0.0,0.0,0.0,0.0,0.044720041513255836
00004,train,Landsat8,SWIR2,-64.50735244812665,-10.664908173237874,1417702900864,2014-12-04,0.04524500000000001,0.044513680040836334,0.0,0.0017534970538690686,0.0,0.0,0.0,0.0,0.0,0.046075692497654294
00004,train,Landsat8,SWIR2,-64.50735244812665,-10.664908173237874,1422455234791,2015-01-28,0.04037750000000001,0.044513680040836334,0.0,0.0017534970538690686,0.0,0.0,0.0,0.0,0.0,0.046072931169901035
00004,train,Landsat8,SWIR2,-64.50735244812665,-10.664908173237874,1425997245260,2015-03-10,0.05393500000000001,0.044513680040836334,0.0,0.0017534970538690686,0.0,0.0,0.0,0.0,0.0,0.04518024292554327
00004,train,Landsat8,SWIR2,-64.50735244812665,-10.664908173237874,1425997269185,2015-03-10,0.05544749999999998,0.044513680040836334,0.0,0.0017534970538690686,0.0,0.0,0.0,0.0,0.0,0.04518023519131716
00004,train,Landsat8,SWIR2,-64.50735244812665,-10.664908173237874,1427984800373,2015-04-02,0.04560249999999999,0.044513680040836334,0.0,0.0017534970538690686,0.0,0.0,0.0,0.0,0.0,0.04450305930633844
00004,train,Landsat8,SWIR2,-64.50735244812665,-10.664908173237874,1432131980278,2015-05-20,0.039415000000000006,0.044513680040836334,0.0,0.0017534970538690686,0.0,0.0,0.0,0.0,0.0,0.043216960109839636
00004,train,Landsat8,SWIR2,-64.50735244812665,-10.664908173237874,1433514388572,2015-06-05,0.041559999999999986,0.044513680040836334,0.0,0.0017534970538690686,0.0,0.0,0.0,0.0,0.0,0.042944822584880735
00004,train,Landsat8,SWIR2,-64.50735244812665,-10.664908173237874,1434291623616,2015-06-14,0.050992499999999996,0.044513680040836334,0.0,0.0017534970538690686,0.0,0.0,0.0,0.0,0.0,0.042842793719245764
00004,train,Landsat8,SWIR2,-64.50735244812665,-10.664908173237874,1434291647545,2015-06-14,0.0507725,0.044513680040836334,0.0,0.0017534970538690686,0.0,0.0,0.0,0.0,0.0,0.04284279121084811
00004,train,Landsat8,SWIR2,-64.50735244812665,-10.664908173237874,1434896796488,2015-06-21,0.043292499999999984,0.044513680040836334,0.0,0.0017534970538690686,0.0,0.0,0.0,0.0,0.0,0.04279094984293661
00004,train,Landsat8,SWIR2,-64.50735244812665,-10.664908173237874,1435674030515,2015-06-30,0.0519,0.044513680040836334,0.0,0.0017534970538690686,0.0,0.0,0.0,0.0,0.0,0.042761123218022085
00004,train,Landsat8,SWIR2,-64.50735244812665,-10.664908173237874,1435674054448,2015-06-30,0.050387499999999974,0.044513680040836334,0.0,0.0017534970538690686,0.0,0.0,0.0,0.0,0.0,0.04276112290447238
00004,train,Landsat8,SWIR2,-64.50735244812665,-10.664908173237874,1437661613141,2015-07-23,0.04089999999999999,0.044513680040836334,0.0,0.0017534970538690686,0.0,0.0,0.0,0.0,0.0,0.04287460657703777
00004,train,Landsat8,SWIR2,-64.50735244812665,-10.664908173237874,1439044016101,2015-08-08,0.041917499999999996,0.044513680040836334,0.0,0.0017534970538690686,0.0,0.0,0.0,0.0,0.0,0.0431058286871764
00004,train,Landsat8,SWIR2,-64.50735244812665,-10.664908173237874,1440426424196,2015-08-24,0.046674999999999994,0.044513680040836334,0.0,0.0017534970538690686,0.0,0.0,0.0,0.0,0.0,0.0434431791163363
00004,train,Landsat8,SWIR2,-64.50735244812665,-10.664908173237874,1441203655474,2015-09-02,0.050827500000000025,0.044513680040836334,0.0,0.0017534970538690686,0.0,0.0,0.0,0.0,0.0,0.04367019276230715
00004,train,Landsat8,SWIR2,-64.50735244812665,-10.664908173237874,1441203679399,2015-09-02,0.049315,0.044513680040836334,0.0,0.0017534970538690686,0.0,0.0,0.0,0.0,0.0,0.04367020007846698
00004,train,Landsat8,SWIR2,-64.50735244812665,-10.664908173237874,1441808830373,2015-09-09,0.04241249999999999,0.044513680040836334,0.0,0.0017534970538690686,0.0,0.0,0.0,0.0,0.0,0.04386122610907156
00004,train,Landsat8,SWIR2,-64.50735244812665,-10.664908173237874,1442586064130,2015-09-18,0.05456749999999999,0.044513680040836334,0.0,0.0017534970538690686,0.0,0.0,0.0,0.0,0.0,0.04412006789838263
00004,train,Landsat8,SWIR2,-64.50735244812665,-10.664908173237874,1442586088063,2015-09-18,0.05398999999999998,0.044513680040836334,0.0,0.0017534970538690686,0.0,0.0,0.0,0.0,0.0,0.044120076050675014
00004,train,Landsat8,SWIR2,-64.50735244812665,-10.664908173237874,1443191237327,2015-09-25,0.04491500000000001,0.044513680040836334,0.0,0.0017534970538690686,0.0,0.0,0.0,0.0,0.0,0.04432845704449922
00004,train,Landsat8,SWIR2,-64.50735244812665,-10.664908173237874,1443968467861,2015-10-04,0.05888500000000002,0.044513680040836334,0.0,0.0017534970538690686,0.0,0.0,0.0,0.0,0.0,0.0445996128910514
00004,train,Landsat8,SWIR2,-64.50735244812665,-10.664908173237874,1443968491791,2015-10-04,0.05932500000000002,0.044513680040836334,0.0,0.0017534970538690686,0.0,0.0,0.0,0.0,0.0,0.044599621239312354
00004,train,Landsat8,SWIR2,-64.50735244812665,-10.664908173237874,1445350869778,2015-10-20,0.06014999999999998,0.044513680040836334,0.0,0.0017534970538690686,0.0,0.0,0.0,0.0,0.0,0.045072679489512914
00004,train,Landsat8,SWIR2,-64.50735244812665,-10.664908173237874,1445350893711,2015-10-20,0.06144250000000001,0.044513680040836334,0.0,0.0017534970538690686,0.0,0.0,0.0,0.0,0.0,0.04507268738051387
00004,train,Landsat8,SWIR2,-64.50735244812665,-10.664908173237874,1447338443319,2015-11-12,0.04851749999999999,0.044513680040836334,0.0,0.0017534970538690686,0.0,0.0,0.0,0.0,0.0,0.04567050882939173
00004,train,Landsat8,SWIR2,-64.50735244812665,-10.664908173237874,1450880475111,2015-12-23,0.056794999999999984,0.044513680040836334,0.0,0.0017534970538690686,0.0,0.0,0.0,0.0,0.0,0.046248868822795254
00004,train,Landsat8,SWIR2,-64.50735244812665,-10.664908173237874,1450880499036,2015-12-23,0.055365,0.044513680040836334,0.0,0.0017534970538690686,0.0,0.0,0.0,0.0,0.0,0.04624886997247751
00004,train,Landsat8,SWIR2,-64.50735244812665,-10.664908173237874,1453645271534,2016-01-24,0.05214750000000001,0.044513680040836334,0.0,0.0017534970538690686,0.0,0.0,0.0,0.0,0.0,0.04612524610238672
00004,train,Landsat8,SWIR2,-64.50735244812665,-10.664908173237874,1453645295455,2016-01-24,0.05261500000000002,0.044513680040836334,0.0,0.0017534970538690686,0.0,0.0,0.0,0.0,0.0,0.04612524286237308
00004,train,Landsat8,SWIR2,-64.50735244812665,-10.664908173237874,1455027666353,2016-02-09,0.0506625,0.044513680040836334,0.0,0.0017534970538690686,0.0,0.0,0.0,0.0,0.0,0.04587738798544211
00004,train,Landsat8,SWIR2,-64.50735244812665,-10.664908173237874,1455027690278,2016-02-09,0.052779999999999994,0.044513680040836334,0.0,0.0017534970538690686,0.0,0.0,0.0,0.0,0.0,0.04587738265509709
00004,train,Landsat8,SWIR2,-64.50735244812665,-10.664908173237874,1457792457696,2016-03-12,0.05071749999999997,0.044513680040836334,0.0,0.0017534970538690686,0.0,0.0,0.0,0.0,0.0,0.045101196939884014
00004,train,Landsat8,SWIR2,-64.50735244812665,-10.664908173237874,1457792481626,2016-03-12,0.052037500000000014,0.044513680040836334,0.0,0.0017534970538690686,0.0,0.0,0.0,0.0,0.0,0.04510118910114134
00004,train,Landsat8,SWIR2,-64.50735244812665,-10.664908173237874,1459780015959,2016-04-04,0.04890249999999999,0.044513680040836334,0.0,0.0017534970538690686,0.0,0.0,0.0,0.0,0.0,0.0444203448438148
00004,train,Landsat8,SWIR2,-64.50735244812665,-10.664908173237874,1461162410083,2016-04-20,0.050937500000000024,0.044513680040836334,0.0,0.0017534970538690686,0.0,0.0,0.0,0.0,0.0,0.043948911956908074
00004,train,Landsat8,SWIR2,-64.50735244812665,-10.664908173237874,1461939641701,2016-04-29,0.04805000000000001,0.044513680040836334,0.0,0.0017534970538690686,0.0,0.0,0.0,0.0,0.0,0.04370028611350579
00004,train,Landsat8,SWIR2,-64.50735244812665,-10.664908173237874,1461939665635,2016-04-29,0.04816000000000001,0.044513680040836334,0.0,0.0017534970538690686,0.0,0.0,0.0,0.0,0.0,0.04370027874508768
00004,train,Landsat8,SWIR2,-64.50735244812665,-10.664908173237874,1462544813364,2016-05-06,0.036885,0.044513680040836334,0.0,0.0017534970538690686,0.0,0.0,0.0,0.0,0.0,0.04351981850347752
00004,train,Landsat8,SWIR2,-64.50735244812665,-10.664908173237874,1465309618585,2016-06-07,0.045465000000000005,0.044513680040836334,0.0,0.0017534970538690686,0.0,0.0,0.0,0.0,0.0,0.042911755423744036
00004,train,Landsat8,SWIR2,-64.50735244812665,-10.664908173237874,1466086848499,2016-06-16,0.0448875,0.044513680040836334,0.0,0.0017534970538690686,0.0,0.0,0.0,0.0,0.0,0.04282112367189339
00004,train,Landsat8,SWIR2,-64.50735244812665,-10.664908173237874,1466086872424,2016-06-16,0.0445025,0.044513680040836334,0.0,0.0017534970538690686,0.0,0.0,0.0,0.0,0.0,0.04282112147704544
00004,train,Landsat8,SWIR2,-64.50735244812665,-10.664908173237874,1466692023968,2016-06-23,0.04397999999999999,0.044513680040836334,0.0,0.0017534970538690686,0.0,0.0,0.0,0.0,0.0,0.042778374095803554
00004,train,Landsat8,SWIR2,-64.50735244812665,-10.664908173237874,1467469258263,2016-07-02,0.04895749999999999,0.044513680040836334,0.0,0.0017534970538690686,0.0,0.0,0.0,0.0,0.0,0.04276027537961427
00004,train,Landsat8,SWIR2,-64.50735244812665,-10.664908173237874,1467469282196,2016-07-02,0.049177499999999985,0.044513680040836334,0.0,0.0017534970538690686,0.0,0.0,0.0,0.0,0.0,0.04276027548413084
00004,train,Landsat8,SWIR2,-64.50735244812665,-10.664908173237874,1468074432444,2016-07-09,0.04290749999999999,0.044513680040836334,0.0,0.0017534970538690686,0.0,0.0,0.0,0.0,0.0,0.042775095097483985
00004,train,Landsat8,SWIR2,-64.50735244812665,-10.664908173237874,1468851664930,2016-07-18,0.048435000000000006,0.044513680040836334,0.0,0.0017534970538690686,0.0,0.0,0.0,0.0,0.0,0.042830886773637805
00004,train,Landsat8,SWIR2,-64.50735244812665,-10.664908173237874,1468851688855,2016-07-18,0.048765,0.044513680040836334,0.0,0.0017534970538690686,0.0,0.0,0.0,0.0,0.0,0.04283088907300232
00004,train,Landsat8,SWIR2,-64.50735244812665,-10.664908173237874,1469456837478,2016-07-25,0.041614999999999985,0.044513680040836334,0.0,0.0017534970538690686,0.0,0.0,0.0,0.0,0.0,0.042902164251755644
00004,train,Landsat8,SWIR2,-64.50735244812665,-10.664908173237874,1470234068097,2016-08-03,0.048655000000000004,0.044513680040836334,0.0,0.0017534970538690686,0.0,0.0,0.0,0.0,0.0,0.04302766283554478
00004,train,Landsat8,SWIR2,-64.50735244812665,-10.664908173237874,1470234092031,2016-08-03,0.048655000000000004,0.044513680040836334,0.0,0.0017534970538690686,0.0,0.0,0.0,0.0,0.0,0.04302766722524068
00004,train,Landsat8,SWIR2,-64.50735244812665,-10.664908173237874,1472221646628,2016-08-26,0.044007500000000005,0.044513680040836334,0.0,0.0017534970538690686,0.0,0.0,0.0,0.0,0.0,0.04350018057177642
00004,train,Landsat8,SWIR2,-64.50735244812665,-10.664908173237874,1474986451323,2016-09-27,0.04587749999999999,0.044513680040836334,0.0,0.0017534970538690686,0.0,0.0,0.0,0.0,0.0,0.044396441101010965
00004,train,Landsat8,SWIR2,-64.50735244812665,-10.664908173237874,1476368856821,2016-10-13,0.04560249999999999,0.044513680040836334,0.0,0.0017534970538690686,0.0,0.0,0.0,0.0,0.0,0.0448753814718603
00004,train,Landsat8,SWIR2,-64.50735244812665,-10.664908173237874,1482675680843,2016-12-25,0.05170750000000002,0.044513680040836334,0.0,0.0017534970538690686,0.0,0.0,0.0,0.0,0.0,0.04625659803210672
00004,train,Landsat8,SWIR2,-64.50735244812665,-10.664908173237874,1482675704768,2016-12-25,0.05140499999999998,0.044513680040836334,0.0,0.0017534970538690686,0.0,0.0,0.0,0.0,0.0,0.046256598972755844
00004,train,Landsat8,SWIR2,-64.50735244812665,-10.664908173237874,1484058077534,2017-01-10,0.043952500000000005,0.044513680040836334,0.0,0.0017534970538690686,0.0,0.0,0.0,0.0,0.0,0.04624329714901787
00004,train,Landsat8,SWIR2,-64.50735244812665,-10.664908173237874,1484058101459,2017-01-10,0.0417525,0.044513680040836334,0.0,0.0017534970538690686,0.0,0.0,0.0,0.0,0.0,0.04624329579030247
00004,train,Landsat8,SWIR2,-64.50735244812665,-10.664908173237874,1485440471964,2017-01-26,0.05624499999999999,0.044513680040836334,0.0,0.0017534970538690686,0.0,0.0,0.0,0.0,0.0,0.04609967340634749
00004,train,Landsat8,SWIR2,-64.50735244812665,-10.664908173237874,1485440495889,2017-01-26,0.05564000000000002,0.044513680040836334,0.0,0.0017534970538690686,0.0,0.0,0.0,0.0,0.0,0.046099669852784145
00004,train,Landsat8,SWIR2,-64.50735244812665,-10.664908173237874,1487428032820,2017-02-18,0.03903000000000001,0.044513680040836334,0.0,0.0017534970538690686,0.0,0.0,0.0,0.0,0.0,0.045688443245534525
00004,train,Landsat8,SWIR2,-64.50735244812665,-10.664908173237874,1492352433206,2017-04-16,0.0472525,0.044513680040836334,0.0,0.0017534970538690686,0.0,0.0,0.0,0.0,0.0,0.04408498631102396
00004,train,Landsat8,SWIR2,-64.50735244812665,-10.664908173237874,1492352457135,2017-04-16,0.0476925,0.044513680040836334,0.0,0.0017534970538690686,0.0,0.0,0.0,0.0,0.0,0.04408497821098986
00004,train,Landsat8,SWIR2,-64.50735244812665,-10.664908173237874,1493734822810,2017-05-02,0.046345,0.044513680040836334,0.0,0.0017534970538690686,0.0,0.0,0.0,0.0,0.0,0.043638740591194804
00004,train,Landsat8,SWIR2,-64.50735244812665,-10.664908173237874,1493734846744,2017-05-02,0.04629,0.044513680040836334,0.0,0.0017534970538690686,0.0,0.0,0.0,0.0,0.0,0.04363873332729326
00004,train,Landsat8,SWIR2,-64.50735244812665,-10.664908173237874,1495117234935,2017-05-18,0.055942500000000006,0.044513680040836334,0.0,0.0017534970538690686,0.0,0.0,0.0,0.0,0.0,0.043258442945113065
00004,train,Landsat8,SWIR2,-64.50735244812665,-10.664908173237874,1495117258868,2017-05-18,0.05387999999999998,0.044513680040836334,0.0,0.0017534970538690686,0.0,0.0,0.0,0.0,0.0,0.0432584370921852
00004,train,Landsat8,SWIR2,-64.50735244812665,-10.664908173237874,1495722410216,2017-05-25,0.041972499999999996,0.044513680040836334,0.0,0.0017534970538690686,0.0,0.0,0.0,0.0,0.0,0.0431202838512534
00004,train,Landsat8,SWIR2,-64.50735244812665,-10.664908173237874,1496499644152,2017-06-03,0.054815,0.044513680040836334,0.0,0.0017534970538690686,0.0,0.0,0.0,0.0,0.0,0.042972769479301606
00004,train,Landsat8,SWIR2,-64.50735244812665,-10.664908173237874,1496499668085,2017-06-03,0.05420999999999998,0.044513680040836334,0.0,0.0017534970538690686,0.0,0.0,0.0,0.0,0.0,0.042972765507671984
00004,train,Landsat8,SWIR2,-64.50735244812665,-10.664908173237874,1497882050455,2017-06-19,0.04430999999999999,0.044513680040836334,0.0,0.0017534970538690686,0.0,0.0,0.0,0.0,0.0,0.042803254474089655
00004,train,Landsat8,SWIR2,-64.50735244812665,-10.664908173237874,1497882074380,2017-06-19,0.04367750000000001,0.044513680040836334,0.0,0.0017534970538690686,0.0,0.0,0.0,0.0,0.0,0.04280325269730798
00004,train,Landsat8,SWIR2,-64.50735244812665,-10.664908173237874,1498487223209,2017-06-26,0.04381499999999999,0.044513680040836334,0.0,0.0017534970538690686,0.0,0.0,0.0,0.0,0.0,0.042769212591430364
00004,train,Landsat8,SWIR2,-64.50735244812665,-10.664908173237874,1499264454168,2017-07-05,0.04829749999999999,0.044513680040836334,0.0,0.0017534970538690686,0.0,0.0,0.0,0.0,0.0,0.04276267570713817
00004,train,Landsat8,SWIR2,-64.50735244812665,-10.664908173237874,1499264478102,2017-07-05,0.0478575,0.044513680040836334,0.0,0.0017534970538690686,0.0,0.0,0.0,0.0,0.0,0.042762676125204444
00004,train,Landsat8,SWIR2,-64.50735244812665,-10.664908173237874,1499869625884,2017-07-12,0.04375999999999999,0.044513680040836334,0.0,0.0017534970538690686,0.0,0.0,0.0,0.0,0.0,0.04278663038217254
00004,train,Landsat8,SWIR2,-64.50735244812665,-10.664908173237874,1500646859570,2017-07-21,0.04904,0.044513680040836334,0.0,0.0017534970538690686,0.0,0.0,0.0,0.0,0.0,0.0428540916468061
00004,train,Landsat8,SWIR2,-64.50735244812665,-10.664908173237874,1500646883504,2017-07-21,0.048655000000000004,0.044513680040836334,0.0,0.0017534970538690686,0.0,0.0,0.0,0.0,0.0,0.04285409436423689
00004,train,Landsat8,SWIR2,-64.50735244812665,-10.664908173237874,1501252033785,2017-07-28,0.04263249999999999,0.044513680040836334,0.0,0.0017534970538690686,0.0,0.0,0.0,0.0,0.0,0.04293423756483762
00004,train,Landsat8,SWIR2,-64.50735244812665,-10.664908173237874,1502029266718,2017-08-06,0.049315,0.044513680040836334,0.0,0.0017534970538690686,0.0,0.0,0.0,0.0,0.0,0.04307061182924829
00004,train,Landsat8,SWIR2,-64.50735244812665,-10.664908173237874,1502029290647,2017-08-06,0.049095,0.044513680040836334,0.0,0.0017534970538690686,0.0,0.0,0.0,0.0,0.0,0.043070616532493895
00004,train,Landsat8,SWIR2,-64.50735244812665,-10.664908173237874,1503411671491,2017-08-22,0.049177499999999985,0.044513680040836334,0.0,0.0017534970538690686,0.0,0.0,0.0,0.0,0.0,0.043395913588332655
00004,train,Landsat8,SWIR2,-64.50735244812665,-10.664908173237874,1503411695420,2017-08-22,0.04871,0.044513680040836334,0.0,0.0017534970538690686,0.0,0.0,0.0,0.0,0.0,0.04339592006835993
00004,train,Landsat8,SWIR2,-64.50735244812665,-10.664908173237874,1504016843501,2017-08-29,0.021017499999999995,0.044513680040836334,0.0,0.0017534970538690686,0.0,0.0,0.0,0.0,0.0,0.04356653594659327
00004,train,Landsat8,SWIR2,-64.50735244812665,-10.664908173237874,1504794073402,2017-09-07,0.05519999999999997,0.044513680040836334,0.0,0.0017534970538690686,0.0,0.0,0.0,0.0,0.0,0.043805474305988815
00004,train,Landsat8,SWIR2,-64.50735244812665,-10.664908173237874,1504794097332,2017-09-07,0.05519999999999997,0.044513680040836334,0.0,0.0017534970538690686,0.0,0.0,0.0,0.0,0.0,0.04380548198795664
00004,train,Landsat8,SWIR2,-64.50735244812665,-10.664908173237874,1507558883170,2017-10-09,0.05784,0.044513680040836334,0.0,0.0017534970538690686,0.0,0.0,0.0,0.0,0.0,0.0447498579869986
00004,train,Landsat8,SWIR2,-64.50735244812665,-10.664908173237874,1507558907095,2017-10-09,0.055942500000000006,0.044513680040836334,0.0,0.0017534970538690686,0.0,0.0,0.0,0.0,0.0,0.04474986626993669
00004,train,Landsat8,SWIR2,-64.50735244812665,-10.664908173237874,1508164055195,2017-10-16,0.045905,0.044513680040836334,0.0,0.0017534970538690686,0.0,0.0,0.0,0.0,0.0,0.044957134906981486
00004,train,Landsat8,SWIR2,-64.50735244812665,-10.664908173237874,1516458437705,2018-01-20,0.05731750000000002,0.044513680040836334,0.0,0.0017534970538690686,0.0,0.0,0.0,0.0,0.0,0.046168290415201166
00004,train,Landsat8,SWIR2,-64.50735244812665,-10.664908173237874,1519223223345,2018-02-21,0.05913249999999998,0.044513680040836334,0.0,0.0017534970538690686,0.0,0.0,0.0,0.0,0.0,0.045619681167683064
00004,train,Landsat8,SWIR2,-64.50735244812665,-10.664908173237874,1521382839291,2018-03-18,0.0597375,0.044513680040836334,0.0,0.0017534970538690686,0.0,0.0,0.0,0.0,0.0,0.04495128660397508
00004,train,Landsat8,SWIR2,-64.50735244812665,-10.664908173237874,1521382863212,2018-03-18,0.05841750000000001,0.044513680040836334,0.0,0.0017534970538690686,0.0,0.0,0.0,0.0,0.0,0.044951278503940977
00004,train,Landsat8,SWIR2,-64.50735244812665,-10.664908173237874,1522765232331,2018-04-03,0.05154249999999999,0.044513680040836334,0.0,0.0017534970538690686,0.0,0.0,0.0,0.0,0.0,0.04447300640876776
00004,train,Landsat8,SWIR2,-64.50735244812665,-10.664908173237874,1522765256256,2018-04-03,0.05275249999999998,0.044513680040836334,0.0,0.0017534970538690686,0.0,0.0,0.0,0.0,0.0,0.04447299805397452
00004,train,Landsat8,SWIR2,-64.50735244812665,-10.664908173237874,1524147622639,2018-04-19,0.05690499999999998,0.044513680040836334,0.0,0.0017534970538690686,0.0,0.0,0.0,0.0,0.0,0.043997793154293766
00004,train,Landsat8,SWIR2,-64.50735244812665,-10.664908173237874,1524147646564,2018-04-19,0.056630000000000014,0.044513680040836334,0.0,0.0017534970538690686,0.0,0.0,0.0,0.0,0.0,0.04399778515877624
00004,train,Landsat8,SWIR2,-64.50735244812665,-10.664908173237874,1524752790005,2018-04-26,0.03320000000000001,0.044513680040836334,0.0,0.0017534970538690686,0.0,0.0,0.0,0.0,0.0,0.04379996110923179
00004,train,Landsat8,SWIR2,-64.50735244812665,-10.664908173237874,1525530014053,2018-05-05,0.05759249999999999,0.044513680040836334,0.0,0.0017534970538690686,0.0,0.0,0.0,0.0,0.0,0.043561467520095674
00004,train,Landsat8,SWIR2,-64.50735244812665,-10.664908173237874,1525530037982,2018-05-05,0.05819750000000001,0.044513680040836334,0.0,0.0017534970538690686,0.0,0.0,0.0,0.0,0.0,0.04356146051748555
00004,train,Landsat8,SWIR2,-64.50735244812665,-10.664908173237874,1526912402666,2018-05-21,0.041779999999999984,0.044513680040836334,0.0,0.0017534970538690686,0.0,0.0,0.0,0.0,0.0,0.04319692125257981
00004,train,Landsat8,SWIR2,-64.50735244812665,-10.664908173237874,1526912426595,2018-05-21,0.0416975,0.044513680040836334,0.0,0.0017534970538690686,0.0,0.0,0.0,0.0,0.0,0.04319691571320165
00004,train,Landsat8,SWIR2,-64.50735244812665,-10.664908173237874,1527517567643,2018-05-28,0.040569999999999995,0.044513680040836334,0.0,0.0017534970538690686,0.0,0.0,0.0,0.0,0.0,0.04306719978133637
00004,train,Landsat8,SWIR2,-64.50735244812665,-10.664908173237874,1530282380016,2018-06-29,0.04235749999999999,0.044513680040836334,0.0,0.0017534970538690686,0.0,0.0,0.0,0.0,0.0,0.04276236508389507
00004,train,Landsat8,SWIR2,-64.50735244812665,-10.664908173237874,1531059613822,2018-07-08,0.05025000000000002,0.044513680040836334,0.0,0.0017534970538690686,0.0,0.0,0.0,0.0,0.0,0.04276983321081715
00004,train,Landsat8,SWIR2,-64.50735244812665,-10.664908173237874,1531059637756,2018-07-08,0.049589999999999995,0.044513680040836334,0.0,0.0017534970538690686,0.0,0.0,0.0,0.0,0.0,0.0427698340469497
00004,train,Landsat8,SWIR2,-64.50735244812665,-10.664908173237874,1531664787793,2018-07-15,0.04189000000000001,0.044513680040836334,0.0,0.0017534970538690686,0.0,0.0,0.0,0.0,0.0,0.0428045912410073
00004,train,Landsat8,SWIR2,-64.50735244812665,-10.664908173237874,1532442020324,2018-07-24,0.048242499999999994,0.044513680040836334,0.0,0.0017534970538690686,0.0,0.0,0.0,0.0,0.0,0.04288552322815435
00004,train,Landsat8,SWIR2,-64.50735244812665,-10.664908173237874,1532442044258,2018-07-24,0.04827000000000001,0.044513680040836334,0.0,0.0017534970538690686,0.0,0.0,0.0,0.0,0.0,0.04288552636365142
00004,train,Landsat8,SWIR2,-64.50735244812665,-10.664908173237874,1533824429568,2018-08-09,0.021045000000000008,0.044513680040836334,0.0,0.0017534970538690686,0.0,0.0,0.0,0.0,0.0,0.04312394851571262
00004,train,Landsat8,SWIR2,-64.50735244812665,-10.664908173237874,1533824453493,2018-08-09,0.020852499999999996,0.044513680040836334,0.0,0.0017534970538690686,0.0,0.0,0.0,0.0,0.0,0.04312395353250793
00004,train,Landsat8,SWIR2,-64.50735244812665,-10.664908173237874,1535812010909,2018-09-01,0.040404999999999996,0.044513680040836334,0.0,0.0017534970538690686,0.0,0.0,0.0,0.0,0.0,0.0436439634931814
00004,train,Landsat8,SWIR2,-64.50735244812665,-10.664908173237874,1536589242907,2018-09-10,0.052395000000000025,0.044513680040836334,0.0,0.0017534970538690686,0.0,0.0,0.0,0.0,0.0,0.04388921261527208
00004,train,Landsat8,SWIR2,-64.50735244812665,-10.664908173237874,1536589266832,2018-09-10,0.0504425,0.044513680040836334,0.0,0.0017534970538690686,0.0,0.0,0.0,0.0,0.0,0.043889220401756475
00004,train,Landsat8,SWIR2,-64.50735244812665,-10.664908173237874,1537194415363,2018-09-17,0.029157500000000003,0.044513680040836334,0.0,0.0017534970538690686,0.0,0.0,0.0,0.0,0.0,0.04409083200111615
00004,train,Landsat8,SWIR2,-64.50735244812665,-10.664908173237874,1537971648574,2018-09-26,0.05885750000000001,0.044513680040836334,0.0,0.0017534970538690686,0.0,0.0,0.0,0.0,0.0,0.044358363912009605
00004,train,Landsat8,SWIR2,-64.50735244812665,-10.664908173237874,1537971672499,2018-09-26,0.059077500000000005,0.044513680040836334,0.0,0.0017534970538690686,0.0,0.0,0.0,0.0,0.0,0.04435837223414141
00004,train,Landsat8,SWIR2,-64.50735244812665,-10.664908173237874,1539354056101,2018-10-12,0.07829999999999998,0.044513680040836334,0.0,0.0017534970538690686,0.0,0.0,0.0,0.0,0.0,0.0448392239648111
00004,train,Landsat8,SWIR2,-64.50735244812665,-10.664908173237874,1539354080030,2018-10-12,0.08030749999999998,0.044513680040836334,0.0,0.0017534970538690686,0.0,0.0,0.0,0.0,0.0,0.04483923219549091
00004,train,Landsat8,SWIR2,-64.50735244812665,-10.664908173237874,1540736460884,2018-10-28,0.060067499999999996,0.044513680040836334,0.0,0.0017534970538690686,0.0,0.0,0.0,0.0,0.0,0.045295542782528356
00004,train,Landsat8,SWIR2,-64.50735244812665,-10.664908173237874,1540736484817,2018-10-28,0.05979249999999997,0.044513680040836334,0.0,0.0017534970538690686,0.0,0.0,0.0,0.0,0.0,0.045295550255463043
00004,train,Landsat8,SWIR2,-64.50735244812665,-10.664908173237874,1541341632930,2018-11-04,0.046729999999999994,0.044513680040836334,0.0,0.0017534970538690686,0.0,0.0,0.0,0.0,0.0,0.045478652675937786
00005,train,Landsat8,SWIR2,-64.70225022786803,-10.403541485706715,1367159343320,2013-04-28,0.1297525,0.11494746804237366,0.00378396431915462,-0.015370987355709076,-0.032882701605558395,0.0,0.0,0.006071072071790695,0.001826216815970838,0.09113529639785002
00005,train,Landsat8,SWIR2,-64.70225022786803,-10.403541485706715,1371306555719,2013-06-15,0.132585,0.11494746804237366,0.00378396431915462,-0.015370987355709076,-0.032882701605558395,0.0,0.0,0.006071072071790695,0.001826216815970838,0.11168749655612561
00005,train,Landsat8,SWIR2,-64.70225022786803,-10.403541485706715,1376836158726,2013-08-18,0.17182750000000002,0.11494746804237366,0.00378396431915462,-0.015370987355709076,-0.032882701605558395,0.0,0.0,0.006071072071790695,0.001826216815970838,0.1474027458270647
00005,train,Landsat8,SWIR2,-64.70225022786803,-10.403541485706715,1378218559861,2013-09-03,0.1932775,0.11494746804237366,0.00378396431915462,-0.015370987355709076,-0.032882701605558395,0.0,0.0,0.006071072071790695,0.001826216815970838,0.15222555778391902
00005,train,Landsat8,SWIR2,-64.70225022786803,-10.403541485706715,1379600953981,2013-09-19,0.17182750000000002,0.11494746804237366,0.00378396431915462,-0.015370987355709076,-0.032882701605558395,0.0,0.0,0.006071072071790695,0.001826216815970838,0.1502899230318519
00005,train,Landsat8,SWIR2,-64.70225022786803,-10.403541485706715,1382365745849,2013-10-21,0.19536750000000003,0.11494746804237366,0.00378396431915462,-0.015370987355709076,-0.032882701605558395,0.0,0.0,0.006071072071790695,0.001826216815970838,0.13181002982004397
00005,train,Landsat8,SWIR2,-64.70225022786803,-10.403541485706715,1401719214648,2014-06-02,0.1340425,0.11494746804237366,0.00378396431915462,-0.015370987355709076,-0.032882701605558395,0.0,0.0,0.006071072071790695,0.001826216815970838,0.11140136195849562
00005,train,Landsat8,SWIR2,-64.70225022786803,-10.403541485706715,1403101620341,2014-06-18,0.13649,0.11494746804237366,0.00378396431915462,-0.015370987355709076,-0.032882701605558395,0.0,0.0,0.006071072071790695,0.001826216815970838,0.11647970644498093
00005,train,Landsat8,SWIR2,-64.70225022786803,-10.403541485706715,1404484025941,2014-07-04,0.15807749999999998,0.11494746804237366,0.00378396431915462,-0.015370987355709076,-0.032882701605558395,0.0,0.0,0.006071072071790695,0.001826216815970838,0.12319411807625594
00005,train,Landsat8,SWIR2,-64.70225022786803,-10.403541485706715,1407248838225,2014-08-05,0.128405,0.11494746804237366,0.00378396431915462,-0.015370987355709076,-0.032882701605558395,0.0,0.0,0.006071072071790695,0.001826216815970838,0.1435751256579765
00005,train,Landsat8,SWIR2,-64.70225022786803,-10.403541485706715,1408631242184,2014-08-21,0.1532925,0.11494746804237366,0.00378396431915462,-0.015370987355709076,-0.032882701605558395,0.0,0.0,0.006071072071790695,0.001826216815970838,0.1525482605596014
00005,train,Landsat8,SWIR2,-64.70225022786803,-10.403541485706715,1411396043213,2014-09-22,0.11360999999999999,0.11494746804237366,0.00378396431915462,-0.015370987355709076,-0.032882701605558395,0.0,0.0,0.006071072071790695,0.001826216815970838,0.15298137736159867
00005,train,Landsat8,SWIR2,-64.70225022786803,-10.403541485706715,1412778449385,2014-10-08,0.1306875,0.11494746804237366,0.00378396431915462,-0.015370987355709076,-0.032882701605558395,0.0,0.0,0.006071072071790695,0.001826216815970838,0.14432660045943915
00005,train,Landsat8,SWIR2,-64.70225022786803,-10.403541485706715,1419690441987,2014-12-27,0.08107750000000002,0.11494746804237366,0.00378396431915462,-0.015370987355709076,-0.032882701605558395,0.0,0.0,0.006071072071790695,0.001826216815970838,0.10736521544273558
00005,train,Landsat8,SWIR2,-64.70225022786803,-10.403541485706715,1427984800373,2015-04-02,0.09493750000000001,0.11494746804237366,0.00378396431915462,-0.015370987355709076,-0.032882701605558395,0.0,0.0,0.006071072071790695,0.001826216815970838,0.0811920854918269
00005,train,Landsat8,SWIR2,-64.70225022786803,-10.403541485706715,1432131980278,2015-05-20,0.09422249999999999,0.11494746804237366,0.00378396431915462,-0.015370987355709076,-0.032882701605558395,0.0,0.0,0.006071072071790695,0.001826216815970838,0.11053376816521189
00005,train,Landsat8,SWIR2,-64.70225022786803,-10.403541485706715,1433514388572,2015-06-05,0.10126249999999998,0.11494746804237366,0.00378396431915462,-0.015370987355709076,-0.032882701605558395,0.0,0.0,0.006071072071790695,0.001826216815970838,0.11612405421308636
00005,train,Landsat8,SWIR2,-64.70225022786803,-10.403541485706715,1434896796488,2015-06-21,0.13329999999999997,0.11494746804237366,0.00378396431915462,-0.015370987355709076,-0.032882701605558395,0.0,0.0,0.006071072071790695,0.001826216815970838,0.12133405626908647
00005,train,Landsat8,SWIR2,-64.70225022786803,-10.403541485706715,1437661613141,2015-07-23,0.13294250000000002,0.11494746804237366,0.00378396431915462,-0.015370987355709076,-0.032882701605558395,0.0,0.0,0.006071072071790695,0.001826216815970838,0.13848167498382435
00005,train,Landsat8,SWIR2,-64.70225022786803,-10.403541485706715,1439044016101,2015-08-08,0.1581325,0.11494746804237366,0.00378396431915462,-0.015370987355709076,-0.032882701605558395,0.0,0.0,0.006071072071790695,0.001826216815970838,0.14930366106793427
00005,train,Landsat8,SWIR2,-64.70225022786803,-10.403541485706715,1440426424196,2015-08-24,0.18469750000000001,0.11494746804237366,0.00378396431915462,-0.015370987355709076,-0.032882701605558395,0.0,0.0,0.006071072071790695,0.001826216815970838,0.1575009134369514
00005,train,Landsat8,SWIR2,-64.70225022786803,-10.403541485706715,1441808830373,2015-09-09,0.1699025,0.11494746804237366,0.00378396431915462,-0.015370987355709076,-0.032882701605558395,0.0,0.0,0.006071072071790695,0.001826216815970838,0.15987865924753825
00005,train,Landsat8,SWIR2,-64.70225022786803,-10.403541485706715,1443191237327,2015-09-25,0.1949825,0.11494746804237366,0.00378396431915462,-0.015370987355709076,-0.032882701605558395,0.0,0.0,0.006071072071790695,0.001826216815970838,0.15547381770584673
00005,train,Landsat8,SWIR2,-64.70225022786803,-10.403541485706715,1447338443319,2015-11-12,0.11861500000000003,0.11494746804237366,0.00378396431915462,-0.015370987355709076,-0.032882701605558395,0.0,0.0,0.006071072071790695,0.001826216815970838,0.12652991525059237
00005,train,Landsat8,SWIR2,-64.70225022786803,-10.403541485706715,1450103245171,2015-12-14,0.0892175,0.11494746804237366,0.00378396431915462,-0.015370987355709076,-0.032882701605558395,0.0,0.0,0.006071072071790695,0.001826216815970838,0.11571777955777406
00005,train,Landsat8,SWIR2,-64.70225022786803,-10.403541485706715,1457015230866,2016-03-03,0.061305,0.11494746804237366,0.00378396431915462,-0.015370987355709076,-0.032882701605558395,0.0,0.0,0.006071072071790695,0.001826216815970838,0.07674202344199331
00005,train,Landsat8,SWIR2,-64.70225022786803,-10.403541485706715,1459780015959,2016-04-04,0.06754749999999998,0.11494746804237366,0.00378396431915462,-0.015370987355709076,-0.032882701605558395,0.0,0.0,0.006071072071790695,0.001826216815970838,0.08665374119699099
00005,train,Landsat8,SWIR2,-64.70225022786803,-10.403541485706715,1462544813364,2016-05-06,0.14573000000000003,0.11494746804237366,0.00378396431915462,-0.015370987355709076,-0.032882701605558395,0.0,0.0,0.006071072071790695,0.001826216815970838,0.1077913979567475
00005,train,Landsat8,SWIR2,-64.70225022786803,-10.403541485706715,1463927214080,2016-05-22,0.13049500000000003,0.11494746804237366,0.00378396431915462,-0.015370987355709076,-0.032882701605558395,0.0,0.0,0.006071072071790695,0.001826216815970838,0.11536203443269082
00005,train,Landsat8,SWIR2,-64.70225022786803,-10.403541485706715,1465309618585,2016-06-07,0.11484749999999999,0.11494746804237366,0.00378396431915462,-0.015370987355709076,-0.032882701605558395,0.0,0.0,0.006071072071790695,0.001826216815970838,0.12069962650680169
00005,train,Landsat8,SWIR2,-64.70225022786803,-10.403541485706715,1466692023968,2016-06-23,0.126095,0.11494746804237366,0.00378396431915462,-0.015370987355709076,-0.032882701605558395,0.0,0.0,0.006071072071790695,0.001826216815970838,0.12607682150398541
00005,train,Landsat8,SWIR2,-64.70225022786803,-10.403541485706715,1468074432444,2016-07-09,0.14815,0.11494746804237366,0.00378396431915462,-0.015370987355709076,-0.032882701605558395,0.0,0.0,0.006071072071790695,0.001826216815970838,0.13371250693688402
00005,train,Landsat8,SWIR2,-64.70225022786803,-10.403541485706715,1469456837478,2016-07-25,0.194955,0.11494746804237366,0.00378396431915462,-0.015370987355709076,-0.032882701605558395,0.0,0.0,0.006071072071790695,0.001826216815970838,0.14393138806406017
00005,train,Landsat8,SWIR2,-64.70225022786803,-10.403541485706715,1472221646628,2016-08-26,0.20356249999999998,0.11494746804237366,0.00378396431915462,-0.015370987355709076,-0.032882701605558395,0.0,0.0,0.006071072071790695,0.001826216815970838,0.1620529065068219
00005,train,Landsat8,SWIR2,-64.70225022786803,-10.403541485706715,1474986451323,2016-09-27,0.1746875,0.11494746804237366,0.00378396431915462,-0.015370987355709076,-0.032882701605558395,0.0,0.0,0.006071072071790695,0.001826216815970838,0.15816560898531715
00005,train,Landsat8,SWIR2,-64.70225022786803,-10.403541485706715,1495722410216,2017-05-25,0.21733999999999998,0.11494746804237366,0.00378396431915462,-0.015370987355709076,-0.032882701605558395,0.0,0.0,0.006071072071790695,0.001826216815970838,0.12004496082164981
00005,train,Landsat8,SWIR2,-64.70225022786803,-10.403541485706715,1498487223209,2017-06-26,0.14804,0.11494746804237366,0.00378396431915462,-0.015370987355709076,-0.032882701605558395,0.0,0.0,0.006071072071790695,0.001826216815970838,0.1308610525671316
00005,train,Landsat8,SWIR2,-64.70225022786803,-10.403541485706715,1499869625884,2017-07-12,0.18258000000000002,0.11494746804237366,0.00378396431915462,-0.015370987355709076,-0.032882701605558395,0.0,0.0,0.006071072071790695,0.001826216815970838,0.13896690051495136
00005,train,Landsat8,SWIR2,-64.70225022786803,-10.403541485706715,1501252033785,2017-07-28,0.20290249999999999,0.11494746804237366,0.00378396431915462,-0.015370987355709076,-0.032882701605558395,0.0,0.0,0.006071072071790695,0.001826216815970838,0.1494832214615432
00005,train,Landsat8,SWIR2,-64.70225022786803,-10.403541485706715,1502634439904,2017-08-13,0.19022499999999998,0.11494746804237366,0.00378396431915462,-0.015370987355709076,-0.032882701605558395,0.0,0.0,0.006071072071790695,0.001826216815970838,0.15989252684978184
00005,train,Landsat8,SWIR2,-64.70225022786803,-10.403541485706715,1506781651389,2017-09-30,0.1252975,0.11494746804237366,0.00378396431915462,-0.015370987355709076,-0.032882701605558395,0.0,0.0,0.006071072071790695,0.001826216815970838,0.1605033911786643
00005,train,Landsat8,SWIR2,-64.70225022786803,-10.403541485706715,1508164055195,2017-10-16,0.1289825,0.11494746804237366,0.00378396431915462,-0.015370987355709076,-0.032882701605558395,0.0,0.0,0.006071072071790695,0.001826216815970838,0.15033477882167084
00005,train,Landsat8,SWIR2,-64.70225022786803,-10.403541485706715,1516458437705,2018-01-20,0.13764500000000002,0.11494746804237366,0.00378396431915462,-0.015370987355709076,-0.032882701605558395,0.0,0.0,0.006071072071790695,0.001826216815970838,0.10567728954631074
00005,train,Landsat8,SWIR2,-64.70225022786803,-10.403541485706715,1524752790005,2018-04-26,0.06325750000000002,0.11494746804237366,0.00378396431915462,-0.015370987355709076,-0.032882701605558395,0.0,0.0,0.006071072071790695,0.001826216815970838,0.10873137019869694
00005,train,Landsat8,SWIR2,-64.70225022786803,-10.403541485706715,1526135180249,2018-05-12,0.09361750000000002,0.11494746804237366,0.00378396431915462,-0.015370987355709076,-0.032882701605558395,0.0,0.0,0.006071072071790695,0.001826216815970838,0.11822438528225929
00005,train,Landsat8,SWIR2,-64.70225022786803,-10.403541485706715,1527517567643,2018-05-28,0.08267249999999998,0.11494746804237366,0.00378396431915462,-0.015370987355709076,-0.032882701605558395,0.0,0.0,0.006071072071790695,0.001826216815970838,0.12489176514942692
00005,train,Landsat8,SWIR2,-64.70225022786803,-10.403541485706715,1530282380016,2018-06-29,0.168225,0.11494746804237366,0.00378396431915462,-0.015370987355709076,-0.032882701605558395,0.0,0.0,0.006071072071790695,0.001826216815970838,0.13594190409293327
00005,train,Landsat8,SWIR2,-64.70225022786803,-10.403541485706715,1531664787793,2018-07-15,0.17972,0.11494746804237366,0.00378396431915462,-0.015370987355709076,-0.032882701605558395,0.0,0.0,0.006071072071790695,0.001826216815970838,0.14458477903258696
00005,train,Landsat8,SWIR2,-64.70225022786803,-10.403541485706715,1535812010909,2018-09-01,0.1596725,0.11494746804237366,0.00378396431915462,-0.015370987355709076,-0.032882701605558395,0.0,0.0,0.006071072071790695,0.001826216815970838,0.17089681369884255
00005,train,Landsat8,SWIR2,-64.70225022786803,-10.403541485706715,1537194415363,2018-09-17,0.13497750000000003,0.11494746804237366,0.00378396431915462,-0.015370987355709076,-0.032882701605558395,0.0,0.0,0.006071072071790695,0.001826216815970838,0.1698204981951175
00005,train,Landsat8,SWIR2,-64.70225022786803,-10.403541485706715,1541341632930,2018-11-04,0.1281025,0.11494746804237366,0.00378396431915462,-0.015370987355709076,-0.032882701605558395,0.0,0.0,0.006071072071790695,0.001826216815970838,0.1419866651443412
00006,train,Landsat8,SWIR2,-64.88627048180022,-10.572005311190475,1371306555719,2013-06-15,0.041724999999999984,0.0482977069914341,2.3199010684038512e-05,0.004456542432308197,0.0,-0.0015985540812835097,0.0,0.0,0.0,0.0427846830583031
00006,train,Landsat8,SWIR2,-64.88627048180022,-10.572005311190475,1374071355805,2013-07-17,0.04386999999999999,0.0482977069914341,2.3199010684038512e-05,0.004456542432308197,0.0,-0.0015985540812835097,0.0,0.0,0.0,0.04269768310512021
00006,train,Landsat8,SWIR2,-64.88627048180022,-10.572005311190475,1375453757871,2013-08-02,0.04419999999999999,0.0482977069914341,2.3199010684038512e-05,0.004456542432308197,0.0,-0.0015985540812835097,0.0,0.0,0.0,0.043793551215808045
00006,train,Landsat8,SWIR2,-64.88627048180022,-10.572005311190475,1376836158726,2013-08-18,0.04868249999999999,0.0482977069914341,2.3199010684038512e-05,0.004456542432308197,0.0,-0.0015985540812835097,0.0,0.0,0.0,0.045405056958144216
00006,train,Landsat8,SWIR2,-64.88627048180022,-10.572005311190475,1378218559861,2013-09-03,0.05165249999999999,0.0482977069914341,2.3199010684038512e-05,0.004456542432308197,0.0,-0.0015985540812835097,0.0,0.0,0.0,0.04722392158926709
00006,train,Landsat8,SWIR2,-64.88627048180022,-10.572005311190475,1379600953981,2013-09-19,0.055117499999999986,0.0482977069914341,2.3199010684038512e-05,0.004456542432308197,0.0,-0.0015985540812835097,0.0,0.0,0.0,0.04893153252251337
00006,train,Landsat8,SWIR2,-64.88627048180022,-10.572005311190475,1382365745849,2013-10-21,0.054595000000000005,0.0482977069914341,2.3199010684038512e-05,0.004456542432308197,0.0,-0.0015985540812835097,0.0,0.0,0.0,0.05113085076777723
00006,train,Landsat8,SWIR2,-64.88627048180022,-10.572005311190475,1403101620341,2014-06-18,0.040212499999999984,0.0482977069914341,2.3199010684038512e-05,0.004456542432308197,0.0,-0.0015985540812835097,0.0,0.0,0.0,0.042664420763406485
00006,train,Landsat8,SWIR2,-64.88627048180022,-10.572005311190475,1405866430046,2014-07-20,0.09240749999999998,0.0482977069914341,2.3199010684038512e-05,0.004456542432308197,0.0,-0.0015985540812835097,0.0,0.0,0.0,0.04287515679566931
00006,train,Landsat8,SWIR2,-64.88627048180022,-10.572005311190475,1407248838225,2014-08-05,0.04285249999999999,0.0482977069914341,2.3199010684038512e-05,0.004456542432308197,0.0,-0.0015985540812835097,0.0,0.0,0.0,0.044088017009641635
00006,train,Landsat8,SWIR2,-64.88627048180022,-10.572005311190475,1408631242184,2014-08-21,0.06941750000000002,0.0482977069914341,2.3199010684038512e-05,0.004456542432308197,0.0,-0.0015985540812835097,0.0,0.0,0.0,0.04576330731216754
00006,train,Landsat8,SWIR2,-64.88627048180022,-10.572005311190475,1410013645475,2014-09-06,0.05283500000000002,0.0482977069914341,2.3199010684038512e-05,0.004456542432308197,0.0,-0.0015985540812835097,0.0,0.0,0.0,0.04758453974344522
00006,train,Landsat8,SWIR2,-64.88627048180022,-10.572005311190475,1411396043213,2014-09-22,0.05294500000000002,0.0482977069914341,2.3199010684038512e-05,0.004456542432308197,0.0,-0.0015985540812835097,0.0,0.0,0.0,0.049240218832163805
00006,train,Landsat8,SWIR2,-64.88627048180022,-10.572005311190475,1412778449385,2014-10-08,0.05371500000000001,0.0482977069914341,2.3199010684038512e-05,0.004456542432308197,0.0,-0.0015985540812835097,0.0,0.0,0.0,0.05049892431047946
00006,train,Landsat8,SWIR2,-64.88627048180022,-10.572005311190475,1419690441987,2014-12-27,0.05374249999999997,0.0482977069914341,2.3199010684038512e-05,0.004456542432308197,0.0,-0.0015985540812835097,0.0,0.0,0.0,0.05128877368106327
00006,train,Landsat8,SWIR2,-64.88627048180022,-10.572005311190475,1422455234791,2015-01-28,0.07376250000000001,0.0482977069914341,2.3199010684038512e-05,0.004456542432308197,0.0,-0.0015985540812835097,0.0,0.0,0.0,0.05146070185041868
00006,train,Landsat8,SWIR2,-64.88627048180022,-10.572005311190475,1425220023523,2015-03-01,0.06113999999999997,0.0482977069914341,2.3199010684038512e-05,0.004456542432308197,0.0,-0.0015985540812835097,0.0,0.0,0.0,0.0514787893332178
00006,train,Landsat8,SWIR2,-64.88627048180022,-10.572005311190475,1427984800373,2015-04-02,0.0505525,0.0482977069914341,2.3199010684038512e-05,0.004456542432308197,0.0,-0.0015985540812835097,0.0,0.0,0.0,0.05000280878870119
00006,train,Landsat8,SWIR2,-64.88627048180022,-10.572005311190475,1432131980278,2015-05-20,0.03960749999999999,0.0482977069914341,2.3199010684038512e-05,0.004456542432308197,0.0,-0.0015985540812835097,0.0,0.0,0.0,0.04498893781712306
00006,train,Landsat8,SWIR2,-64.88627048180022,-10.572005311190475,1433514388572,2015-06-05,0.03886500000000001,0.0482977069914341,2.3199010684038512e-05,0.004456542432308197,0.0,-0.0015985540812835097,0.0,0.0,0.0,0.043487448810450524
00006,train,Landsat8,SWIR2,-64.88627048180022,-10.572005311190475,1434896796488,2015-06-21,0.042495000000000005,0.0482977069914341,2.3199010684038512e-05,0.004456542432308197,0.0,-0.0015985540812835097,0.0,0.0,0.0,0.04257075477328565
00006,train,Landsat8,SWIR2,-64.88627048180022,-10.572005311190475,1437661613141,2015-07-23,0.044942499999999996,0.0482977069914341,2.3199010684038512e-05,0.004456542432308197,0.0,-0.0015985540812835097,0.0,0.0,0.0,0.043077834934841845
00006,train,Landsat8,SWIR2,-64.88627048180022,-10.572005311190475,1439044016101,2015-08-08,0.04799500000000001,0.0482977069914341,2.3199010684038512e-05,0.004456542432308197,0.0,-0.0015985540812835097,0.0,0.0,0.0,0.044399058221468
00006,train,Landsat8,SWIR2,-64.88627048180022,-10.572005311190475,1440426424196,2015-08-24,0.054925,0.0482977069914341,2.3199010684038512e-05,0.004456542432308197,0.0,-0.0015985540812835097,0.0,0.0,0.0,0.04612680037977481
00006,train,Landsat8,SWIR2,-64.88627048180022,-10.572005311190475,1441808830373,2015-09-09,0.052092499999999986,0.0482977069914341,2.3199010684038512e-05,0.004456542432308197,0.0,-0.0015985540812835097,0.0,0.0,0.0,0.047939229355063305
00006,train,Landsat8,SWIR2,-64.88627048180022,-10.572005311190475,1443191237327,2015-09-25,0.06023250000000002,0.0482977069914341,2.3199010684038512e-05,0.004456542432308197,0.0,-0.0015985540812835097,0.0,0.0,0.0,0.049534684700613445
00006,train,Landsat8,SWIR2,-64.88627048180022,-10.572005311190475,1447338443319,2015-11-12,0.05858249999999998,0.0482977069914341,2.3199010684038512e-05,0.004456542432308197,0.0,-0.0015985540812835097,0.0,0.0,0.0,0.05159274759608938
00006,train,Landsat8,SWIR2,-64.88627048180022,-10.572005311190475,1450103245171,2015-12-14,0.043127499999999985,0.0482977069914341,2.3199010684038512e-05,0.004456542432308197,0.0,-0.0015985540812835097,0.0,0.0,0.0,0.05138554015918475
00006,train,Landsat8,SWIR2,-64.88627048180022,-10.572005311190475,1461162410083,2016-04-20,0.05060749999999997,0.0482977069914341,2.3199010684038512e-05,0.004456542432308197,0.0,-0.0015985540812835097,0.0,0.0,0.0,0.048287283897146704
00006,train,Landsat8,SWIR2,-64.88627048180022,-10.572005311190475,1462544813364,2016-05-06,0.05497999999999997,0.0482977069914341,2.3199010684038512e-05,0.004456542432308197,0.0,-0.0015985540812835097,0.0,0.0,0.0,0.046502337591581955
00006,train,Landsat8,SWIR2,-64.88627048180022,-10.572005311190475,1465309618585,2016-06-07,0.04851749999999999,0.0482977069914341,2.3199010684038512e-05,0.004456542432308197,0.0,-0.0015985540812835097,0.0,0.0,0.0,0.043317750327685936
00006,train,Landsat8,SWIR2,-64.88627048180022,-10.572005311190475,1466692023968,2016-06-23,0.04362250000000001,0.0482977069914341,2.3199010684038512e-05,0.004456542432308197,0.0,-0.0015985540812835097,0.0,0.0,0.0,0.042516935630391856
00006,train,Landsat8,SWIR2,-64.88627048180022,-10.572005311190475,1468074432444,2016-07-09,0.043842500000000006,0.0482977069914341,2.3199010684038512e-05,0.004456542432308197,0.0,-0.0015985540812835097,0.0,0.0,0.0,0.04249777160323648
00006,train,Landsat8,SWIR2,-64.88627048180022,-10.572005311190475,1469456837478,2016-07-25,0.04901249999999999,0.0482977069914341,2.3199010684038512e-05,0.004456542432308197,0.0,-0.0015985540812835097,0.0,0.0,0.0,0.04326436830223506
00006,train,Landsat8,SWIR2,-64.88627048180022,-10.572005311190475,1472221646628,2016-08-26,0.04915,0.0482977069914341,2.3199010684038512e-05,0.004456542432308197,0.0,-0.0015985540812835097,0.0,0.0,0.0,0.0464185379200336
00006,train,Landsat8,SWIR2,-64.88627048180022,-10.572005311190475,1473604050990,2016-09-11,0.0477475,0.0482977069914341,2.3199010684038512e-05,0.004456542432308197,0.0,-0.0015985540812835097,0.0,0.0,0.0,0.048211824274065715
00006,train,Landsat8,SWIR2,-64.88627048180022,-10.572005311190475,1474986451323,2016-09-27,0.055420000000000025,0.0482977069914341,2.3199010684038512e-05,0.004456542432308197,0.0,-0.0015985540812835097,0.0,0.0,0.0,0.04975219169020196
00006,train,Landsat8,SWIR2,-64.88627048180022,-10.572005311190475,1476368856821,2016-10-13,0.05286249999999998,0.0482977069914341,2.3199010684038512e-05,0.004456542432308197,0.0,-0.0015985540812835097,0.0,0.0,0.0,0.05084869838581598
00006,train,Landsat8,SWIR2,-64.88627048180022,-10.572005311190475,1479133657547,2016-11-14,0.06191000000000002,0.0482977069914341,2.3199010684038512e-05,0.004456542432308197,0.0,-0.0015985540812835097,0.0,0.0,0.0,0.05162018749028534
00006,train,Landsat8,SWIR2,-64.88627048180022,-10.572005311190475,1487428032820,2017-02-18,0.0476375,0.0482977069914341,2.3199010684038512e-05,0.004456542432308197,0.0,-0.0015985540812835097,0.0,0.0,0.0,0.05162427776376597
00006,train,Landsat8,SWIR2,-64.88627048180022,-10.572005311190475,1495722410216,2017-05-25,0.043842500000000006,0.0482977069914341,2.3199010684038512e-05,0.004456542432308197,0.0,-0.0015985540812835097,0.0,0.0,0.0,0.04451952913278315
00006,train,Landsat8,SWIR2,-64.88627048180022,-10.572005311190475,1498487223209,2017-06-26,0.04582249999999999,0.0482977069914341,2.3199010684038512e-05,0.004456542432308197,0.0,-0.0015985540812835097,0.0,0.0,0.0,0.04248386047760027
00006,train,Landsat8,SWIR2,-64.88627048180022,-10.572005311190475,1499869625884,2017-07-12,0.04901249999999999,0.0482977069914341,2.3199010684038512e-05,0.004456542432308197,0.0,-0.0015985540812835097,0.0,0.0,0.0,0.0425920170277684
00006,train,Landsat8,SWIR2,-64.88627048180022,-10.572005311190475,1501252033785,2017-07-28,0.05113000000000001,0.0482977069914341,2.3199010684038512e-05,0.004456542432308197,0.0,-0.0015985540812835097,0.0,0.0,0.0,0.04347566386623024
00006,train,Landsat8,SWIR2,-64.88627048180022,-10.572005311190475,1504016843501,2017-08-29,0.05151499999999998,0.0482977069914341,2.3199010684038512e-05,0.004456542432308197,0.0,-0.0015985540812835097,0.0,0.0,0.0,0.046745823683272555
00006,train,Landsat8,SWIR2,-64.88627048180022,-10.572005311190475,1506781651389,2017-09-30,0.06036999999999998,0.0482977069914341,2.3199010684038512e-05,0.004456542432308197,0.0,-0.0015985540812835097,0.0,0.0,0.0,0.04999854287660653
00006,train,Landsat8,SWIR2,-64.88627048180022,-10.572005311190475,1508164055195,2017-10-16,0.0562725,0.0482977069914341,2.3199010684038512e-05,0.004456542432308197,0.0,-0.0015985540812835097,0.0,0.0,0.0,0.05101140704877158
00006,train,Landsat8,SWIR2,-64.88627048180022,-10.572005311190475,1524752790005,2018-04-26,0.098045,0.0482977069914341,2.3199010684038512e-05,0.004456542432308197,0.0,-0.0015985540812835097,0.0,0.0,0.0,0.04775744804220631
00006,train,Landsat8,SWIR2,-64.88627048180022,-10.572005311190475,1526135180249,2018-05-12,0.05115750000000002,0.0482977069914341,2.3199010684038512e-05,0.004456542432308197,0.0,-0.0015985540812835097,0.0,0.0,0.0,0.04593952884785675
00006,train,Landsat8,SWIR2,-64.88627048180022,-10.572005311190475,1527517567643,2018-05-28,0.041504999999999986,0.0482977069914341,2.3199010684038512e-05,0.004456542432308197,0.0,-0.0015985540812835097,0.0,0.0,0.0,0.044251255611227766
00006,train,Landsat8,SWIR2,-64.88627048180022,-10.572005311190475,1530282380016,2018-06-29,0.040185,0.0482977069914341,2.3199010684038512e-05,0.004456542432308197,0.0,-0.0015985540812835097,0.0,0.0,0.0,0.04246495623068886
00006,train,Landsat8,SWIR2,-64.88627048180022,-10.572005311190475,1531664787793,2018-07-15,0.043127499999999985,0.0482977069914341,2.3199010684038512e-05,0.004456542432308197,0.0,-0.0015985540812835097,0.0,0.0,0.0,0.04272522552373053
00006,train,Landsat8,SWIR2,-64.88627048180022,-10.572005311190475,1535812010909,2018-09-01,0.045575000000000004,0.0482977069914341,2.3199010684038512e-05,0.004456542432308197,0.0,-0.0015985540812835097,0.0,0.0,0.0,0.04711226905131464
00006,train,Landsat8,SWIR2,-64.88627048180022,-10.572005311190475,1537194415363,2018-09-17,0.04727999999999999,0.0482977069914341,2.3199010684038512e-05,0.004456542432308197,0.0,-0.0015985540812835097,0.0,0.0,0.0,0.04884960111334895
00007,train,Landsat8,SWIR2,-64.28898284125457,-10.381599204373423,1372083782511,2013-06-24,0.060919999999999974,0.049317434430122375,0.0,0.0009997758315876126,0.0,-0.00047661783173680305,0.0,0.0,0.0,0.04786779650132623
00007,train,Landsat8,SWIR2,-64.28898284125457,-10.381599204373423,1373466186063,2013-07-10,0.04122999999999999,0.049317434430122375,0.0,0.0009997758315876126,0.0,-0.00047661783173680305,0.0,0.0,0.0,0.04786915273704608
00007,train,Landsat8,SWIR2,-64.28898284125457,-10.381599204373423,1374848585541,2013-07-26,0.0445575,0.049317434430122375,0.0,0.0009997758315876126,0.0,-0.00047661783173680305,0.0,0.0,0.0,0.04808070119027988
00007,train,Landsat8,SWIR2,-64.28898284125457,-10.381599204373423,1376230987226,2013-08-11,0.04675750000000001,0.049317434430122375,0.0,0.0009997758315876126,0.0,-0.00047661783173680305,0.0,0.0,0.0,0.048456414089181374
00007,train,Landsat8,SWIR2,-64.28898284125457,-10.381599204373423,1377613389619,2013-08-27,0.0505525,0.049317434430122375,0.0,0.0009997758315876126,0.0,-0.00047661783173680305,0.0,0.0,0.0,0.04891690194892237
00007,train,Landsat8,SWIR2,-64.28898284125457,-10.381599204373423,1378995786459,2013-09-12,0.17174499999999998,0.049317434430122375,0.0,0.0009997758315876126,0.0,-0.00047661783173680305,0.0,0.0,0.0,0.04937050447483406
00007,train,Landsat8,SWIR2,-64.28898284125457,-10.381599204373423,1380378178872,2013-09-28,0.05729000000000001,0.049317434430122375,0.0,0.0009997758315876126,0.0,-0.00047661783173680305,0.0,0.0,0.0,0.049737052752805405
00007,train,Landsat8,SWIR2,-64.28898284125457,-10.381599204373423,1402496448271,2014-06-11,0.03944249999999999,0.049317434430122375,0.0,0.0009997758315876126,0.0,-0.00047661783173680305,0.0,0.0,0.0,0.04802324207671266
00007,train,Landsat8,SWIR2,-64.28898284125457,-10.381599204373423,1403878849774,2014-06-27,0.04100999999999999,0.049317434430122375,0.0,0.0009997758315876126,0.0,-0.00047661783173680305,0.0,0.0,0.0,0.047851370621601066
00007,train,Landsat8,SWIR2,-64.28898284125457,-10.381599204373423,1405261258705,2014-07-13,0.040157499999999985,0.049317434430122375,0.0,0.0009997758315876126,0.0,-0.00047661783173680305,0.0,0.0,0.0,0.047893598633971274
00007,train,Landsat8,SWIR2,-64.28898284125457,-10.381599204373423,1406643663023,2014-07-29,0.04378750000000001,0.049317434430122375,0.0,0.0009997758315876126,0.0,-0.00047661783173680305,0.0,0.0,0.0,0.0481406590731098
00007,train,Landsat8,SWIR2,-64.28898284125457,-10.381599204373423,1408026070355,2014-08-14,0.04868249999999999,0.049317434430122375,0.0,0.0009997758315876126,0.0,-0.00047661783173680305,0.0,0.0,0.0,0.04853899944861928
00007,train,Landsat8,SWIR2,-64.28898284125457,-10.381599204373423,1409408471887,2014-08-30,0.050002500000000005,0.049317434430122375,0.0,0.0009997758315876126,0.0,-0.00047661783173680305,0.0,0.0,0.0,0.04900514849698888
00007,train,Landsat8,SWIR2,-64.28898284125457,-10.381599204373423,1412173276458,2014-10-01,0.06185499999999999,0.049317434430122375,0.0,0.0009997758315876126,0.0,-0.00047661783173680305,0.0,0.0,0.0,0.049791431630540256
00007,train,Landsat8,SWIR2,-64.28898284125457,-10.381599204373423,1413555680889,2014-10-17,0.0692525,0.049317434430122375,0.0,0.0009997758315876126,0.0,-0.00047661783173680305,0.0,0.0,0.0,0.04999422987094868
00007,train,Landsat8,SWIR2,-64.28898284125457,-10.381599204373423,1419085274286,2014-12-20,0.058087500000000014,0.049317434430122375,0.0,0.0009997758315876126,0.0,-0.00047661783173680305,0.0,0.0,0.0,0.0498576497580245
00007,train,Landsat8,SWIR2,-64.28898284125457,-10.381599204373423,1425997245260,2015-03-10,0.05519999999999997,0.049317434430122375,0.0,0.0009997758315876126,0.0,-0.00047661783173680305,0.0,0.0,0.0,0.050036356564628605
00007,train,Landsat8,SWIR2,-64.28898284125457,-10.381599204373423,1434291623616,2015-06-14,0.040569999999999995,0.049317434430122375,0.0,0.0009997758315876126,0.0,-0.00047661783173680305,0.0,0.0,0.0,0.04797584414345368
00007,train,Landsat8,SWIR2,-64.28898284125457,-10.381599204373423,1435674030515,2015-06-30,0.043017499999999986,0.049317434430122375,0.0,0.0009997758315876126,0.0,-0.00047661783173680305,0.0,0.0,0.0,0.0478425988222739
00007,train,Landsat8,SWIR2,-64.28898284125457,-10.381599204373423,1437056440104,2015-07-16,0.04694999999999999,0.049317434430122375,0.0,0.0009997758315876126,0.0,-0.00047661783173680305,0.0,0.0,0.0,0.047925383076606994
00007,train,Landsat8,SWIR2,-64.28898284125457,-10.381599204373423,1438438843901,2015-08-01,0.04879249999999999,0.049317434430122375,0.0,0.0009997758315876126,0.0,-0.00047661783173680305,0.0,0.0,0.0,0.048206044953199835
00007,train,Landsat8,SWIR2,-64.28898284125457,-10.381599204373423,1441203655474,2015-09-02,0.05759249999999999,0.049317434430122375,0.0,0.0009997758315876126,0.0,-0.00047661783173680305,0.0,0.0,0.0,0.04909255819530974
00007,train,Landsat8,SWIR2,-64.28898284125457,-10.381599204373423,1442586064130,2015-09-18,0.05885750000000001,0.049317434430122375,0.0,0.0009997758315876126,0.0,-0.00047661783173680305,0.0,0.0,0.0,0.049521598306524445
00007,train,Landsat8,SWIR2,-64.28898284125457,-10.381599204373423,1443968467861,2015-10-04,0.0651275,0.049317434430122375,0.0,0.0009997758315876126,0.0,-0.00047661783173680305,0.0,0.0,0.0,0.04984075849298156
00007,train,Landsat8,SWIR2,-64.28898284125457,-10.381599204373423,1445350869778,2015-10-20,0.0656775,0.049317434430122375,0.0,0.0009997758315876126,0.0,-0.00047661783173680305,0.0,0.0,0.0,0.050015896740788136
00007,train,Landsat8,SWIR2,-64.28898284125457,-10.381599204373423,1446733273653,2015-11-05,0.08151750000000002,0.049317434430122375,0.0,0.0009997758315876126,0.0,-0.00047661783173680305,0.0,0.0,0.0,0.05005466395527734
00007,train,Landsat8,SWIR2,-64.28898284125457,-10.381599204373423,1455027666353,2016-02-09,0.05242249999999998,0.049317434430122375,0.0,0.0009997758315876126,0.0,-0.00047661783173680305,0.0,0.0,0.0,0.04999504090110728
00007,train,Landsat8,SWIR2,-64.28898284125457,-10.381599204373423,1457792457696,2016-03-12,0.054925,0.049317434430122375,0.0,0.0009997758315876126,0.0,-0.00047661783173680305,0.0,0.0,0.0,0.0500220199384612
00007,train,Landsat8,SWIR2,-64.28898284125457,-10.381599204373423,1461939641701,2016-04-29,0.05893999999999999,0.049317434430122375,0.0,0.0009997758315876126,0.0,-0.00047661783173680305,0.0,0.0,0.0,0.049125174216917755
00007,train,Landsat8,SWIR2,-64.28898284125457,-10.381599204373423,1466086848499,2016-06-16,0.06240499999999999,0.049317434430122375,0.0,0.0009997758315876126,0.0,-0.00047661783173680305,0.0,0.0,0.0,0.04794089255244205
00007,train,Landsat8,SWIR2,-64.28898284125457,-10.381599204373423,1467469258263,2016-07-02,0.13376749999999998,0.049317434430122375,0.0,0.0009997758315876126,0.0,-0.00047661783173680305,0.0,0.0,0.0,0.047841193870022614
00007,train,Landsat8,SWIR2,-64.28898284125457,-10.381599204373423,1468851664930,2016-07-18,0.14201750000000002,0.049317434430122375,0.0,0.0009997758315876126,0.0,-0.00047661783173680305,0.0,0.0,0.0,0.04795667540727502
00007,train,Landsat8,SWIR2,-64.28898284125457,-10.381599204373423,1470234068097,2016-08-03,0.14058749999999998,0.049317434430122375,0.0,0.0009997758315876126,0.0,-0.00047661783173680305,0.0,0.0,0.0,0.04826218150180747
00007,train,Landsat8,SWIR2,-64.28898284125457,-10.381599204373423,1482675680843,2016-12-25,0.1692975,0.049317434430122375,0.0,0.0009997758315876126,0.0,-0.00047661783173680305,0.0,0.0,0.0,0.049846027891240215
00007,train,Landsat8,SWIR2,-64.28898284125457,-10.381599204373423,1485440471964,2017-01-26,0.17430250000000003,0.12312566488981247,0.0,0.04556873440742493,-0.027882954105734825,0.0,0.001932757324539125,0.0,0.0,0.15393982354816224
00007,train,Landsat8,SWIR2,-64.28898284125457,-10.381599204373423,1492352433206,2017-04-16,0.08220499999999997,0.12312566488981247,0.0,0.04556873440742493,-0.027882954105734825,0.0,0.001932757324539125,0.0,0.0,0.0840318600576902
00007,train,Landsat8,SWIR2,-64.28898284125457,-10.381599204373423,1493734822810,2017-05-02,0.06922499999999998,0.12312566488981247,0.0,0.04556873440742493,-0.027882954105734825,0.0,0.001932757324539125,0.0,0.0,0.07455286788515265
00007,train,Landsat8,SWIR2,-64.28898284125457,-10.381599204373423,1497882050455,2017-06-19,0.06460500000000002,0.12312566488981247,0.0,0.04556873440742493,-0.027882954105734825,0.0,0.001932757324539125,0.0,0.0,0.07170362178145084
00007,train,Landsat8,SWIR2,-64.28898284125457,-10.381599204373423,1499264454168,2017-07-05,0.07125999999999999,0.12312566488981247,0.0,0.04556873440742493,-0.027882954105734825,0.0,0.001932757324539125,0.0,0.0,0.07931366552340366
00007,train,Landsat8,SWIR2,-64.28898284125457,-10.381599204373423,1500646859570,2017-07-21,0.08374500000000001,0.12312566488981247,0.0,0.04556873440742493,-0.027882954105734825,0.0,0.001932757324539125,0.0,0.0,0.0901810083772389
00007,train,Landsat8,SWIR2,-64.28898284125457,-10.381599204373423,1502029266718,2017-08-06,0.0984025,0.12312566488981247,0.0,0.04556873440742493,-0.027882954105734825,0.0,0.001932757324539125,0.0,0.0,0.10327140464696487
00007,train,Landsat8,SWIR2,-64.28898284125457,-10.381599204373423,1503411671491,2017-08-22,0.14243,0.12312566488981247,0.0,0.04556873440742493,-0.027882954105734825,0.0,0.001932757324539125,0.0,0.0,0.11746001720821253
00007,train,Landsat8,SWIR2,-64.28898284125457,-10.381599204373423,1504794073402,2017-09-07,0.11457250000000002,0.12312566488981247,0.0,0.04556873440742493,-0.027882954105734825,0.0,0.001932757324539125,0.0,0.0,0.1316571279775125
00007,train,Landsat8,SWIR2,-64.28898284125457,-10.381599204373423,1507558883170,2017-10-09,0.07654,0.12312566488981247,0.0,0.04556873440742493,-0.027882954105734825,0.0,0.001932757324539125,0.0,0.0,0.15637628180428764
00007,train,Landsat8,SWIR2,-64.28898284125457,-10.381599204373423,1521382839291,2018-03-18,0.06378,0.12312566488981247,0.0,0.04556873440742493,-0.027882954105734825,0.0,0.001932757324539125,0.0,0.0,0.10843135771311972
00007,train,Landsat8,SWIR2,-64.28898284125457,-10.381599204373423,1522765232331,2018-04-03,0.0781075,0.12312566488981247,0.0,0.04556873440742493,-0.027882954105734825,0.0,0.001932757324539125,0.0,0.0,0.09410357381861745
00007,train,Landsat8,SWIR2,-64.28898284125457,-10.381599204373423,1524147622639,2018-04-19,0.08242500000000003,0.12312566488981247,0.0,0.04556873440742493,-0.027882954105734825,0.0,0.001932757324539125,0.0,0.0,0.08198329014915812
00007,train,Landsat8,SWIR2,-64.28898284125457,-10.381599204373423,1525530014053,2018-05-05,0.07796999999999998,0.12312566488981247,0.0,0.04556873440742493,-0.027882954105734825,0.0,0.001932757324539125,0.0,0.0,0.07320396907511537
00007,train,Landsat8,SWIR2,-64.28898284125457,-10.381599204373423,1526912402666,2018-05-21,0.06045250000000002,0.12312566488981247,0.0,0.04556873440742493,-0.027882954105734825,0.0,0.001932757324539125,0.0,0.0,0.06857638993122955
00007,train,Landsat8,SWIR2,-64.28898284125457,-10.381599204373423,1531059613822,2018-07-08,0.0770075,0.12312566488981247,0.0,0.04556873440742493,-0.027882954105734825,0.0,0.001932757324539125,0.0,0.0,0.08113173996648589
00007,train,Landsat8,SWIR2,-64.28898284125457,-10.381599204373423,1532442020324,2018-07-24,0.09081250000000002,0.12312566488981247,0.0,0.04556873440742493,-0.027882954105734825,0.0,0.001932757324539125,0.0,0.0,0.09249926234773194
00007,train,Landsat8,SWIR2,-64.28898284125457,-10.381599204373423,1533824429568,2018-08-09,0.08011499999999999,0.12312566488981247,0.0,0.04556873440742493,-0.027882954105734825,0.0,0.001932757324539125,0.0,0.0,0.10588171715947095
00007,train,Landsat8,SWIR2,-64.28898284125457,-10.381599204373423,1536589242907,2018-09-10,0.08418500000000001,0.12312566488981247,0.0,0.04556873440742493,-0.027882954105734825,0.0,0.001932757324539125,0.0,0.0,0.1342386550726549
00007,train,Landsat8,SWIR2,-64.28898284125457,-10.381599204373423,1537971648574,2018-09-26,0.08198499999999997,0.12312566488981247,0.0,0.04556873440742493,-0.027882954105734825,0.0,0.001932757324539125,0.0,0.0,0.1472038133208319
00007,train,Landsat8,SWIR2,-64.28898284125457,-10.381599204373423,1540736460884,2018-10-28,0.07615499999999997,0.12312566488981247,0.0,0.04556873440742493,-0.027882954105734825,0.0,0.001932757324539125,0.0,0.0,0.16685916323275346
00008,train,Landsat8,SWIR2,-64.70063128901249,-10.357442950509624,1369924160836,2013-05-30,0.06895000000000001,0.07987770438194275,0.0034145365934818983,0.0,-0.0030228393152356148,0.0,0.003383492585271597,0.0,-0.0004404075734782964,0.07396885692797385
00008,train,Landsat8,SWIR2,-64.70063128901249,-10.357442950509624,1371306555719,2013-06-15,0.06542999999999999,0.07987770438194275,0.0034145365934818983,0.0,-0.0030228393152356148,0.0,0.003383492585271597,0.0,-0.0004404075734782964,0.07617751372867804
00008,train,Landsat8,SWIR2,-64.70063128901249,-10.357442950509624,1375453757871,2013-08-02,0.09567999999999999,0.07987770438194275,0.0034145365934818983,0.0,-0.0030228393152356148,0.0,0.003383492585271597,0.0,-0.0004404075734782964,0.08464150674040816
00008,train,Landsat8,SWIR2,-64.70063128901249,-10.357442950509624,1376836158726,2013-08-18,0.1393775,0.07987770438194275,0.0034145365934818983,0.0,-0.0030228393152356148,0.0,0.003383492585271597,0.0,-0.0004404075734782964,0.0856963968468044
00008,train,Landsat8,SWIR2,-64.70063128901249,-10.357442950509624,1378218559861,2013-09-03,0.133795,0.07987770438194275,0.0034145365934818983,0.0,-0.0030228393152356148,0.0,0.003383492585271597,0.0,-0.0004404075734782964,0.08540152950843642
00008,train,Landsat8,SWIR2,-64.70063128901249,-10.357442950509624,1379600953981,2013-09-19,0.11014499999999999,0.07987770438194275,0.0034145365934818983,0.0,-0.0030228393152356148,0.0,0.003383492585271597,0.0,-0.0004404075734782964,0.08411309372999104
00008,train,Landsat8,SWIR2,-64.70063128901249,-10.357442950509624,1382365745849,2013-10-21,0.07835500000000001,0.07987770438194275,0.0034145365934818983,0.0,-0.0030228393152356148,0.0,0.003383492585271597,0.0,-0.0004404075734782964,0.08092104735897634
00008,train,Landsat8,SWIR2,-64.70063128901249,-10.357442950509624,1403101620341,2014-06-18,0.066695,0.07987770438194275,0.0034145365934818983,0.0,-0.0030228393152356148,0.0,0.003383492585271597,0.0,-0.0004404075734782964,0.08011945100968544
00008,train,Landsat8,SWIR2,-64.70063128901249,-10.357442950509624,1404484025941,2014-07-04,0.06617250000000002,0.07987770438194275,0.0034145365934818983,0.0,-0.0030228393152356148,0.0,0.003383492585271597,0.0,-0.0004404075734782964,0.08323465535848992
00008,train,Landsat8,SWIR2,-64.70063128901249,-10.357442950509624,1407248838225,2014-08-05,0.08814499999999997,0.07987770438194275,0.0034145365934818983,0.0,-0.0030228393152356148,0.0,0.003383492585271597,0.0,-0.0004404075734782964,0.08835971952152687
00008,train,Landsat8,SWIR2,-64.70063128901249,-10.357442950509624,1408631242184,2014-08-21,0.1195775,0.07987770438194275,0.0034145365934818983,0.0,-0.0030228393152356148,0.0,0.003383492585271597,0.0,-0.0004404075734782964,0.0891526605630098
00008,train,Landsat8,SWIR2,-64.70063128901249,-10.357442950509624,1411396043213,2014-09-22,0.07040750000000001,0.07987770438194275,0.0034145365934818983,0.0,-0.0030228393152356148,0.0,0.003383492585271597,0.0,-0.0004404075734782964,0.08722284197081266
00008,train,Landsat8,SWIR2,-64.70063128901249,-10.357442950509624,1412778449385,2014-10-08,0.06169000000000002,0.07987770438194275,0.0034145365934818983,0.0,-0.0030228393152356148,0.0,0.003383492585271597,0.0,-0.0004404075734782964,0.08552901779321942
00008,train,Landsat8,SWIR2,-64.70063128901249,-10.357442950509624,1419690441987,2014-12-27,0.060067499999999996,0.07987770438194275,0.0034145365934818983,0.0,-0.0030228393152356148,0.0,0.003383492585271597,0.0,-0.0004404075734782964,0.08429678428442416
00008,train,Landsat8,SWIR2,-64.70063128901249,-10.357442950509624,1425220023523,2015-03-01,0.07940000000000003,0.07987770438194275,0.0034145365934818983,0.0,-0.0030228393152356148,0.0,0.003383492585271597,0.0,-0.0004404075734782964,0.08546431484839272
00008,train,Landsat8,SWIR2,-64.70063128901249,-10.357442950509624,1427984800373,2015-04-02,0.08300249999999998,0.07987770438194275,0.0034145365934818983,0.0,-0.0030228393152356148,0.0,0.003383492585271597,0.0,-0.0004404075734782964,0.0827541243016232
00008,train,Landsat8,SWIR2,-64.70063128901249,-10.357442950509624,1432131980278,2015-05-20,0.09766000000000002,0.07987770438194275,0.0034145365934818983,0.0,-0.0030228393152356148,0.0,0.003383492585271597,0.0,-0.0004404075734782964,0.08007100631277535
00008,train,Landsat8,SWIR2,-64.70063128901249,-10.357442950509624,1433514388572,2015-06-05,0.10640500000000003,0.07987770438194275,0.0034145365934818983,0.0,-0.0030228393152356148,0.0,0.003383492585271597,0.0,-0.0004404075734782964,0.08148845957338983
00008,train,Landsat8,SWIR2,-64.70063128901249,-10.357442950509624,1434896796488,2015-06-21,0.11674499999999999,0.07987770438194275,0.0034145365934818983,0.0,-0.0030228393152356148,0.0,0.003383492585271597,0.0,-0.0004404075734782964,0.08408704505825196
00008,train,Landsat8,SWIR2,-64.70063128901249,-10.357442950509624,1437661613141,2015-07-23,0.12978,0.07987770438194275,0.0034145365934818983,0.0,-0.0030228393152356148,0.0,0.003383492585271597,0.0,-0.0004404075734782964,0.09013745835822055
00008,train,Landsat8,SWIR2,-64.70063128901249,-10.357442950509624,1440426424196,2015-08-24,0.16806,0.07987770438194275,0.0034145365934818983,0.0,-0.0030228393152356148,0.0,0.003383492585271597,0.0,-0.0004404075734782964,0.09256205465550184
00008,train,Landsat8,SWIR2,-64.70063128901249,-10.357442950509624,1441808830373,2015-09-09,0.15202749999999998,0.07987770438194275,0.0034145365934818983,0.0,-0.0030228393152356148,0.0,0.003383492585271597,0.0,-0.0004404075734782964,0.09183484517214231
00008,train,Landsat8,SWIR2,-64.70063128901249,-10.357442950509624,1443191237327,2015-09-25,0.13844250000000002,0.07987770438194275,0.0034145365934818983,0.0,-0.0030228393152356148,0.0,0.003383492585271597,0.0,-0.0004404075734782964,0.0903223049913066
00008,train,Landsat8,SWIR2,-64.70063128901249,-10.357442950509624,1444573638255,2015-10-11,0.14985500000000002,0.07987770438194275,0.0034145365934818983,0.0,-0.0030228393152356148,0.0,0.003383492585271597,0.0,-0.0004404075734782964,0.08864266122963267
00008,train,Landsat8,SWIR2,-64.70063128901249,-10.357442950509624,1447338443319,2015-11-12,0.10373749999999998,0.07987770438194275,0.0034145365934818983,0.0,-0.0030228393152356148,0.0,0.003383492585271597,0.0,-0.0004404075734782964,0.08663480341051992
00008,train,Landsat8,SWIR2,-64.70063128901249,-10.357442950509624,1457015230866,2016-03-03,0.07467000000000001,0.07987770438194275,0.0034145365934818983,0.0,-0.0030228393152356148,0.0,0.003383492585271597,0.0,-0.0004404075734782964,0.0887296909252477
00008,train,Landsat8,SWIR2,-64.70063128901249,-10.357442950509624,1462544813364,2016-05-06,0.07513750000000002,0.07987770438194275,0.0034145365934818983,0.0,-0.0030228393152356148,0.0,0.003383492585271597,0.0,-0.0004404075734782964,0.08336267781820761
00008,train,Landsat8,SWIR2,-64.70063128901249,-10.357442950509624,1463927214080,2016-05-22,0.08712750000000002,0.07987770438194275,0.0034145365934818983,0.0,-0.0030228393152356148,0.0,0.003383492585271597,0.0,-0.0004404075734782964,0.0836223113890128
00008,train,Landsat8,SWIR2,-64.70063128901249,-10.357442950509624,1465309618585,2016-06-07,0.07769500000000001,0.07987770438194275,0.0034145365934818983,0.0,-0.0030228393152356148,0.0,0.003383492585271597,0.0,-0.0004404075734782964,0.08525231148235278
00008,train,Landsat8,SWIR2,-64.70063128901249,-10.357442950509624,1466692023968,2016-06-23,0.08399250000000003,0.07987770438194275,0.0034145365934818983,0.0,-0.0030228393152356148,0.0,0.003383492585271597,0.0,-0.0004404075734782964,0.08798303348274306
00008,train,Landsat8,SWIR2,-64.70063128901249,-10.357442950509624,1469456837478,2016-07-25,0.12290499999999999,0.07987770438194275,0.0034145365934818983,0.0,-0.0030228393152356148,0.0,0.003383492585271597,0.0,-0.0004404075734782964,0.09391843176716785
00008,train,Landsat8,SWIR2,-64.70063128901249,-10.357442950509624,1472221646628,2016-08-26,0.1289825,0.07987770438194275,0.0034145365934818983,0.0,-0.0030228393152356148,0.0,0.003383492585271597,0.0,-0.0004404075734782964,0.09594070375995087
00008,train,Landsat8,SWIR2,-64.70063128901249,-10.357442950509624,1474986451323,2016-09-27,0.09474500000000002,0.07987770438194275,0.0034145365934818983,0.0,-0.0030228393152356148,0.0,0.003383492585271597,0.0,-0.0004404075734782964,0.09349570631125384
00008,train,Landsat8,SWIR2,-64.70063128901249,-10.357442950509624,1495722410216,2017-05-25,0.0722775,0.07987770438194275,0.0034145365934818983,0.0,-0.0030228393152356148,0.0,0.003383492585271597,0.0,-0.0004404075734782964,0.08719469413745107
00008,train,Landsat8,SWIR2,-64.70063128901249,-10.357442950509624,1498487223209,2017-06-26,0.08776,0.07987770438194275,0.0034145365934818983,0.0,-0.0030228393152356148,0.0,0.003383492585271597,0.0,-0.0004404075734782964,0.09188114092957608
00008,train,Landsat8,SWIR2,-64.70063128901249,-10.357442950509624,1499869625884,2017-07-12,0.11053000000000002,0.07987770438194275,0.0034145365934818983,0.0,-0.0030228393152356148,0.0,0.003383492585271597,0.0,-0.0004404075734782964,0.09504725678242981
00008,train,Landsat8,SWIR2,-64.70063128901249,-10.357442950509624,1501252033785,2017-07-28,0.138965,0.07987770438194275,0.0034145365934818983,0.0,-0.0030228393152356148,0.0,0.003383492585271597,0.0,-0.0004404075734782964,0.09769126886778373
00008,train,Landsat8,SWIR2,-64.70063128901249,-10.357442950509624,1502634439904,2017-08-13,0.13946000000000003,0.07987770438194275,0.0034145365934818983,0.0,-0.0030228393152356148,0.0,0.003383492585271597,0.0,-0.0004404075734782964,0.09917608132933142
00008,train,Landsat8,SWIR2,-64.70063128901249,-10.357442950509624,1506781651389,2017-09-30,0.091225,0.07987770438194275,0.0034145365934818983,0.0,-0.0030228393152356148,0.0,0.003383492585271597,0.0,-0.0004404075734782964,0.09661598613277358
00008,train,Landsat8,SWIR2,-64.70063128901249,-10.357442950509624,1508164055195,2017-10-16,0.07662249999999998,0.07987770438194275,0.0034145365934818983,0.0,-0.0030228393152356148,0.0,0.003383492585271597,0.0,-0.0004404075734782964,0.09500113430999718
00008,train,Landsat8,SWIR2,-64.70063128901249,-10.357442950509624,1524752790005,2018-04-26,0.05830750000000001,0.07987770438194275,0.0034145365934818983,0.0,-0.0030228393152356148,0.0,0.003383492585271597,0.0,-0.0004404075734782964,0.0907045566227164
00008,train,Landsat8,SWIR2,-64.70063128901249,-10.357442950509624,1526135180249,2018-05-12,0.07332250000000001,0.07987770438194275,0.0034145365934818983,0.0,-0.0030228393152356148,0.0,0.003383492585271597,0.0,-0.0004404075734782964,0.09012897421005782
00008,train,Landsat8,SWIR2,-64.70063128901249,-10.357442950509624,1527517567643,2018-05-28,0.07068249999999998,0.07987770438194275,0.0034145365934818983,0.0,-0.0030228393152356148,0.0,0.003383492585271597,0.0,-0.0004404075734782964,0.09085236151
00008,train,Landsat8,SWIR2,-64.70063128901249,-10.357442950509624,1530282380016,2018-06-29,0.09348000000000001,0.07987770438194275,0.0034145365934818983,0.0,-0.0030228393152356148,0.0,0.003383492585271597,0.0,-0.0004404075734782964,0.09589087755076205
00008,train,Landsat8,SWIR2,-64.70063128901249,-10.357442950509624,1531664787793,2018-07-15,0.11459999999999998,0.07987770438194275,0.0034145365934818983,0.0,-0.0030228393152356148,0.0,0.003383492585271597,0.0,-0.0004404075734782964,0.09902073130111852
00008,train,Landsat8,SWIR2,-64.70063128901249,-10.357442950509624,1535812010909,2018-09-01,0.09372750000000002,0.07987770438194275,0.0034145365934818983,0.0,-0.0030228393152356148,0.0,0.003383492585271597,0.0,-0.0004404075734782964,0.10257604610256549
00008,train,Landsat8,SWIR2,-64.70063128901249,-10.357442950509624,1537194415363,2018-09-17,0.09116999999999997,0.07987770438194275,0.0034145365934818983,0.0,-0.0030228393152356148,0.0,0.003383492585271597,0.0,-0.0004404075734782964,0.10138186704025594
00008,train,Landsat8,SWIR2,-64.70063128901249,-10.357442950509624,1541341632930,2018-11-04,0.0784375,0.07987770438194275,0.0034145365934818983,0.0,-0.0030228393152356148,0.0,0.003383492585271597,0.0,-0.0004404075734782964,0.09713420205655589
00009,train,Landsat8,SWIR2,-64.13607729364495,-10.677598664601264,1372083782511,2013-06-24,0.045107499999999995,0.0532720573246479,0.0,0.0010404018685221672,-0.0006396517856046557,-0.0013633591588586569,0.0,0.0,0.0,0.050841302470360325
00009,train,Landsat8,SWIR2,-64.13607729364495,-10.677598664601264,1373466186063,2013-07-10,0.050277499999999975,0.0532720573246479,0.0,0.0010404018685221672,-0.0006396517856046557,-0.0013633591588586569,0.0,0.0,0.0,0.05101994903224736
00009,train,Landsat8,SWIR2,-64.13607729364495,-10.677598664601264,1373466209988,2013-07-10,0.05107499999999998,0.0532720573246479,0.0,0.0010404018685221672,-0.0006396517856046557,-0.0013633591588586569,0.0,0.0,0.0,0.051019956311442405
00009,train,Landsat8,SWIR2,-64.13607729364495,-10.677598664601264,1374848585541,2013-07-26,0.052917500000000006,0.0532720573246479,0.0,0.0010404018685221672,-0.0006396517856046557,-0.0013633591588586569,0.0,0.0,0.0,0.05165732385591661
00009,train,Landsat8,SWIR2,-64.13607729364495,-10.677598664601264,1374848609474,2013-07-26,0.053027500000000005,0.0532720573246479,0.0,0.0010404018685221672,-0.0006396517856046557,-0.0013633591588586569,0.0,0.0,0.0,0.0516573382125191
00009,train,Landsat8,SWIR2,-64.13607729364495,-10.677598664601264,1376230987226,2013-08-11,0.057510000000000006,0.0532720573246479,0.0,0.0010404018685221672,-0.0006396517856046557,-0.0013633591588586569,0.0,0.0,0.0,0.052619335158415007
00009,train,Landsat8,SWIR2,-64.13607729364495,-10.677598664601264,1376231011164,2013-08-11,0.057152499999999995,0.0532720573246479,0.0,0.0010404018685221672,-0.0006396517856046557,-0.0013633591588586569,0.0,0.0,0.0,0.0526193534253004
00009,train,Landsat8,SWIR2,-64.13607729364495,-10.677598664601264,1377613389619,2013-08-27,0.05888500000000002,0.0532720573246479,0.0,0.0010404018685221672,-0.0006396517856046557,-0.0013633591588586569,0.0,0.0,0.0,0.05368738627827461
00009,train,Landsat8,SWIR2,-64.13607729364495,-10.677598664601264,1377613413552,2013-08-27,0.05866500000000002,0.0532720573246479,0.0,0.0010404018685221672,-0.0006396517856046557,-0.0013633591588586569,0.0,0.0,0.0,0.05368740427367383
00009,train,Landsat8,SWIR2,-64.13607729364495,-10.677598664601264,1378995786459,2013-09-12,0.05904999999999999,0.0532720573246479,0.0,0.0010404018685221672,-0.0006396517856046557,-0.0013633591588586569,0.0,0.0,0.0,0.0546180686181317
00009,train,Landsat8,SWIR2,-64.13607729364495,-10.677598664601264,1378995810396,2013-09-12,0.05899500000000002,0.0532720573246479,0.0,0.0010404018685221672,-0.0006396517856046557,-0.0013633591588586569,0.0,0.0,0.0,0.05461808228611368
00009,train,Landsat8,SWIR2,-64.13607729364495,-10.677598664601264,1380378178872,2013-09-28,0.06463249999999998,0.0532720573246479,0.0,0.0010404018685221672,-0.0006396517856046557,-0.0013633591588586569,0.0,0.0,0.0,0.05520971401734764
00009,train,Landsat8,SWIR2,-64.13607729364495,-10.677598664601264,1380378202797,2013-09-28,0.05759249999999999,0.0532720573246479,0.0,0.0010404018685221672,-0.0006396517856046557,-0.0013633591588586569,0.0,0.0,0.0,0.055209720504586765
00009,train,Landsat8,SWIR2,-64.13607729364495,-10.677598664601264,1388672573383,2014-01-02,0.0447225,0.0532720573246479,0.0,0.0010404018685221672,-0.0006396517856046557,-0.0013633591588586569,0.0,0.0,0.0,0.05293316479554636
00009,train,Landsat8,SWIR2,-64.13607729364495,-10.677598664601264,1392819715105,2014-02-19,0.06743749999999998,0.0532720573246479,0.0,0.0010404018685221672,-0.0006396517856046557,-0.0013633591588586569,0.0,0.0,0.0,0.053659502190862185
00009,train,Landsat8,SWIR2,-64.13607729364495,-10.677598664601264,1401114038758,2014-05-26,0.053027500000000005,0.0532720573246479,0.0,0.0010404018685221672,-0.0006396517856046557,-0.0013633591588586569,0.0,0.0,0.0,0.051651756225227295
00009,train,Landsat8,SWIR2,-64.13607729364495,-10.677598664601264,1401114062683,2014-05-26,0.05280750000000001,0.0532720573246479,0.0,0.0010404018685221672,-0.0006396517856046557,-0.0013633591588586569,0.0,0.0,0.0,0.05165174335566222
00009,train,Landsat8,SWIR2,-64.13607729364495,-10.677598664601264,1402496448271,2014-06-11,0.050167499999999976,0.0532720573246479,0.0,0.0010404018685221672,-0.0006396517856046557,-0.0013633591588586569,0.0,0.0,0.0,0.051047745022688856
00009,train,Landsat8,SWIR2,-64.13607729364495,-10.677598664601264,1402496472196,2014-06-11,0.050580000000000014,0.0532720573246479,0.0,0.0010404018685221672,-0.0006396517856046557,-0.0013633591588586569,0.0,0.0,0.0,0.05104773759416758
00009,train,Landsat8,SWIR2,-64.13607729364495,-10.677598664601264,1403878849774,2014-06-27,0.0443375,0.0532720573246479,0.0,0.0010404018685221672,-0.0006396517856046557,-0.0013633591588586569,0.0,0.0,0.0,0.05083745561257874
00009,train,Landsat8,SWIR2,-64.13607729364495,-10.677598664601264,1403878873699,2014-06-27,0.0447775,0.0532720573246479,0.0,0.0010404018685221672,-0.0006396517856046557,-0.0013633591588586569,0.0,0.0,0.0,0.05083745602496656
00009,train,Landsat8,SWIR2,-64.13607729364495,-10.677598664601264,1405261258705,2014-07-13,0.04956250000000001,0.0532720573246479,0.0,0.0010404018685221672,-0.0006396517856046557,-0.0013633591588586569,0.0,0.0,0.0,0.051106994360801065
00009,train,Landsat8,SWIR2,-64.13607729364495,-10.677598664601264,1405261282634,2014-07-13,0.05014000000000002,0.0532720573246479,0.0,0.0010404018685221672,-0.0006396517856046557,-0.0013633591588586569,0.0,0.0,0.0,0.05110700315965319
00009,train,Landsat8,SWIR2,-64.13607729364495,-10.677598664601264,1406643663023,2014-07-29,0.05332999999999999,0.0532720573246479,0.0,0.0010404018685221672,-0.0006396517856046557,-0.0013633591588586569,0.0,0.0,0.0,0.051818638428390115
00009,train,Landsat8,SWIR2,-64.13607729364495,-10.677598664601264,1406643686952,2014-07-29,0.053192499999999976,0.0532720573246479,0.0,0.0010404018685221672,-0.0006396517856046557,-0.0013633591588586569,0.0,0.0,0.0,0.051818653869742326
00009,train,Landsat8,SWIR2,-64.13607729364495,-10.677598664601264,1408026070355,2014-08-14,0.05800499999999997,0.0532720573246479,0.0,0.0010404018685221672,-0.0006396517856046557,-0.0013633591588586569,0.0,0.0,0.0,0.052818830198890034
00009,train,Landsat8,SWIR2,-64.13607729364495,-10.677598664601264,1408026094288,2014-08-14,0.05792249999999999,0.0532720573246479,0.0,0.0010404018685221672,-0.0006396517856046557,-0.0013633591588586569,0.0,0.0,0.0,0.052818848748244246
00009,train,Landsat8,SWIR2,-64.13607729364495,-10.677598664601264,1409408471887,2014-08-30,0.0563825,0.0532720573246479,0.0,0.0010404018685221672,-0.0006396517856046557,-0.0013633591588586569,0.0,0.0,0.0,0.05387929989324287
00009,train,Landsat8,SWIR2,-64.13607729364495,-10.677598664601264,1409408495821,2014-08-30,0.0567125,0.0532720573246479,0.0,0.0010404018685221672,-0.0006396517856046557,-0.0013633591588586569,0.0,0.0,0.0,0.053879317331956285
00009,train,Landsat8,SWIR2,-64.13607729364495,-10.677598664601264,1412173276458,2014-10-01,0.058499999999999996,0.0532720573246479,0.0,0.0010404018685221672,-0.0006396517856046557,-0.0013633591588586569,0.0,0.0,0.0,0.0552723271356731
00009,train,Landsat8,SWIR2,-64.13607729364495,-10.677598664601264,1412173300387,2014-10-01,0.05979249999999997,0.0532720573246479,0.0,0.0010404018685221672,-0.0006396517856046557,-0.0013633591588586569,0.0,0.0,0.0,0.055272332095969094
00009,train,Landsat8,SWIR2,-64.13607729364495,-10.677598664601264,1413555680889,2014-10-17,0.06842749999999997,0.0532720573246479,0.0,0.0010404018685221672,-0.0006396517856046557,-0.0013633591588586569,0.0,0.0,0.0,0.055333782805257845
00009,train,Landsat8,SWIR2,-64.13607729364495,-10.677598664601264,1413555704814,2014-10-17,0.06897750000000002,0.0532720573246479,0.0,0.0010404018685221672,-0.0006396517856046557,-0.0013633591588586569,0.0,0.0,0.0,0.05533378006580734
00009,train,Landsat8,SWIR2,-64.13607729364495,-10.677598664601264,1425997245260,2015-03-10,0.05572250000000001,0.0532720573246479,0.0,0.0010404018685221672,-0.0006396517856046557,-0.0013633591588586569,0.0,0.0,0.0,0.054045259112349545
00009,train,Landsat8,SWIR2,-64.13607729364495,-10.677598664601264,1425997269185,2015-03-10,0.057262499999999994,0.0532720573246479,0.0,0.0010404018685221672,-0.0006396517856046557,-0.0013633591588586569,0.0,0.0,0.0,0.05404526252415764
00009,train,Landsat8,SWIR2,-64.13607729364495,-10.677598664601264,1428762029321,2015-04-11,0.0536875,0.0532720573246479,0.0,0.0010404018685221672,-0.0006396517856046557,-0.0013633591588586569,0.0,0.0,0.0,0.053767343647995125
00009,train,Landsat8,SWIR2,-64.13607729364495,-10.677598664601264,1428762053246,2015-04-11,0.05206499999999997,0.0532720573246479,0.0,0.0010404018685221672,-0.0006396517856046557,-0.0013633591588586569,0.0,0.0,0.0,0.053767335100236575
00009,train,Landsat8,SWIR2,-64.13607729364495,-10.677598664601264,1434291623616,2015-06-14,0.052559999999999996,0.0532720573246479,0.0,0.0010404018685221672,-0.0006396517856046557,-0.0013633591588586569,0.0,0.0,0.0,0.05097416127536537
00009,train,Landsat8,SWIR2,-64.13607729364495,-10.677598664601264,1434291647545,2015-06-14,0.05236750000000001,0.0532720573246479,0.0,0.0010404018685221672,-0.0006396517856046557,-0.0013633591588586569,0.0,0.0,0.0,0.05097415520849756
00009,train,Landsat8,SWIR2,-64.13607729364495,-10.677598664601264,1435674030515,2015-06-30,0.050634999999999986,0.0532720573246479,0.0,0.0010404018685221672,-0.0006396517856046557,-0.0013633591588586569,0.0,0.0,0.0,0.05085083346336815
00009,train,Landsat8,SWIR2,-64.13607729364495,-10.677598664601264,1435674054448,2015-06-30,0.049205,0.0532720573246479,0.0,0.0010404018685221672,-0.0006396517856046557,-0.0013633591588586569,0.0,0.0,0.0,0.05085083543115638
00009,train,Landsat8,SWIR2,-64.13607729364495,-10.677598664601264,1437056464029,2015-07-16,0.050744999999999985,0.0532720573246479,0.0,0.0010404018685221672,-0.0006396517856046557,-0.0013633591588586569,0.0,0.0,0.0,0.051209963792930024
00009,train,Landsat8,SWIR2,-64.13607729364495,-10.677598664601264,1438438843901,2015-08-01,0.05654749999999997,0.0532720573246479,0.0,0.0010404018685221672,-0.0006396517856046557,-0.0013633591588586569,0.0,0.0,0.0,0.05199037729261477
00009,train,Landsat8,SWIR2,-64.13607729364495,-10.677598664601264,1438438867826,2015-08-01,0.05690499999999998,0.0532720573246479,0.0,0.0010404018685221672,-0.0006396517856046557,-0.0013633591588586569,0.0,0.0,0.0,0.05199039357511575
00009,train,Landsat8,SWIR2,-64.13607729364495,-10.677598664601264,1441203655474,2015-09-02,0.06160749999999998,0.0532720573246479,0.0,0.0010404018685221672,-0.0006396517856046557,-0.0013633591588586569,0.0,0.0,0.0,0.054064796436707176
00009,train,Landsat8,SWIR2,-64.13607729364495,-10.677598664601264,1441203679399,2015-09-02,0.05979249999999997,0.0532720573246479,0.0,0.0010404018685221672,-0.0006396517856046557,-0.0013633591588586569,0.0,0.0,0.0,0.054064813196840984
00009,train,Landsat8,SWIR2,-64.13607729364495,-10.677598664601264,1442586064130,2015-09-18,0.06031500000000001,0.0532720573246479,0.0,0.0010404018685221672,-0.0006396517856046557,-0.0013633591588586569,0.0,0.0,0.0,0.05488780900962768
00009,train,Landsat8,SWIR2,-64.13607729364495,-10.677598664601264,1442586088063,2015-09-18,0.05968249999999997,0.0532720573246479,0.0,0.0010404018685221672,-0.0006396517856046557,-0.0013633591588586569,0.0,0.0,0.0,0.05488782022127442
00009,train,Landsat8,SWIR2,-64.13607729364495,-10.677598664601264,1445350869778,2015-10-20,0.06345,0.0532720573246479,0.0,0.0010404018685221672,-0.0006396517856046557,-0.0013633591588586569,0.0,0.0,0.0,0.05529625492300727
00009,train,Landsat8,SWIR2,-64.13607729364495,-10.677598664601264,1445350893711,2015-10-20,0.0649075,0.0532720573246479,0.0,0.0010404018685221672,-0.0006396517856046557,-0.0013633591588586569,0.0,0.0,0.0,0.05529625076935079
00009,train,Landsat8,SWIR2,-64.13607729364495,-10.677598664601264,1446733273653,2015-11-05,0.06553999999999999,0.0532720573246479,0.0,0.0010404018685221672,-0.0006396517856046557,-0.0013633591588586569,0.0,0.0,0.0,0.05488170482259527
00009,train,Landsat8,SWIR2,-64.13607729364495,-10.677598664601264,1446733297578,2015-11-05,0.062212500000000004,0.0532720573246479,0.0,0.0010404018685221672,-0.0006396517856046557,-0.0013633591588586569,0.0,0.0,0.0,0.054881695091641
00009,train,Landsat8,SWIR2,-64.13607729364495,-10.677598664601264,1453645271534,2016-01-24,0.05731750000000002,0.0532720573246479,0.0,0.0010404018685221672,-0.0006396517856046557,-0.0013633591588586569,0.0,0.0,0.0,0.05303633358037527
00009,train,Landsat8,SWIR2,-64.13607729364495,-10.677598664601264,1453645295455,2016-01-24,0.05764750000000002,0.0532720573246479,0.0,0.0010404018685221672,-0.0006396517856046557,-0.0013633591588586569,0.0,0.0,0.0,0.053036338301219545
00009,train,Landsat8,SWIR2,-64.13607729364495,-10.677598664601264,1455027666353,2016-02-09,0.05242249999999998,0.0532720573246479,0.0,0.0010404018685221672,-0.0006396517856046557,-0.0013633591588586569,0.0,0.0,0.0,0.05339324462028896
00009,train,Landsat8,SWIR2,-64.13607729364495,-10.677598664601264,1455027690278,2016-02-09,0.054595000000000005,0.0532720573246479,0.0,0.0010404018685221672,-0.0006396517856046557,-0.0013633591588586569,0.0,0.0,0.0,0.05339325173264127
00009,train,Landsat8,SWIR2,-64.13607729364495,-10.677598664601264,1461939641701,2016-04-29,0.05025000000000002,0.0532720573246479,0.0,0.0010404018685221672,-0.0006396517856046557,-0.0013633591588586569,0.0,0.0,0.0,0.0529994143944602
00009,train,Landsat8,SWIR2,-64.13607729364495,-10.677598664601264,1461939665635,2016-04-29,0.05041499999999999,0.0532720573246479,0.0,0.0010404018685221672,-0.0006396517856046557,-0.0013633591588586569,0.0,0.0,0.0,0.052999400787836465
00009,train,Landsat8,SWIR2,-64.13607729364495,-10.677598664601264,1466086848499,2016-06-16,0.04653750000000001,0.0532720573246479,0.0,0.0010404018685221672,-0.0006396517856046557,-0.0013633591588586569,0.0,0.0,0.0,0.05092352040855347
00009,train,Landsat8,SWIR2,-64.13607729364495,-10.677598664601264,1466086872424,2016-06-16,0.04587749999999999,0.0532720573246479,0.0,0.0010404018685221672,-0.0006396517856046557,-0.0013633591588586569,0.0,0.0,0.0,0.05092351545973814
00009,train,Landsat8,SWIR2,-64.13607729364495,-10.677598664601264,1467469258263,2016-07-02,0.049287499999999984,0.0532720573246479,0.0,0.0010404018685221672,-0.0006396517856046557,-0.0013633591588586569,0.0,0.0,0.0,0.050875203774455785
00009,train,Landsat8,SWIR2,-64.13607729364495,-10.677598664601264,1467469282196,2016-07-02,0.049095,0.0532720573246479,0.0,0.0010404018685221672,-0.0006396517856046557,-0.0013633591588586569,0.0,0.0,0.0,0.05087520712141774
00009,train,Landsat8,SWIR2,-64.13607729364495,-10.677598664601264,1468851664930,2016-07-18,0.05261500000000002,0.0532720573246479,0.0,0.0010404018685221672,-0.0006396517856046557,-0.0013633591588586569,0.0,0.0,0.0,0.05130551103766208
00009,train,Landsat8,SWIR2,-64.13607729364495,-10.677598664601264,1468851688855,2016-07-18,0.052559999999999996,0.0532720573246479,0.0,0.0010404018685221672,-0.0006396517856046557,-0.0013633591588586569,0.0,0.0,0.0,0.05130552230717726
00009,train,Landsat8,SWIR2,-64.13607729364495,-10.677598664601264,1470234068097,2016-08-03,0.054842500000000016,0.0532720573246479,0.0,0.0010404018685221672,-0.0006396517856046557,-0.0013633591588586569,0.0,0.0,0.0,0.05213499038239947
00009,train,Landsat8,SWIR2,-64.13607729364495,-10.677598664601264,1470234092031,2016-08-03,0.05473250000000002,0.0532720573246479,0.0,0.0010404018685221672,-0.0006396517856046557,-0.0013633591588586569,0.0,0.0,0.0,0.052135007240693435
00009,train,Landsat8,SWIR2,-64.13607729364495,-10.677598664601264,1474381280871,2016-09-20,0.079125,0.0532720573246479,0.0,0.0010404018685221672,-0.0006396517856046557,-0.0013633591588586569,0.0,0.0,0.0,0.05497592043834055
00009,train,Landsat8,SWIR2,-64.13607729364495,-10.677598664601264,1474381304805,2016-09-20,0.0802525,0.0532720573246479,0.0,0.0010404018685221672,-0.0006396517856046557,-0.0013633591588586569,0.0,0.0,0.0,0.054975930657223906
00009,train,Landsat8,SWIR2,-64.13607729364495,-10.677598664601264,1478528486716,2016-11-07,0.07681500000000002,0.0532720573246479,0.0,0.0010404018685221672,-0.0006396517856046557,-0.0013633591588586569,0.0,0.0,0.0,0.05480408152566117
00009,train,Landsat8,SWIR2,-64.13607729364495,-10.677598664601264,1478528510645,2016-11-07,0.07871250000000002,0.0532720573246479,0.0,0.0010404018685221672,-0.0006396517856046557,-0.0013633591588586569,0.0,0.0,0.0,0.05480407123125253
00009,train,Landsat8,SWIR2,-64.13607729364495,-10.677598664601264,1482675680843,2016-12-25,0.06025999999999998,0.0532720573246479,0.0,0.0010404018685221672,-0.0006396517856046557,-0.0013633591588586569,0.0,0.0,0.0,0.053045782312067274
00009,train,Landsat8,SWIR2,-64.13607729364495,-10.677598664601264,1482675704768,2016-12-25,0.060177499999999995,0.0532720573246479,0.0,0.0010404018685221672,-0.0006396517856046557,-0.0013633591588586569,0.0,0.0,0.0,0.05304577699972497
00009,train,Landsat8,SWIR2,-64.13607729364495,-10.677598664601264,1485440471964,2017-01-26,0.05387999999999998,0.0532720573246479,0.0,0.0010404018685221672,-0.0006396517856046557,-0.0013633591588586569,0.0,0.0,0.0,0.05307294645185735
00009,train,Landsat8,SWIR2,-64.13607729364495,-10.677598664601264,1485440495889,2017-01-26,0.05374249999999997,0.0532720573246479,0.0,0.0010404018685221672,-0.0006396517856046557,-0.0013633591588586569,0.0,0.0,0.0,0.05307295157456416
00009,train,Landsat8,SWIR2,-64.13607729364495,-10.677598664601264,1493734822810,2017-05-02,0.04681250000000001,0.0532720573246479,0.0,0.0010404018685221672,-0.0006396517856046557,-0.0013633591588586569,0.0,0.0,0.0,0.05288308438457517
00009,train,Landsat8,SWIR2,-64.13607729364495,-10.677598664601264,1493734846744,2017-05-02,0.046867500000000006,0.0532720573246479,0.0,0.0010404018685221672,-0.0006396517856046557,-0.0013633591588586569,0.0,0.0,0.0,0.0528830703855051
00009,train,Landsat8,SWIR2,-64.13607729364495,-10.677598664601264,1496499644152,2017-06-03,0.04727999999999999,0.0532720573246479,0.0,0.0010404018685221672,-0.0006396517856046557,-0.0013633591588586569,0.0,0.0,0.0,0.051310226281469334
00009,train,Landsat8,SWIR2,-64.13607729364495,-10.677598664601264,1496499668085,2017-06-03,0.04598749999999999,0.0532720573246479,0.0,0.0010404018685221672,-0.0006396517856046557,-0.0013633591588586569,0.0,0.0,0.0,0.051310215723701744
00009,train,Landsat8,SWIR2,-64.13607729364495,-10.677598664601264,1497882050455,2017-06-19,0.045630000000000004,0.0532720573246479,0.0,0.0010404018685221672,-0.0006396517856046557,-0.0013633591588586569,0.0,0.0,0.0,0.0508852584345111
00009,train,Landsat8,SWIR2,-64.13607729364495,-10.677598664601264,1497882074380,2017-06-19,0.0448325,0.0532720573246479,0.0,0.0010404018685221672,-0.0006396517856046557,-0.0013633591588586569,0.0,0.0,0.0,0.050885254747023594
00009,train,Landsat8,SWIR2,-64.13607729364495,-10.677598664601264,1499264454168,2017-07-05,0.04890249999999999,0.0532720573246479,0.0,0.0010404018685221672,-0.0006396517856046557,-0.0013633591588586569,0.0,0.0,0.0,0.05091161669703524
00009,train,Landsat8,SWIR2,-64.13607729364495,-10.677598664601264,1499264478102,2017-07-05,0.048490000000000005,0.0532720573246479,0.0,0.0010404018685221672,-0.0006396517856046557,-0.0013633591588586569,0.0,0.0,0.0,0.05091162137188115
00009,train,Landsat8,SWIR2,-64.13607729364495,-10.677598664601264,1500646859570,2017-07-21,0.05195499999999997,0.0532720573246479,0.0,0.0010404018685221672,-0.0006396517856046557,-0.0013633591588586569,0.0,0.0,0.0,0.051414775126947324
00009,train,Landsat8,SWIR2,-64.13607729364495,-10.677598664601264,1500646883504,2017-07-21,0.05159750000000002,0.0532720573246479,0.0,0.0010404018685221672,-0.0006396517856046557,-0.0013633591588586569,0.0,0.0,0.0,0.051414787581537884
00009,train,Landsat8,SWIR2,-64.13607729364495,-10.677598664601264,1502029266718,2017-08-06,0.05316500000000002,0.0532720573246479,0.0,0.0010404018685221672,-0.0006396517856046557,-0.0013633591588586569,0.0,0.0,0.0,0.05229584937570272
00009,train,Landsat8,SWIR2,-64.13607729364495,-10.677598664601264,1502029290647,2017-08-06,0.05316500000000002,0.0532720573246479,0.0,0.0010404018685221672,-0.0006396517856046557,-0.0013633591588586569,0.0,0.0,0.0,0.052295866831357826
00009,train,Landsat8,SWIR2,-64.13607729364495,-10.677598664601264,1503411671491,2017-08-22,0.05795,0.0532720573246479,0.0,0.0010404018685221672,-0.0006396517856046557,-0.0013633591588586569,0.0,0.0,0.0,0.053357077890138216
00009,train,Landsat8,SWIR2,-64.13607729364495,-10.677598664601264,1503411695420,2017-08-22,0.057620000000000005,0.0532720573246479,0.0,0.0010404018685221672,-0.0006396517856046557,-0.0013633591588586569,0.0,0.0,0.0,0.05335709643758642
00009,train,Landsat8,SWIR2,-64.13607729364495,-10.677598664601264,1504794073402,2017-09-07,0.06380750000000002,0.0532720573246479,0.0,0.0010404018685221672,-0.0006396517856046557,-0.0013633591588586569,0.0,0.0,0.0,0.05435559364641478
00009,train,Landsat8,SWIR2,-64.13607729364495,-10.677598664601264,1504794097332,2017-09-07,0.06408249999999999,0.0532720573246479,0.0,0.0010404018685221672,-0.0006396517856046557,-0.0013633591588586569,0.0,0.0,0.0,0.05435560909463541
00009,train,Landsat8,SWIR2,-64.13607729364495,-10.677598664601264,1506176477662,2017-09-23,0.06045250000000002,0.0532720573246479,0.0,0.0010404018685221672,-0.0006396517856046557,-0.0013633591588586569,0.0,0.0,0.0,0.055069918733028154
00009,train,Landsat8,SWIR2,-64.13607729364495,-10.677598664601264,1506176501595,2017-09-23,0.06122250000000001,0.0532720573246479,0.0,0.0010404018685221672,-0.0006396517856046557,-0.0013633591588586569,0.0,0.0,0.0,0.05506992764248135
00009,train,Landsat8,SWIR2,-64.13607729364495,-10.677598664601264,1507558883170,2017-10-09,0.060975,0.0532720573246479,0.0,0.0010404018685221672,-0.0006396517856046557,-0.0013633591588586569,0.0,0.0,0.0,0.05535990482202114
00009,train,Landsat8,SWIR2,-64.13607729364495,-10.677598664601264,1507558907095,2017-10-09,0.05869249999999998,0.0532720573246479,0.0,0.0010404018685221672,-0.0006396517856046557,-0.0013633591588586569,0.0,0.0,0.0,0.055359905822856714
00009,train,Landsat8,SWIR2,-64.13607729364495,-10.677598664601264,1522765232331,2018-04-03,0.07346000000000003,0.0532720573246479,0.0,0.0010404018685221672,-0.0006396517856046557,-0.0013633591588586569,0.0,0.0,0.0,0.053970336812154365
00009,train,Landsat8,SWIR2,-64.13607729364495,-10.677598664601264,1524147622639,2018-04-19,0.056217499999999976,0.0532720573246479,0.0,0.0010404018685221672,-0.0006396517856046557,-0.0013633591588586569,0.0,0.0,0.0,0.053481968320622714
00009,train,Landsat8,SWIR2,-64.13607729364495,-10.677598664601264,1524147646564,2018-04-19,0.0562725,0.0532720573246479,0.0,0.0010404018685221672,-0.0006396517856046557,-0.0013633591588586569,0.0,0.0,0.0,0.05348195717804552
00009,train,Landsat8,SWIR2,-64.13607729364495,-10.677598664601264,1525530014053,2018-05-05,0.04873749999999999,0.0532720573246479,0.0,0.0010404018685221672,-0.0006396517856046557,-0.0013633591588586569,0.0,0.0,0.0,0.05272924143713359
00009,train,Landsat8,SWIR2,-64.13607729364495,-10.677598664601264,1525530037982,2018-05-05,0.048985,0.0532720573246479,0.0,0.0010404018685221672,-0.0006396517856046557,-0.0013633591588586569,0.0,0.0,0.0,0.052729227057373824
00009,train,Landsat8,SWIR2,-64.13607729364495,-10.677598664601264,1526912402666,2018-05-21,0.047664999999999985,0.0532720573246479,0.0,0.0010404018685221672,-0.0006396517856046557,-0.0013633591588586569,0.0,0.0,0.0,0.05189413463574462
00009,train,Landsat8,SWIR2,-64.13607729364495,-10.677598664601264,1526912426595,2018-05-21,0.0478025,0.0532720573246479,0.0,0.0010404018685221672,-0.0006396517856046557,-0.0013633591588586569,0.0,0.0,0.0,0.051894120756527794
00009,train,Landsat8,SWIR2,-64.13607729364495,-10.677598664601264,1531059613822,2018-07-08,0.049095,0.0532720573246479,0.0,0.0010404018685221672,-0.0006396517856046557,-0.0013633591588586569,0.0,0.0,0.0,0.05097096769258937
00009,train,Landsat8,SWIR2,-64.13607729364495,-10.677598664601264,1531059637756,2018-07-08,0.048242499999999994,0.0532720573246479,0.0,0.0010404018685221672,-0.0006396517856046557,-0.0013633591588586569,0.0,0.0,0.0,0.050970973901389695
00009,train,Landsat8,SWIR2,-64.13607729364495,-10.677598664601264,1532442020324,2018-07-24,0.055062500000000014,0.0532720573246479,0.0,0.0010404018685221672,-0.0006396517856046557,-0.0013633591588586569,0.0,0.0,0.0,0.05155603668376539
00009,train,Landsat8,SWIR2,-64.13607729364495,-10.677598664601264,1532442044258,2018-07-24,0.05437500000000001,0.0532720573246479,0.0,0.0010404018685221672,-0.0006396517856046557,-0.0013633591588586569,0.0,0.0,0.0,0.05155605040469387
00009,train,Landsat8,SWIR2,-64.13607729364495,-10.677598664601264,1533824429568,2018-08-09,0.05261500000000002,0.0532720573246479,0.0,0.0010404018685221672,-0.0006396517856046557,-0.0013633591588586569,0.0,0.0,0.0,0.052488170470896905
00009,train,Landsat8,SWIR2,-64.13607729364495,-10.677598664601264,1533824453493,2018-08-09,0.051817500000000016,0.0532720573246479,0.0,0.0010404018685221672,-0.0006396517856046557,-0.0013633591588586569,0.0,0.0,0.0,0.05248818844265062
00009,train,Landsat8,SWIR2,-64.13607729364495,-10.677598664601264,1537971648574,2018-09-26,0.06012250000000002,0.0532720573246479,0.0,0.0010404018685221672,-0.0006396517856046557,-0.0013633591588586569,0.0,0.0,0.0,0.05515900783391746
00009,train,Landsat8,SWIR2,-64.13607729364495,-10.677598664601264,1537971672499,2018-09-26,0.06025999999999998,0.0532720573246479,0.0,0.0010404018685221672,-0.0006396517856046557,-0.0013633591588586569,0.0,0.0,0.0,0.055159015313919965
