feature_index,lon,lat,date,z,ccdc_COS,ccdc_COS2,ccdc_COS3,ccdc_INTP,ccdc_SIN,ccdc_SIN2,ccdc_SIN3,ccdc_SLP,ccdc_fit,status,class
0,-64.35081537790192,-14.997373668375412,2016-01-07,0.0,0.0005690249381586909,-0.007012894377112389,0.0,0.20644333958625793,-0.01923401653766632,0.004689013585448265,0.0,0.001036828150972724,0.2057087917507844,unchanged,0
0,-64.35081537790192,-14.997373668375412,2016-01-13,0.0,0.0005690249381586909,-0.007012894377112389,0.0,0.20644333958625793,-0.01923401653766632,0.004689013585448265,0.0,0.001036828150972724,0.205117329244491,unchanged,0
0,-64.35081537790192,-14.997373668375412,2016-01-19,0.0,0.0005690249381586909,-0.007012894377112389,0.0,0.20644333958625793,-0.01923401653766632,0.004689013585448265,0.0,0.001036828150972724,0.20475388356938323,unchanged,0
0,-64.35081537790192,-14.997373668375412,2016-01-25,0.21566249430179596,0.0005690249381586909,-0.007012894377112389,0.0,0.20644333958625793,-0.01923401653766632,0.004689013585448265,0.0,0.001036828150972724,0.20457350990611656,unchanged,0
0,-64.35081537790192,-14.997373668375412,2016-01-31,0.0,0.0005690249381586909,-0.007012894377112389,0.0,0.20644333958625793,-0.01923401653766632,0.004689013585448265,0.0,0.001036828150972724,0.2045251820107938,unchanged,0
0,-64.35081537790192,-14.997373668375412,2016-02-06,0.0,0.0005690249381586909,-0.007012894377112389,0.0,0.20644333958625793,-0.01923401653766632,0.004689013585448265,0.0,0.001036828150972724,0.20455482603206393,unchanged,0
0,-64.35081537790192,-14.997373668375412,2016-02-12,0.0,0.0005690249381586909,-0.007012894377112389,0.0,0.20644333958625793,-0.01923401653766632,0.004689013585448265,0.0,0.001036828150972724,0.20460771243594966,unchanged,0
0,-64.35081537790192,-14.997373668375412,2016-02-18,0.0,0.0005690249381586909,-0.007012894377112389,0.0,0.20644333958625793,-0.01923401653766632,0.004689013585448265,0.0,0.001036828150972724,0.2046320920248667,unchanged,0
0,-64.35081537790192,-14.997373668375412,2016-02-24,0.0,0.0005690249381586909,-0.007012894377112389,0.0,0.20644333958625793,-0.01923401653766632,0.004689013585448265,0.0,0.001036828150972724,0.20458154041921192,unchanged,0
0,-64.35081537790192,-14.997373668375412,2016-03-01,0.0,0.0005690249381586909,-0.007012894377112389,0.0,0.20644333958625793,-0.01923401653766632,0.004689013585448265,0.0,0.001036828150972724,0.20441704182540588,unchanged,0
0,-64.35081537790192,-14.997373668375412,2016-03-07,0.0,0.0005690249381586909,-0.007012894377112389,0.0,0.20644333958625793,-0.01923401653766632,0.004689013585448265,0.0,0.001036828150972724,0.2041098257533297,unchanged,0
0,-64.35081537790192,-14.997373668375412,2016-03-13,0.18686999380588531,0.0005690249381586909,-0.007012894377112389,0.0,0.20644333958625793,-0.01923401653766632,0.004689013585448265,0.0,0.001036828150972724,0.20364259452385455,unchanged,0
0,-64.35081537790192,-14.997373668375412,2016-03-19,0.0,0.0005690249381586909,-0.007012894377112389,0.0,0.20644333958625793,-0.01923401653766632,0.004689013585448265,0.0,0.001036828150972724,0.20301021861842847,unchanged,0
0,-64.35081537790192,-14.997373668375412,2016-03-25,0.20265500247478485,0.0005690249381586909,-0.007012894377112389,0.0,0.20644333958625793,-0.01923401653766632,0.004689013585448265,0.0,0.001036828150972724,0.2022209622883202,unchanged,0
0,-64.35081537790192,-14.997373668375412,2016-03-31,0.0,0.0005690249381586909,-0.007012894377112389,0.0,0.20644333958625793,-0.01923401653766632,0.004689013585448265,0.0,0.001036828150972724,0.2012958431382646,unchanged,0
0,-64.35081537790192,-14.997373668375412,2016-04-06,0.20111499726772308,0.0005690249381586909,-0.007012894377112389,0.0,0.20644333958625793,-0.01923401653766632,0.004689013585448265,0.0,0.001036828150972724,0.2002681329747179,unchanged,0
0,-64.35081537790192,-14.997373668375412,2016-04-12,0.0,0.0005690249381586909,-0.007012894377112389,0.0,0.20644333958625793,-0.01923401653766632,0.004689013585448265,0.0,0.001036828150972724,0.1991815199060541,unchanged,0
0,-64.35081537790192,-14.997373668375412,2016-04-18,0.0,0.0005690249381586909,-0.007012894377112389,0.0,0.20644333958625793,-0.01923401653766632,0.004689013585448265,0.0,0.001036828150972724,0.19808901768697207,unchanged,0
0,-64.35081537790192,-14.997373668375412,2016-04-24,0.0,0.0005690249381586909,-0.007012894377112389,0.0,0.20644333958625793,-0.01923401653766632,0.004689013585448265,0.0,0.001036828150972724,0.197050276209325,unchanged,0
0,-64.35081537790192,-14.997373668375412,2016-04-30,0.0,0.0005690249381586909,-0.007012894377112389,0.0,0.20644333958625793,-0.01923401653766632,0.004689013585448265,0.0,0.001036828150972724,0.19612855432418916,unchanged,0
0,-64.35081537790192,-14.997373668375412,2016-05-06,0.0,0.0005690249381586909,-0.007012894377112389,0.0,0.20644333958625793,-0.01923401653766632,0.004689013585448265,0.0,0.001036828150972724,0.19538859536748954,unchanged,0
0,-64.35081537790192,-14.997373668375412,2016-05-12,0.0,0.0005690249381586909,-0.007012894377112389,0.0,0.20644333958625793,-0.01923401653766632,0.004689013585448265,0.0,0.001036828150972724,0.19489311986413232,unchanged,0
0,-64.35081537790192,-14.997373668375412,2016-05-18,0.0,0.0005690249381586909,-0.007012894377112389,0.0,0.20644333958625793,-0.01923401653766632,0.004689013585448265,0.0,0.001036828150972724,0.19470010531445364,unchanged,0
0,-64.35081537790192,-14.997373668375412,2016-05-24,0.0,0.0005690249381586909,-0.007012894377112389,0.0,0.20644333958625793,-0.01923401653766632,0.004689013585448265,0.0,0.001036828150972724,0.19485944750651518,unchanged,0
0,-64.35081537790192,-14.997373668375412,2016-05-30,0.0,0.0005690249381586909,-0.007012894377112389,0.0,0.20644333958625793,-0.01923401653766632,0.004689013585448265,0.0,0.001036828150972724,0.19541115966764813,unchanged,0
0,-64.35081537790192,-14.997373668375412,2016-06-05,0.0,0.0005690249381586909,-0.007012894377112389,0.0,0.20644333958625793,-0.01923401653766632,0.004689013585448265,0.0,0.001036828150972724,0.196382824557201,unchanged,0
0,-64.35081537790192,-14.997373668375412,2016-06-11,0.0,0.0005690249381586909,-0.007012894377112389,0.0,0.20644333958625793,-0.01923401653766632,0.004689013585448265,0.0,0.001036828150972724,0.19778751865249836,unchanged,0
0,-64.35081537790192,-14.997373668375412,2016-06-17,0.21890750527381897,0.0005690249381586909,-0.007012894377112389,0.0,0.20644333958625793,-0.01923401653766632,0.004689013585448265,0.0,0.001036828150972724,0.19962344113250502,unchanged,0
0,-64.35081537790192,-14.997373668375412,2016-06-23,0.0,0.0005690249381586909,-0.007012894377112389,0.0,0.20644333958625793,-0.01923401653766632,0.004689013585448265,0.0,0.001036828150972724,0.20187301137309702,unchanged,0
0,-64.35081537790192,-14.997373668375412,2016-06-29,0.22811999917030334,0.0005690249381586909,-0.007012894377112389,0.0,0.20644333958625793,-0.01923401653766632,0.004689013585448265,0.0,0.001036828150972724,0.20450261377471235,unchanged,0
0,-64.35081537790192,-14.997373668375412,2016-07-05,0.23122750222682953,0.0005690249381586909,-0.007012894377112389,0.0,0.20644333958625793,-0.01923401653766632,0.004689013585448265,0.0,0.001036828150972724,0.20746411818077498,unchanged,0
0,-64.35081537790192,-14.997373668375412,2016-07-11,0.2345000058412552,0.0005690249381586909,-0.007012894377112389,0.0,0.20644333958625793,-0.01923401653766632,0.004689013585448265,0.0,0.001036828150972724,0.21069575583025016,unchanged,0
0,-64.35081537790192,-14.997373668375412,2016-07-17,0.0,0.0005690249381586909,-0.007012894377112389,0.0,0.20644333958625793,-0.01923401653766632,0.004689013585448265,0.0,0.001036828150972724,0.21412432002455933,unchanged,0
0,-64.35081537790192,-14.997373668375412,2016-07-23,0.23257499933242798,0.0005690249381586909,-0.007012894377112389,0.0,0.20644333958625793,-0.01923401653766632,0.004689013585448265,0.0,0.001036828150972724,0.2176670943593403,unchanged,0
0,-64.35081537790192,-14.997373668375412,2016-07-29,0.0,0.0005690249381586909,-0.007012894377112389,0.0,0.20644333958625793,-0.01923401653766632,0.004689013585448265,0.0,0.001036828150972724,0.2212354490058752,unchanged,0
0,-64.35081537790192,-14.997373668375412,2016-08-04,0.2656024992465973,0.0005690249381586909,-0.007012894377112389,0.0,0.20644333958625793,-0.01923401653766632,0.004689013585448265,0.0,0.001036828150972724,0.2247375712782486,unchanged,0
0,-64.35081537790192,-14.997373668375412,2016-08-10,0.0,0.0005690249381586909,-0.007012894377112389,0.0,0.20644333958625793,-0.01923401653766632,0.004689013585448265,0.0,0.001036828150972724,0.22808135690453646,unchanged,0
0,-64.35081537790192,-14.997373668375412,2016-08-16,0.0,0.0005690249381586909,-0.007012894377112389,0.0,0.20644333958625793,-0.01923401653766632,0.004689013585448265,0.0,0.001036828150972724,0.2311784664640983,unchanged,0
0,-64.35081537790192,-14.997373668375412,2016-08-22,0.25149500370025635,0.0005690249381586909,-0.007012894377112389,0.0,0.20644333958625793,-0.01923401653766632,0.004689013585448265,0.0,0.001036828150972724,0.2339471306866569,unchanged,0
0,-64.35081537790192,-14.997373668375412,2016-08-28,0.0,0.0005690249381586909,-0.007012894377112389,0.0,0.20644333958625793,-0.01923401653766632,0.004689013585448265,0.0,0.001036828150972724,0.2363147245413696,unchanged,0
0,-64.35081537790192,-14.997373668375412,2016-09-03,0.0,0.0005690249381586909,-0.007012894377112389,0.0,0.20644333958625793,-0.01923401653766632,0.004689013585448265,0.0,0.001036828150972724,0.23822112111435131,unchanged,0
0,-64.35081537790192,-14.997373668375412,2016-09-09,0.0,0.0005690249381586909,-0.007012894377112389,0.0,0.20644333958625793,-0.01923401653766632,0.004689013585448265,0.0,0.001036828150972724,0.23962031151552696,unchanged,0
0,-64.35081537790192,-14.997373668375412,2016-09-15,0.27660250663757324,0.0005690249381586909,-0.007012894377112389,0.0,0.20644333958625793,-0.01923401653766632,0.004689013585448265,0.0,0.001036828150972724,0.2404822551098762,unchanged,0
0,-64.35081537790192,-14.997373668375412,2016-09-21,0.24651749432086945,0.0005690249381586909,-0.007012894377112389,0.0,0.20644333958625793,-0.01923401653766632,0.004689013585448265,0.0,0.001036828150972724,0.24079333942205233,unchanged,0
0,-64.35081537790192,-14.997373668375412,2016-09-27,0.0,0.0005690249381586909,-0.007012894377112389,0.0,0.20644333958625793,-0.01923401653766632,0.004689013585448265,0.0,0.001036828150972724,0.2405574730448723,unchanged,0
0,-64.35081537790192,-14.997373668375412,2016-10-03,0.2734124958515167,0.0005690249381586909,-0.007012894377112389,0.0,0.20644333958625793,-0.01923401653766632,0.004689013585448265,0.0,0.001036828150972724,0.23979537465007555,unchanged,0
0,-64.35081537790192,-14.997373668375412,2016-10-09,0.0,0.0005690249381586909,-0.007012894377112389,0.0,0.20644333958625793,-0.01923401653766632,0.004689013585448265,0.0,0.001036828150972724,0.23854321151329494,unchanged,0
0,-64.35081537790192,-14.997373668375412,2016-10-15,0.0,0.0005690249381586909,-0.007012894377112389,0.0,0.20644333958625793,-0.01923401653766632,0.004689013585448265,0.0,0.001036828150972724,0.23685178784132574,unchanged,0
0,-64.35081537790192,-14.997373668375412,2016-10-21,0.0,0.0005690249381586909,-0.007012894377112389,0.0,0.20644333958625793,-0.01923401653766632,0.004689013585448265,0.0,0.001036828150972724,0.23478392504475906,unchanged,0
0,-64.35081537790192,-14.997373668375412,2016-10-27,0.21390250325202942,0.0005690249381586909,-0.007012894377112389,0.0,0.20644333958625793,-0.01923401653766632,0.004689013585448265,0.0,0.001036828150972724,0.23241215796767467,unchanged,0
0,-64.35081537790192,-14.997373668375412,2016-11-02,0.2236649990081787,0.0005690249381586909,-0.007012894377112389,0.0,0.20644333958625793,-0.01923401653766632,0.004689013585448265,0.0,0.001036828150972724,0.2298153362057227,unchanged,0
0,-64.35081537790192,-14.997373668375412,2016-11-08,0.0,0.0005690249381586909,-0.007012894377112389,0.0,0.20644333958625793,-0.01923401653766632,0.004689013585448265,0.0,0.001036828150972724,0.2270762634727441,unchanged,0
0,-64.35081537790192,-14.997373668375412,2016-11-14,0.0,0.0005690249381586909,-0.007012894377112389,0.0,0.20644333958625793,-0.01923401653766632,0.004689013585448265,0.0,0.001036828150972724,0.22427812514781492,unchanged,0
0,-64.35081537790192,-14.997373668375412,2016-11-20,0.0,0.0005690249381586909,-0.007012894377112389,0.0,0.20644333958625793,-0.01923401653766632,0.004689013585448265,0.0,0.001036828150972724,0.22150094842357204,unchanged,0
0,-64.35081537790192,-14.997373668375412,2016-11-26,0.0,0.0005690249381586909,-0.007012894377112389,0.0,0.20644333958625793,-0.01923401653766632,0.004689013585448265,0.0,0.001036828150972724,0.21881937428693637,unchanged,0
0,-64.35081537790192,-14.997373668375412,2016-12-02,0.0,0.0005690249381586909,-0.007012894377112389,0.0,0.20644333958625793,-0.01923401653766632,0.004689013585448265,0.0,0.001036828150972724,0.216299594395817,unchanged,0
0,-64.35081537790192,-14.997373668375412,2016-12-08,0.0,0.0005690249381586909,-0.007012894377112389,0.0,0.20644333958625793,-0.01923401653766632,0.004689013585448265,0.0,0.001036828150972724,0.21399668319971843,unchanged,0
0,-64.35081537790192,-14.997373668375412,2016-12-14,0.0,0.0005690249381586909,-0.007012894377112389,0.0,0.20644333958625793,-0.01923401653766632,0.004689013585448265,0.0,0.001036828150972724,0.21195357162785317,unchanged,0
0,-64.35081537790192,-14.997373668375412,2016-12-20,0.0,0.0005690249381586909,-0.007012894377112389,0.0,0.20644333958625793,-0.01923401653766632,0.004689013585448265,0.0,0.001036828150972724,0.21019931317828677,unchanged,0
0,-64.35081537790192,-14.997373668375412,2016-12-26,0.0,0.0005690249381586909,-0.007012894377112389,0.0,0.20644333958625793,-0.01923401653766632,0.004689013585448265,0.0,0.001036828150972724,0.20874872699275968,unchanged,0
0,-64.35081537790192,-14.997373668375412,2017-01-01,0.0,0.0005690249381586909,-0.007012894377112389,0.0,0.20644333958625793,-0.01923401653766632,0.004689013585448265,0.0,0.001036828150972724,0.20760190638248832,unchanged,0
0,-64.35081537790192,-14.997373668375412,2017-01-07,0.0,0.0005690249381586909,-0.007012894377112389,0.0,0.20644333958625793,-0.01923401653766632,0.004689013585448265,0.0,0.001036828150972724,0.2067437317753607,unchanged,0
0,-64.35081537790192,-14.997373668375412,2017-01-13,0.0,0.0005690249381586909,-0.007012894377112389,0.0,0.20644333958625793,-0.01923401653766632,0.004689013585448265,0.0,0.001036828150972724,0.2061514892891142,unchanged,0
0,-64.35081537790192,-14.997373668375412,2017-01-19,0.0,0.0005690249381586909,-0.007012894377112389,0.0,0.20644333958625793,-0.01923401653766632,0.004689013585448265,0.0,0.001036828150972724,0.20578853671016514,unchanged,0
0,-64.35081537790192,-14.997373668375412,2017-01-25,0.0,0.0005690249381586909,-0.007012894377112389,0.0,0.20644333958625793,-0.01923401653766632,0.004689013585448265,0.0,0.001036828150972724,0.2056092573712864,unchanged,0
0,-64.35081537790192,-14.997373668375412,2017-01-31,0.0,0.0005690249381586909,-0.007012894377112389,0.0,0.20644333958625793,-0.01923401653766632,0.004689013585448265,0.0,0.001036828150972724,0.20556203480935503,unchanged,0
0,-64.35081537790192,-14.997373668375412,2017-02-06,0.0,0.0005690249381586909,-0.007012894377112389,0.0,0.20644333958625793,-0.01923401653766632,0.004689013585448265,0.0,0.001036828150972724,0.20559245578979493,unchanged,0
0,-64.35081537790192,-14.997373668375412,2017-02-12,0.0,0.0005690249381586909,-0.007012894377112389,0.0,0.20644333958625793,-0.01923401653766632,0.004689013585448265,0.0,0.001036828150972724,0.2056454895017526,unchanged,0
0,-64.35081537790192,-14.997373668375412,2017-02-18,0.0,0.0005690249381586909,-0.007012894377112389,0.0,0.20644333958625793,-0.01923401653766632,0.004689013585448265,0.0,0.001036828150972724,0.20566877930176608,unchanged,0
0,-64.35081537790192,-14.997373668375412,2017-02-24,0.0,0.0005690249381586909,-0.007012894377112389,0.0,0.20644333958625793,-0.01923401653766632,0.004689013585448265,0.0,0.001036828150972724,0.2056157830779342,unchanged,0
0,-64.35081537790192,-14.997373668375412,2017-03-02,0.0,0.0005690249381586909,-0.007012894377112389,0.0,0.20644333958625793,-0.01923401653766632,0.004689013585448265,0.0,0.001036828150972724,0.20544750339717188,unchanged,0
0,-64.35081537790192,-14.997373668375412,2017-03-08,0.0,0.0005690249381586909,-0.007012894377112389,0.0,0.20644333958625793,-0.01923401653766632,0.004689013585448265,0.0,0.001036828150972724,0.20513496009939672,unchanged,0
0,-64.35081537790192,-14.997373668375412,2017-03-14,0.0,0.0005690249381586909,-0.007012894377112389,0.0,0.20644333958625793,-0.01923401653766632,0.004689013585448265,0.0,0.001036828150972724,0.20466119536219413,unchanged,0
0,-64.35081537790192,-14.997373668375412,2017-03-20,0.0,0.0005690249381586909,-0.007012894377112389,0.0,0.20644333958625793,-0.01923401653766632,0.004689013585448265,0.0,0.001036828150972724,0.20402157197261564,unchanged,0
0,-64.35081537790192,-14.997373668375412,2017-03-26,0.0,0.0005690249381586909,-0.007012894377112389,0.0,0.20644333958625793,-0.01923401653766632,0.004689013585448265,0.0,0.001036828150972724,0.20322462026807275,unchanged,0
0,-64.35081537790192,-14.997373668375412,2017-04-01,0.0,0.0005690249381586909,-0.007012894377112389,0.0,0.20644333958625793,-0.01923401653766632,0.004689013585448265,0.0,0.001036828150972724,0.20229225141972454,unchanged,0
0,-64.35081537790192,-14.997373668375412,2017-04-07,0.0,0.0005690249381586909,-0.007012894377112389,0.0,0.20644333958625793,-0.01923401653766632,0.004689013585448265,0.0,0.001036828150972724,0.20125821878049088,unchanged,0
0,-64.35081537790192,-14.997373668375412,2017-04-13,0.0,0.0005690249381586909,-0.007012894377112389,0.0,0.20644333958625793,-0.01923401653766632,0.004689013585448265,0.0,0.001036828150972724,0.20016712549203428,unchanged,0
0,-64.35081537790192,-14.997373668375412,2017-04-19,0.0,0.0005690249381586909,-0.007012894377112389,0.0,0.20644333958625793,-0.01923401653766632,0.004689013585448265,0.0,0.001036828150972724,0.19907289695033722,unchanged,0
0,-64.35081537790192,-14.997373668375412,2017-04-25,0.0,0.0005690249381586909,-0.007012894377112389,0.0,0.20644333958625793,-0.01923401653766632,0.004689013585448265,0.0,0.001036828150972724,0.19803567731421398,unchanged,0
0,-64.35081537790192,-14.997373668375412,2017-05-01,0.0,0.0005690249381586909,-0.007012894377112389,0.0,0.20644333958625793,-0.01923401653766632,0.004689013585448265,0.0,0.001036828150972724,0.19711950132679776,unchanged,0
0,-64.35081537790192,-14.997373668375412,2017-05-07,0.1839275062084198,0.0005690249381586909,-0.007012894377112389,0.0,0.20644333958625793,-0.01923401653766632,0.004689013585448265,0.0,0.001036828150972724,0.19638974352456798,unchanged,0
0,-64.35081537790192,-14.997373668375412,2017-05-13,0.0,0.0005690249381586909,-0.007012894377112389,0.0,0.20644333958625793,-0.01923401653766632,0.004689013585448265,0.0,0.001036828150972724,0.19590931676928294,unchanged,0
0,-64.35081537790192,-14.997373668375412,2017-05-19,0.0,0.0005690249381586909,-0.007012894377112389,0.0,0.20644333958625793,-0.01923401653766632,0.004689013585448265,0.0,0.001036828150972724,0.19573603819091429,unchanged,0
0,-64.35081537790192,-14.997373668375412,2017-05-25,0.0,0.0005690249381586909,-0.007012894377112389,0.0,0.20644333958625793,-0.01923401653766632,0.004689013585448265,0.0,0.001036828150972724,0.19592015473388413,unchanged,0
0,-64.35081537790192,-14.997373668375412,2017-05-31,0.18120500445365906,0.0005690249381586909,-0.007012894377112389,0.0,0.20644333958625793,-0.01923401653766632,0.004689013585448265,0.0,0.001036828150972724,0.1965010102876169,unchanged,0
0,-64.35081537790192,-14.997373668375412,2017-06-06,0.18846499919891357,0.0005690249381586909,-0.007012894377112389,0.0,0.20644333958625793,-0.01923401653766632,0.004689013585448265,0.0,0.001036828150972724,0.19750524950123008,unchanged,0
0,-64.35081537790192,-14.997373668375412,2017-06-12,0.0,0.0005690249381586909,-0.007012894377112389,0.0,0.20644333958625793,-0.01923401653766632,0.004689013585448265,0.0,0.001036828150972724,0.19894551968872165,unchanged,0
0,-64.35081537790192,-14.997373668375412,2017-06-18,0.0,0.0005690249381586909,-0.007012894377112389,0.0,0.20644333958625793,-0.01923401653766632,0.004689013585448265,0.0,0.001036828150972724,0.20081860566979964,unchanged,0
0,-64.35081537790192,-14.997373668375412,2017-06-24,0.0,0.0005690249381586909,-0.007012894377112389,0.0,0.20644333958625793,-0.01923401653766632,0.004689013585448265,0.0,0.001036828150972724,0.20310532673431958,unchanged,0
0,-64.35081537790192,-14.997373668375412,2017-06-30,0.0,0.0005690249381586909,-0.007012894377112389,0.0,0.20644333958625793,-0.01923401653766632,0.004689013585448265,0.0,0.001036828150972724,0.20577108965339247,unchanged,0
0,-64.35081537790192,-14.997373668375412,2017-07-06,0.1972925066947937,0.0005690249381586909,-0.007012894377112389,0.0,0.20644333958625793,-0.01923401653766632,0.004689013585448265,0.0,0.001036828150972724,0.20876595448746005,unchanged,0
0,-64.35081537790192,-14.997373668375412,2017-07-12,0.0,0.0005690249381586909,-0.007012894377112389,0.0,0.20644333958625793,-0.01923401653766632,0.004689013585448265,0.0,0.001036828150972724,0.2120264611009073,unchanged,0
0,-64.35081537790192,-14.997373668375412,2017-07-18,0.20733000338077545,0.0005690249381586909,-0.007012894377112389,0.0,0.20644333958625793,-0.01923401653766632,0.004689013585448265,0.0,0.001036828150972724,0.2154780280565747,unchanged,0
0,-64.35081537790192,-14.997373668375412,2017-07-24,0.2273775041103363,0.0005690249381586909,-0.007012894377112389,0.0,0.20644333958625793,-0.01923401653766632,0.004689013585448265,0.0,0.001036828150972724,0.21903670378101892,unchanged,0
0,-64.35081537790192,-14.997373668375412,2017-07-30,0.2528975009918213,0.0005690249381586909,-0.007012894377112389,0.0,0.20644333958625793,-0.01923401653766632,0.004689013585448265,0.0,0.001036828150972724,0.22261244612207592,unchanged,0
0,-64.35081537790192,-14.997373668375412,2017-08-05,0.0,0.0005690249381586909,-0.007012894377112389,0.0,0.20644333958625793,-0.01923401653766632,0.004689013585448265,0.0,0.001036828150972724,0.2261126803055431,unchanged,0
0,-64.35081537790192,-14.997373668375412,2017-08-11,0.2536124885082245,0.0005690249381586909,-0.007012894377112389,0.0,0.20644333958625793,-0.01923401653766632,0.004689013585448265,0.0,0.001036828150972724,0.2294448593204906,unchanged,0
0,-64.35081537790192,-14.997373668375412,2017-08-17,0.0,0.0005690249381586909,-0.007012894377112389,0.0,0.20644333958625793,-0.01923401653766632,0.004689013585448265,0.0,0.001036828150972724,0.23252018471321761,unchanged,0
0,-64.35081537790192,-14.997373668375412,2017-08-23,0.2506425082683563,0.0005690249381586909,-0.007012894377112389,0.0,0.20644333958625793,-0.01923401653766632,0.004689013585448265,0.0,0.001036828150972724,0.235257196367786,unchanged,0
0,-64.35081537790192,-14.997373668375412,2017-08-29,0.0,0.0005690249381586909,-0.007012894377112389,0.0,0.20644333958625793,-0.01923401653766632,0.004689013585448265,0.0,0.001036828150972724,0.23758397317746915,unchanged,0
0,-64.35081537790192,-14.997373668375412,2017-09-04,0.2730824947357178,0.0005690249381586909,-0.007012894377112389,0.0,0.20644333958625793,-0.01923401653766632,0.004689013585448265,0.0,0.001036828150972724,0.2394410997533141,unchanged,0
0,-64.35081537790192,-14.997373668375412,2017-09-10,0.24118250608444214,0.0005690249381586909,-0.007012894377112389,0.0,0.20644333958625793,-0.01923401653766632,0.004689013585448265,0.0,0.001036828150972724,0.24078414584826513,unchanged,0
0,-64.35081537790192,-14.997373668375412,2017-09-16,0.0,0.0005690249381586909,-0.007012894377112389,0.0,0.20644333958625793,-0.01923401653766632,0.004689013585448265,0.0,0.001036828150972724,0.24158446031113726,unchanged,0
0,-64.35081537790192,-14.997373668375412,2017-09-22,0.0,0.0005690249381586909,-0.007012894377112389,0.0,0.20644333958625793,-0.01923401653766632,0.004689013585448265,0.0,0.001036828150972724,0.24183045366519035,unchanged,0
0,-64.35081537790192,-14.997373668375412,2017-09-28,0.0,0.0005690249381586909,-0.007012894377112389,0.0,0.20644333958625793,-0.01923401653766632,0.004689013585448265,0.0,0.001036828150972724,0.2415282443568922,unchanged,0
0,-64.35081537790192,-14.997373668375412,2017-10-04,0.2627424895763397,0.0005690249381586909,-0.007012894377112389,0.0,0.20644333958625793,-0.01923401653766632,0.004689013585448265,0.0,0.001036828150972724,0.2407003477681816,unchanged,0
0,-64.35081537790192,-14.997373668375412,2017-10-10,0.23716750741004944,0.0005690249381586909,-0.007012894377112389,0.0,0.20644333958625793,-0.01923401653766632,0.004689013585448265,0.0,0.001036828150972724,0.23938563033412738,unchanged,0
0,-64.35081537790192,-14.997373668375412,2017-10-16,0.0,0.0005690249381586909,-0.007012894377112389,0.0,0.20644333958625793,-0.01923401653766632,0.004689013585448265,0.0,0.001036828150972724,0.23763674731038484,unchanged,0
0,-64.35081537790192,-14.997373668375412,2017-10-22,0.2687374949455261,0.0005690249381586909,-0.007012894377112389,0.0,0.20644333958625793,-0.01923401653766632,0.004689013585448265,0.0,0.001036828150972724,0.23551832111154697,unchanged,0
0,-64.35081537790192,-14.997373668375412,2017-10-28,0.0,0.0005690249381586909,-0.007012894377112389,0.0,0.20644333958625793,-0.01923401653766632,0.004689013585448265,0.0,0.001036828150972724,0.23310467880147534,unchanged,0
0,-64.35081537790192,-14.997373668375412,2017-11-03,0.0,0.0005690249381586909,-0.007012894377112389,0.0,0.20644333958625793,-0.01923401653766632,0.004689013585448265,0.0,0.001036828150972724,0.2304761217747358,unchanged,0
0,-64.35081537790192,-14.997373668375412,2017-11-09,0.0,0.0005690249381586909,-0.007012894377112389,0.0,0.20644333958625793,-0.01923401653766632,0.004689013585448265,0.0,0.001036828150972724,0.22771612687701998,unchanged,0
0,-64.35081537790192,-14.997373668375412,2017-11-15,0.0,0.0005690249381586909,-0.007012894377112389,0.0,0.20644333958625793,-0.01923401653766632,0.004689013585448265,0.0,0.001036828150972724,0.22490848305035271,unchanged,0
0,-64.35081537790192,-14.997373668375412,2017-11-21,0.0,0.0005690249381586909,-0.007012894377112389,0.0,0.20644333958625793,-0.01923401653766632,0.004689013585448265,0.0,0.001036828150972724,0.22213334686220546,unchanged,0
0,-64.35081537790192,-14.997373668375412,2017-11-27,0.0,0.0005690249381586909,-0.007012894377112389,0.0,0.20644333958625793,-0.01923401653766632,0.004689013585448265,0.0,0.001036828150972724,0.2194646316878041,unchanged,0
0,-64.35081537790192,-14.997373668375412,2017-12-03,0.0,0.0005690249381586909,-0.007012894377112389,0.0,0.20644333958625793,-0.01923401653766632,0.004689013585448265,0.0,0.001036828150972724,0.2169677153116354,unchanged,0
0,-64.35081537790192,-14.997373668375412,2017-12-09,0.0,0.0005690249381586909,-0.007012894377112389,0.0,0.20644333958625793,-0.01923401653766632,0.004689013585448265,0.0,0.001036828150972724,0.21469643895440452,unchanged,0
0,-64.35081537790192,-14.997373668375412,2017-12-15,0.23021000623703003,0.0005690249381586909,-0.007012894377112389,0.0,0.20644333958625793,-0.01923401653766632,0.004689013585448265,0.0,0.001036828150972724,0.21269174922848455,unchanged,0
0,-64.35081537790192,-14.997373668375412,2017-12-21,0.0,0.0005690249381586909,-0.007012894377112389,0.0,0.20644333958625793,-0.01923401653766632,0.004689013585448265,0.0,0.001036828150972724,0.2109809379624699,unchanged,0
0,-64.35081537790192,-14.997373668375412,2017-12-27,0.0,0.0005690249381586909,-0.007012894377112389,0.0,0.20644333958625793,-0.01923401653766632,0.004689013585448265,0.0,0.001036828150972724,0.20957635487217413,unchanged,0
0,-64.35081537790192,-14.997373668375412,2018-01-02,0.0,0.0005690249381586909,-0.007012894377112389,0.0,0.20644333958625793,-0.01923401653766632,0.004689013585448265,0.0,0.001036828150972724,0.20847591186943742,unchanged,0
0,-64.35081537790192,-14.997373668375412,2018-01-07,0.0,0.0005690249381586909,-0.007012894377112389,0.0,0.20644333958625793,-0.01923401653766632,0.004689013585448265,0.0,0.001036828150972724,0.20778055992633343,unchanged,0
0,-64.35081537790192,-14.997373668375412,2018-01-13,0.0,0.0005690249381586909,-0.007012894377112389,0.0,0.20644333958625793,-0.01923401653766632,0.004689013585448265,0.0,0.001036828150972724,0.20718831744008692,unchanged,0
0,-64.35081537790192,-14.997373668375412,2018-01-19,0.0,0.0005690249381586909,-0.007012894377112389,0.0,0.20644333958625793,-0.01923401653766632,0.004689013585448265,0.0,0.001036828150972724,0.20682536486113787,unchanged,0
0,-64.35081537790192,-14.997373668375412,2018-01-25,0.0,0.0005690249381586909,-0.007012894377112389,0.0,0.20644333958625793,-0.01923401653766632,0.004689013585448265,0.0,0.001036828150972724,0.20664608552225913,unchanged,0
0,-64.35081537790192,-14.997373668375412,2018-01-31,0.0,0.0005690249381586909,-0.007012894377112389,0.0,0.20644333958625793,-0.01923401653766632,0.004689013585448265,0.0,0.001036828150972724,0.20659886296032776,unchanged,0
0,-64.35081537790192,-14.997373668375412,2018-02-06,0.0,0.0005690249381586909,-0.007012894377112389,0.0,0.20644333958625793,-0.01923401653766632,0.004689013585448265,0.0,0.001036828150972724,0.20662928394076766,unchanged,0
0,-64.35081537790192,-14.997373668375412,2018-02-12,0.18774999678134918,0.0005690249381586909,-0.007012894377112389,0.0,0.20644333958625793,-0.01923401653766632,0.004689013585448265,0.0,0.001036828150972724,0.20668231765272532,unchanged,0
0,-64.35081537790192,-14.997373668375412,2018-02-18,0.0,0.0005690249381586909,-0.007012894377112389,0.0,0.20644333958625793,-0.01923401653766632,0.004689013585448265,0.0,0.001036828150972724,0.2067056074527388,unchanged,0
0,-64.35081537790192,-14.997373668375412,2018-02-24,0.0,0.0005690249381586909,-0.007012894377112389,0.0,0.20644333958625793,-0.01923401653766632,0.004689013585448265,0.0,0.001036828150972724,0.20665261122890694,unchanged,0
0,-64.35081537790192,-14.997373668375412,2018-03-02,0.0,0.0005690249381586909,-0.007012894377112389,0.0,0.20644333958625793,-0.01923401653766632,0.004689013585448265,0.0,0.001036828150972724,0.2064843315481446,unchanged,0
0,-64.35081537790192,-14.997373668375412,2018-03-08,0.0,0.0005690249381586909,-0.007012894377112389,0.0,0.20644333958625793,-0.01923401653766632,0.004689013585448265,0.0,0.001036828150972724,0.20617178825036944,unchanged,0
0,-64.35081537790192,-14.997373668375412,2018-03-14,0.0,0.0005690249381586909,-0.007012894377112389,0.0,0.20644333958625793,-0.01923401653766632,0.004689013585448265,0.0,0.001036828150972724,0.20569802351316685,unchanged,0
0,-64.35081537790192,-14.997373668375412,2018-03-20,0.0,0.0005690249381586909,-0.007012894377112389,0.0,0.20644333958625793,-0.01923401653766632,0.004689013585448265,0.0,0.001036828150972724,0.20505840012358836,unchanged,0
0,-64.35081537790192,-14.997373668375412,2018-03-26,0.0,0.0005690249381586909,-0.007012894377112389,0.0,0.20644333958625793,-0.01923401653766632,0.004689013585448265,0.0,0.001036828150972724,0.20426144841904548,unchanged,0
0,-64.35081537790192,-14.997373668375412,2018-04-01,0.0,0.0005690249381586909,-0.007012894377112389,0.0,0.20644333958625793,-0.01923401653766632,0.004689013585448265,0.0,0.001036828150972724,0.20332907957069726,unchanged,0
0,-64.35081537790192,-14.997373668375412,2018-04-07,0.0,0.0005690249381586909,-0.007012894377112389,0.0,0.20644333958625793,-0.01923401653766632,0.004689013585448265,0.0,0.001036828150972724,0.2022950469314636,unchanged,0
0,-64.35081537790192,-14.997373668375412,2018-04-13,0.0,0.0005690249381586909,-0.007012894377112389,0.0,0.20644333958625793,-0.01923401653766632,0.004689013585448265,0.0,0.001036828150972724,0.201203953643007,unchanged,0
0,-64.35081537790192,-14.997373668375412,2018-04-19,0.0,0.0005690249381586909,-0.007012894377112389,0.0,0.20644333958625793,-0.01923401653766632,0.004689013585448265,0.0,0.001036828150972724,0.20010972510130995,unchanged,0
0,-64.35081537790192,-14.997373668375412,2018-04-25,0.18714499473571777,0.0005690249381586909,-0.007012894377112389,0.0,0.20644333958625793,-0.01923401653766632,0.004689013585448265,0.0,0.001036828150972724,0.1990725054651867,unchanged,0
0,-64.35081537790192,-14.997373668375412,2018-05-01,0.0,0.0005690249381586909,-0.007012894377112389,0.0,0.20644333958625793,-0.01923401653766632,0.004689013585448265,0.0,0.001036828150972724,0.19815632947777048,unchanged,0
0,-64.35081537790192,-14.997373668375412,2018-05-07,0.0,0.0005690249381586909,-0.007012894377112389,0.0,0.20644333958625793,-0.01923401653766632,0.004689013585448265,0.0,0.001036828150972724,0.1974265716755407,unchanged,0
0,-64.35081537790192,-14.997373668375412,2018-05-13,0.0,0.0005690249381586909,-0.007012894377112389,0.0,0.20644333958625793,-0.01923401653766632,0.004689013585448265,0.0,0.001036828150972724,0.19694614492025567,unchanged,0
0,-64.35081537790192,-14.997373668375412,2018-05-19,0.1768600046634674,0.0005690249381586909,-0.007012894377112389,0.0,0.20644333958625793,-0.01923401653766632,0.004689013585448265,0.0,0.001036828150972724,0.196772866341887,unchanged,0
0,-64.35081537790192,-14.997373668375412,2018-05-25,0.17047999799251556,0.0005690249381586909,-0.007012894377112389,0.0,0.20644333958625793,-0.01923401653766632,0.004689013585448265,0.0,0.001036828150972724,0.19695698288485686,unchanged,0
0,-64.35081537790192,-14.997373668375412,2018-05-31,0.18522000312805176,0.0005690249381586909,-0.007012894377112389,0.0,0.20644333958625793,-0.01923401653766632,0.004689013585448265,0.0,0.001036828150972724,0.19753783843858963,unchanged,0
0,-64.35081537790192,-14.997373668375412,2018-06-06,0.0,0.0005690249381586909,-0.007012894377112389,0.0,0.20644333958625793,-0.01923401653766632,0.004689013585448265,0.0,0.001036828150972724,0.1985420776522028,unchanged,0
0,-64.35081537790192,-14.997373668375412,2018-06-12,0.0,0.0005690249381586909,-0.007012894377112389,0.0,0.20644333958625793,-0.01923401653766632,0.004689013585448265,0.0,0.001036828150972724,0.19998234783969437,unchanged,0
0,-64.35081537790192,-14.997373668375412,2018-06-18,0.0,0.0005690249381586909,-0.007012894377112389,0.0,0.20644333958625793,-0.01923401653766632,0.004689013585448265,0.0,0.001036828150972724,0.20185543382077237,unchanged,0
0,-64.35081537790192,-14.997373668375412,2018-06-24,0.1965775042772293,0.0005690249381586909,-0.007012894377112389,0.0,0.20644333958625793,-0.01923401653766632,0.004689013585448265,0.0,0.001036828150972724,0.2041421548852923,unchanged,0
0,-64.35081537790192,-14.997373668375412,2018-06-30,0.0,0.0005690249381586909,-0.007012894377112389,0.0,0.20644333958625793,-0.01923401653766632,0.004689013585448265,0.0,0.001036828150972724,0.2068079178043652,unchanged,0
0,-64.35081537790192,-14.997373668375412,2018-07-06,0.0,0.0005690249381586909,-0.007012894377112389,0.0,0.20644333958625793,-0.01923401653766632,0.004689013585448265,0.0,0.001036828150972724,0.20980278263843277,unchanged,0
0,-64.35081537790192,-14.997373668375412,2018-07-12,0.0,0.0005690249381586909,-0.007012894377112389,0.0,0.20644333958625793,-0.01923401653766632,0.004689013585448265,0.0,0.001036828150972724,0.21306328925188003,unchanged,0
0,-64.35081537790192,-14.997373668375412,2018-07-18,0.0,0.0005690249381586909,-0.007012894377112389,0.0,0.20644333958625793,-0.01923401653766632,0.004689013585448265,0.0,0.001036828150972724,0.21651485620754743,unchanged,0
0,-64.35081537790192,-14.997373668375412,2018-07-24,0.0,0.0005690249381586909,-0.007012894377112389,0.0,0.20644333958625793,-0.01923401653766632,0.004689013585448265,0.0,0.001036828150972724,0.22007353193199164,unchanged,0
0,-64.35081537790192,-14.997373668375412,2018-07-30,0.2029850035905838,0.0005690249381586909,-0.007012894377112389,0.0,0.20644333958625793,-0.01923401653766632,0.004689013585448265,0.0,0.001036828150972724,0.22364927427304865,unchanged,0
0,-64.35081537790192,-14.997373668375412,2018-08-05,0.0,0.0005690249381586909,-0.007012894377112389,0.0,0.20644333958625793,-0.01923401653766632,0.004689013585448265,0.0,0.001036828150972724,0.22714950845651583,unchanged,0
0,-64.35081537790192,-14.997373668375412,2018-08-11,0.0,0.0005690249381586909,-0.007012894377112389,0.0,0.20644333958625793,-0.01923401653766632,0.004689013585448265,0.0,0.001036828150972724,0.23048168747146333,unchanged,0
0,-64.35081537790192,-14.997373668375412,2018-08-17,0.0,0.0005690249381586909,-0.007012894377112389,0.0,0.20644333958625793,-0.01923401653766632,0.004689013585448265,0.0,0.001036828150972724,0.23355701286419034,unchanged,0
0,-64.35081537790192,-14.997373668375412,2018-08-23,0.23034749925136566,0.0005690249381586909,-0.007012894377112389,0.0,0.20644333958625793,-0.01923401653766632,0.004689013585448265,0.0,0.001036828150972724,0.23629402451875872,unchanged,0
0,-64.35081537790192,-14.997373668375412,2018-08-29,0.22740499675273895,0.0005690249381586909,-0.007012894377112389,0.0,0.20644333958625793,-0.01923401653766632,0.004689013585448265,0.0,0.001036828150972724,0.23862080132844188,unchanged,0
0,-64.35081537790192,-14.997373668375412,2018-09-04,0.0,0.0005690249381586909,-0.007012894377112389,0.0,0.20644333958625793,-0.01923401653766632,0.004689013585448265,0.0,0.001036828150972724,0.24047792790428682,unchanged,0
0,-64.35081537790192,-14.997373668375412,2018-09-10,0.0,0.0005690249381586909,-0.007012894377112389,0.0,0.20644333958625793,-0.01923401653766632,0.004689013585448265,0.0,0.001036828150972724,0.24182097399923785,unchanged,0
0,-64.35081537790192,-14.997373668375412,2018-09-16,0.0,0.0005690249381586909,-0.007012894377112389,0.0,0.20644333958625793,-0.01923401653766632,0.004689013585448265,0.0,0.001036828150972724,0.24262128846210998,unchanged,0
0,-64.35081537790192,-14.997373668375412,2018-09-22,0.0,0.0005690249381586909,-0.007012894377112389,0.0,0.20644333958625793,-0.01923401653766632,0.004689013585448265,0.0,0.001036828150972724,0.24286728181616307,unchanged,0
0,-64.35081537790192,-14.997373668375412,2018-09-28,0.2551800012588501,0.0005690249381586909,-0.007012894377112389,0.0,0.20644333958625793,-0.01923401653766632,0.004689013585448265,0.0,0.001036828150972724,0.24256507250786494,unchanged,0
0,-64.35081537790192,-14.997373668375412,2018-10-04,0.0,0.0005690249381586909,-0.007012894377112389,0.0,0.20644333958625793,-0.01923401653766632,0.004689013585448265,0.0,0.001036828150972724,0.24173717591915433,unchanged,0
0,-64.35081537790192,-14.997373668375412,2018-10-10,0.0,0.0005690249381586909,-0.007012894377112389,0.0,0.20644333958625793,-0.01923401653766632,0.004689013585448265,0.0,0.001036828150972724,0.2404224584851001,unchanged,0
0,-64.35081537790192,-14.997373668375412,2018-10-16,0.0,0.0005690249381586909,-0.007012894377112389,0.0,0.20644333958625793,-0.01923401653766632,0.004689013585448265,0.0,0.001036828150972724,0.23867357546135756,unchanged,0
0,-64.35081537790192,-14.997373668375412,2018-10-22,0.0,0.0005690249381586909,-0.007012894377112389,0.0,0.20644333958625793,-0.01923401653766632,0.004689013585448265,0.0,0.001036828150972724,0.2365551492625197,unchanged,0
0,-64.35081537790192,-14.997373668375412,2018-10-28,0.0,0.0005690249381586909,-0.007012894377112389,0.0,0.20644333958625793,-0.01923401653766632,0.004689013585448265,0.0,0.001036828150972724,0.23414150695244806,unchanged,0
0,-64.35081537790192,-14.997373668375412,2018-11-03,0.0,0.0005690249381586909,-0.007012894377112389,0.0,0.20644333958625793,-0.01923401653766632,0.004689013585448265,0.0,0.001036828150972724,0.23151294992570853,unchanged,0
0,-64.35081537790192,-14.997373668375412,2018-11-09,0.0,0.0005690249381586909,-0.007012894377112389,0.0,0.20644333958625793,-0.01923401653766632,0.004689013585448265,0.0,0.001036828150972724,0.2287529550279927,unchanged,0
0,-64.35081537790192,-14.997373668375412,2018-11-15,0.0,0.0005690249381586909,-0.007012894377112389,0.0,0.20644333958625793,-0.01923401653766632,0.004689013585448265,0.0,0.001036828150972724,0.22594531120132544,unchanged,0
0,-64.35081537790192,-14.997373668375412,2018-11-21,0.0,0.0005690249381586909,-0.007012894377112389,0.0,0.20644333958625793,-0.01923401653766632,0.004689013585448265,0.0,0.001036828150972724,0.22317017501317818,unchanged,0
0,-64.35081537790192,-14.997373668375412,2018-11-27,0.0,0.0005690249381586909,-0.007012894377112389,0.0,0.20644333958625793,-0.01923401653766632,0.004689013585448265,0.0,0.001036828150972724,0.22050145983877684,unchanged,0
0,-64.35081537790192,-14.997373668375412,2018-12-03,0.0,0.0005690249381586909,-0.007012894377112389,0.0,0.20644333958625793,-0.01923401653766632,0.004689013585448265,0.0,0.001036828150972724,0.2180045434626081,unchanged,0
0,-64.35081537790192,-14.997373668375412,2018-12-09,0.0,0.0005690249381586909,-0.007012894377112389,0.0,0.20644333958625793,-0.01923401653766632,0.004689013585448265,0.0,0.001036828150972724,0.21573326710537724,unchanged,0
0,-64.35081537790192,-14.997373668375412,2018-12-15,0.0,0.0005690249381586909,-0.007012894377112389,0.0,0.20644333958625793,-0.01923401653766632,0.004689013585448265,0.0,0.001036828150972724,0.21372857737945727,unchanged,0
0,-64.35081537790192,-14.997373668375412,2018-12-21,0.0,0.0005690249381586909,-0.007012894377112389,0.0,0.20644333958625793,-0.01923401653766632,0.004689013585448265,0.0,0.001036828150972724,0.2120177661134426,unchanged,0
0,-64.35081537790192,-14.997373668375412,2018-12-27,0.0,0.0005690249381586909,-0.007012894377112389,0.0,0.20644333958625793,-0.01923401653766632,0.004689013585448265,0.0,0.001036828150972724,0.21061318302314685,unchanged,0
0,-64.35081537790192,-14.997373668375412,2019-01-02,0.0,0.0005690249381586909,-0.007012894377112389,0.0,0.20644333958625793,-0.01923401653766632,0.004689013585448265,0.0,0.001036828150972724,0.20951274002041015,unchanged,0
1,-64.34183222506073,-14.997373668375412,2016-01-07,0.0,-0.02199135720729828,-0.0014787234831601381,0.0016119134379550815,0.23963305354118347,-0.04372898116707802,-0.001681206515058875,0.0,0.00011523429566295817,0.2132178713245177,unchanged,0
1,-64.34183222506073,-14.997373668375412,2016-01-13,0.0,-0.02199135720729828,-0.0014787234831601381,0.0016119134379550815,0.23963305354118347,-0.04372898116707802,-0.001681206515058875,0.0,0.00011523429566295817,0.20866092569284744,unchanged,0
1,-64.34183222506073,-14.997373668375412,2016-01-19,0.0,-0.02199135720729828,-0.0014787234831601381,0.0016119134379550815,0.23963305354118347,-0.04372898116707802,-0.001681206515058875,0.0,0.00011523429566295817,0.2043882876255493,unchanged,0
1,-64.34183222506073,-14.997373668375412,2016-01-25,0.21307750046253204,-0.02199135720729828,-0.0014787234831601381,0.0016119134379550815,0.23963305354118347,-0.04372898116707802,-0.001681206515058875,0.0,0.00011523429566295817,0.2004792016836034,unchanged,0
1,-64.34183222506073,-14.997373668375412,2016-01-31,0.0,-0.02199135720729828,-0.0014787234831601381,0.0016119134379550815,0.23963305354118347,-0.04372898116707802,-0.001681206515058875,0.0,0.00011523429566295817,0.19701383434604702,unchanged,0
1,-64.34183222506073,-14.997373668375412,2016-02-06,0.0,-0.02199135720729828,-0.0014787234831601381,0.0016119134379550815,0.23963305354118347,-0.04372898116707802,-0.001681206515058875,0.0,0.00011523429566295817,0.19406888308294457,unchanged,0
1,-64.34183222506073,-14.997373668375412,2016-02-12,0.0,-0.02199135720729828,-0.0014787234831601381,0.0016119134379550815,0.23963305354118347,-0.04372898116707802,-0.001681206515058875,0.0,0.00011523429566295817,0.19171286429523068,unchanged,0
1,-64.34183222506073,-14.997373668375412,2016-02-18,0.0,-0.02199135720729828,-0.0014787234831601381,0.0016119134379550815,0.23963305354118347,-0.04372898116707802,-0.001681206515058875,0.0,0.00011523429566295817,0.1900017314328249,unchanged,0
1,-64.34183222506073,-14.997373668375412,2016-02-24,0.0,-0.02199135720729828,-0.0014787234831601381,0.0016119134379550815,0.23963305354118347,-0.04372898116707802,-0.001681206515058875,0.0,0.00011523429566295817,0.18897493087652079,unchanged,0
1,-64.34183222506073,-14.997373668375412,2016-03-01,0.0,-0.02199135720729828,-0.0014787234831601381,0.0016119134379550815,0.23963305354118347,-0.04372898116707802,-0.001681206515058875,0.0,0.00011523429566295817,0.18865245728881816,unchanged,0
1,-64.34183222506073,-14.997373668375412,2016-03-07,0.0,-0.02199135720729828,-0.0014787234831601381,0.0016119134379550815,0.23963305354118347,-0.04372898116707802,-0.001681206515058875,0.0,0.00011523429566295817,0.18903324711405908,unchanged,0
1,-64.34183222506073,-14.997373668375412,2016-03-13,0.1440799981355667,-0.02199135720729828,-0.0014787234831601381,0.0016119134379550815,0.23963305354118347,-0.04372898116707802,-0.001681206515058875,0.0,0.00011523429566295817,0.1900948908926647,unchanged,0
1,-64.34183222506073,-14.997373668375412,2016-03-19,0.0,-0.02199135720729828,-0.0014787234831601381,0.0016119134379550815,0.23963305354118347,-0.04372898116707802,-0.001681206515058875,0.0,0.00011523429566295817,0.19179484627012466,unchanged,0
1,-64.34183222506073,-14.997373668375412,2016-03-25,0.20290249586105347,-0.02199135720729828,-0.0014787234831601381,0.0016119134379550815,0.23963305354118347,-0.04372898116707802,-0.001681206515058875,0.0,0.00011523429566295817,0.19407315690442187,unchanged,0
1,-64.34183222506073,-14.997373668375412,2016-03-31,0.0,-0.02199135720729828,-0.0014787234831601381,0.0016119134379550815,0.23963305354118347,-0.04372898116707802,-0.001681206515058875,0.0,0.00011523429566295817,0.19685626089406996,unchanged,0
1,-64.34183222506073,-14.997373668375412,2016-04-06,0.0,-0.02199135720729828,-0.0014787234831601381,0.0016119134379550815,0.23963305354118347,-0.04372898116707802,-0.001681206515058875,0.0,0.00011523429566295817,0.2000617601878435,unchanged,0
1,-64.34183222506073,-14.997373668375412,2016-04-12,0.0,-0.02199135720729828,-0.0014787234831601381,0.0016119134379550815,0.23963305354118347,-0.04372898116707802,-0.001681206515058875,0.0,0.00011523429566295817,0.20360360559598312,unchanged,0
1,-64.34183222506073,-14.997373668375412,2016-04-18,0.0,-0.02199135720729828,-0.0014787234831601381,0.0016119134379550815,0.23963305354118347,-0.04372898116707802,-0.001681206515058875,0.0,0.00011523429566295817,0.20739748915487566,unchanged,0
1,-64.34183222506073,-14.997373668375412,2016-04-24,0.0,-0.02199135720729828,-0.0014787234831601381,0.0016119134379550815,0.23963305354118347,-0.04372898116707802,-0.001681206515058875,0.0,0.00011523429566295817,0.2113656858640362,unchanged,0
1,-64.34183222506073,-14.997373668375412,2016-04-30,0.0,-0.02199135720729828,-0.0014787234831601381,0.0016119134379550815,0.23963305354118347,-0.04372898116707802,-0.001681206515058875,0.0,0.00011523429566295817,0.21544111147544723,unchanged,0
1,-64.34183222506073,-14.997373668375412,2016-05-06,0.0,-0.02199135720729828,-0.0014787234831601381,0.0016119134379550815,0.23963305354118347,-0.04372898116707802,-0.001681206515058875,0.0,0.00011523429566295817,0.21957035534248648,unchanged,0
1,-64.34183222506073,-14.997373668375412,2016-05-12,0.0,-0.02199135720729828,-0.0014787234831601381,0.0016119134379550815,0.23963305354118347,-0.04372898116707802,-0.001681206515058875,0.0,0.00011523429566295817,0.22371516559557517,unchanged,0
1,-64.34183222506073,-14.997373668375412,2016-05-18,0.0,-0.02199135720729828,-0.0014787234831601381,0.0016119134379550815,0.23963305354118347,-0.04372898116707802,-0.001681206515058875,0.0,0.00011523429566295817,0.22785255840592594,unchanged,0
1,-64.34183222506073,-14.997373668375412,2016-05-24,0.0,-0.02199135720729828,-0.0014787234831601381,0.0016119134379550815,0.23963305354118347,-0.04372898116707802,-0.001681206515058875,0.0,0.00011523429566295817,0.23197333283560348,unchanged,0
1,-64.34183222506073,-14.997373668375412,2016-05-30,0.0,-0.02199135720729828,-0.0014787234831601381,0.0016119134379550815,0.23963305354118347,-0.04372898116707802,-0.001681206515058875,0.0,0.00011523429566295817,0.23607943135406223,unchanged,0
1,-64.34183222506073,-14.997373668375412,2016-06-05,0.0,-0.02199135720729828,-0.0014787234831601381,0.0016119134379550815,0.23963305354118347,-0.04372898116707802,-0.001681206515058875,0.0,0.00011523429566295817,0.24018013904995306,unchanged,0
1,-64.34183222506073,-14.997373668375412,2016-06-11,0.0,-0.02199135720729828,-0.0014787234831601381,0.0016119134379550815,0.23963305354118347,-0.04372898116707802,-0.001681206515058875,0.0,0.00011523429566295817,0.24428760266025085,unchanged,0
1,-64.34183222506073,-14.997373668375412,2016-06-17,0.2701674997806549,-0.02199135720729828,-0.0014787234831601381,0.0016119134379550815,0.23963305354118347,-0.04372898116707802,-0.001681206515058875,0.0,0.00011523429566295817,0.24841225245446832,unchanged,0
1,-64.34183222506073,-14.997373668375412,2016-06-23,0.0,-0.02199135720729828,-0.0014787234831601381,0.0016119134379550815,0.23963305354118347,-0.04372898116707802,-0.001681206515058875,0.0,0.00011523429566295817,0.25255829497912063,unchanged,0
1,-64.34183222506073,-14.997373668375412,2016-06-29,0.2756674885749817,-0.02199135720729828,-0.0014787234831601381,0.0016119134379550815,0.23963305354118347,-0.04372898116707802,-0.001681206515058875,0.0,0.00011523429566295817,0.256719855015597,unchanged,0
1,-64.34183222506073,-14.997373668375412,2016-07-05,0.2742924988269806,-0.02199135720729828,-0.0014787234831601381,0.0016119134379550815,0.23963305354118347,-0.04372898116707802,-0.001681206515058875,0.0,0.00011523429566295817,0.2608782402737847,unchanged,0
1,-64.34183222506073,-14.997373668375412,2016-07-11,0.2841925024986267,-0.02199135720729828,-0.0014787234831601381,0.0016119134379550815,0.23963305354118347,-0.04372898116707802,-0.001681206515058875,0.0,0.00011523429566295817,0.2650003467023415,unchanged,0
1,-64.34183222506073,-14.997373668375412,2016-07-17,0.0,-0.02199135720729828,-0.0014787234831601381,0.0016119134379550815,0.23963305354118347,-0.04372898116707802,-0.001681206515058875,0.0,0.00011523429566295817,0.2690385729894906,unchanged,0
1,-64.34183222506073,-14.997373668375412,2016-07-23,0.29357001185417175,-0.02199135720729828,-0.0014787234831601381,0.0016119134379550815,0.23963305354118347,-0.04372898116707802,-0.001681206515058875,0.0,0.00011523429566295817,0.27293210015411873,unchanged,0
1,-64.34183222506073,-14.997373668375412,2016-07-29,0.0,-0.02199135720729828,-0.0014787234831601381,0.0016119134379550815,0.23963305354118347,-0.04372898116707802,-0.001681206515058875,0.0,0.00011523429566295817,0.2766096530551432,unchanged,0
1,-64.34183222506073,-14.997373668375412,2016-08-04,0.2992900013923645,-0.02199135720729828,-0.0014787234831601381,0.0016119134379550815,0.23963305354118347,-0.04372898116707802,-0.001681206515058875,0.0,0.00011523429566295817,0.2799932325858606,unchanged,0
1,-64.34183222506073,-14.997373668375412,2016-08-10,0.0,-0.02199135720729828,-0.0014787234831601381,0.0016119134379550815,0.23963305354118347,-0.04372898116707802,-0.001681206515058875,0.0,0.00011523429566295817,0.2830026153573614,unchanged,0
1,-64.34183222506073,-14.997373668375412,2016-08-16,0.0,-0.02199135720729828,-0.0014787234831601381,0.0016119134379550815,0.23963305354118347,-0.04372898116707802,-0.001681206515058875,0.0,0.00011523429566295817,0.285560364823634,unchanged,0
1,-64.34183222506073,-14.997373668375412,2016-08-22,0.3057524859905243,-0.02199135720729828,-0.0014787234831601381,0.0016119134379550815,0.23963305354118347,-0.04372898116707802,-0.001681206515058875,0.0,0.00011523429566295817,0.2875966173803142,unchanged,0
1,-64.34183222506073,-14.997373668375412,2016-08-28,0.34169501066207886,-0.02199135720729828,-0.0014787234831601381,0.0016119134379550815,0.23963305354118347,-0.04372898116707802,-0.001681206515058875,0.0,0.00011523429566295817,0.28905342837424464,unchanged,0
1,-64.34183222506073,-14.997373668375412,2016-09-03,0.0,-0.02199135720729828,-0.0014787234831601381,0.0016119134379550815,0.23963305354118347,-0.04372898116707802,-0.001681206515058875,0.0,0.00011523429566295817,0.28988835266036184,unchanged,0
1,-64.34183222506073,-14.997373668375412,2016-09-09,0.0,-0.02199135720729828,-0.0014787234831601381,0.0016119134379550815,0.23963305354118347,-0.04372898116707802,-0.001681206515058875,0.0,0.00011523429566295817,0.29007675239338576,unchanged,0
1,-64.34183222506073,-14.997373668375412,2016-09-15,0.0,-0.02199135720729828,-0.0014787234831601381,0.0016119134379550815,0.23963305354118347,-0.04372898116707802,-0.001681206515058875,0.0,0.00011523429566295817,0.28961288321637646,unchanged,0
1,-64.34183222506073,-14.997373668375412,2016-09-21,0.3038274943828583,-0.02199135720729828,-0.0014787234831601381,0.0016119134379550815,0.23963305354118347,-0.04372898116707802,-0.001681206515058875,0.0,0.00011523429566295817,0.2885094787592863,unchanged,0
1,-64.34183222506073,-14.997373668375412,2016-09-27,0.0,-0.02199135720729828,-0.0014787234831601381,0.0016119134379550815,0.23963305354118347,-0.04372898116707802,-0.001681206515058875,0.0,0.00011523429566295817,0.2867962113788478,unchanged,0
1,-64.34183222506073,-14.997373668375412,2016-10-03,0.0,-0.02199135720729828,-0.0014787234831601381,0.0016119134379550815,0.23963305354118347,-0.04372898116707802,-0.001681206515058875,0.0,0.00011523429566295817,0.2845168955922878,unchanged,0
1,-64.34183222506073,-14.997373668375412,2016-10-09,0.0,-0.02199135720729828,-0.0014787234831601381,0.0016119134379550815,0.23963305354118347,-0.04372898116707802,-0.001681206515058875,0.0,0.00011523429566295817,0.28172585677655565,unchanged,0
1,-64.34183222506073,-14.997373668375412,2016-10-15,0.0,-0.02199135720729828,-0.0014787234831601381,0.0016119134379550815,0.23963305354118347,-0.04372898116707802,-0.001681206515058875,0.0,0.00011523429566295817,0.2784839945675347,unchanged,0
1,-64.34183222506073,-14.997373668375412,2016-10-21,0.0,-0.02199135720729828,-0.0014787234831601381,0.0016119134379550815,0.23963305354118347,-0.04372898116707802,-0.001681206515058875,0.0,0.00011523429566295817,0.27485462396709537,unchanged,0
1,-64.34183222506073,-14.997373668375412,2016-10-27,0.24844250082969666,-0.02199135720729828,-0.0014787234831601381,0.0016119134379550815,0.23963305354118347,-0.04372898116707802,-0.001681206515058875,0.0,0.00011523429566295817,0.27089973142125096,unchanged,0
1,-64.34183222506073,-14.997373668375412,2016-11-02,0.2490749955177307,-0.02199135720729828,-0.0014787234831601381,0.0016119134379550815,0.23963305354118347,-0.04372898116707802,-0.001681206515058875,0.0,0.00011523429566295817,0.26667683122565383,unchanged,0
1,-64.34183222506073,-14.997373668375412,2016-11-08,0.0,-0.02199135720729828,-0.0014787234831601381,0.0016119134379550815,0.23963305354118347,-0.04372898116707802,-0.001681206515058875,0.0,0.00011523429566295817,0.2622368841223576,unchanged,0
1,-64.34183222506073,-14.997373668375412,2016-11-14,0.0,-0.02199135720729828,-0.0014787234831601381,0.0016119134379550815,0.23963305354118347,-0.04372898116707802,-0.001681206515058875,0.0,0.00011523429566295817,0.25762325223779964,unchanged,0
1,-64.34183222506073,-14.997373668375412,2016-11-20,0.0,-0.02199135720729828,-0.0014787234831601381,0.0016119134379550815,0.23963305354118347,-0.04372898116707802,-0.001681206515058875,0.0,0.00011523429566295817,0.2528717953160746,unchanged,0
1,-64.34183222506073,-14.997373668375412,2016-11-26,0.0,-0.02199135720729828,-0.0014787234831601381,0.0016119134379550815,0.23963305354118347,-0.04372898116707802,-0.001681206515058875,0.0,0.00011523429566295817,0.2480121938113986,unchanged,0
1,-64.34183222506073,-14.997373668375412,2016-12-02,0.0,-0.02199135720729828,-0.0014787234831601381,0.0016119134379550815,0.23963305354118347,-0.04372898116707802,-0.001681206515058875,0.0,0.00011523429566295817,0.24307008836548966,unchanged,0
1,-64.34183222506073,-14.997373668375412,2016-12-08,0.0,-0.02199135720729828,-0.0014787234831601381,0.0016119134379550815,0.23963305354118347,-0.04372898116707802,-0.001681206515058875,0.0,0.00011523429566295817,0.2380698357085595,unchanged,0
1,-64.34183222506073,-14.997373668375412,2016-12-14,0.0,-0.02199135720729828,-0.0014787234831601381,0.0016119134379550815,0.23963305354118347,-0.04372898116707802,-0.001681206515058875,0.0,0.00011523429566295817,0.23303769958657802,unchanged,0
1,-64.34183222506073,-14.997373668375412,2016-12-20,0.0,-0.02199135720729828,-0.0014787234831601381,0.0016119134379550815,0.23963305354118347,-0.04372898116707802,-0.001681206515058875,0.0,0.00011523429566295817,0.22800479067957385,unchanged,0
1,-64.34183222506073,-14.997373668375412,2016-12-26,0.0,-0.02199135720729828,-0.0014787234831601381,0.0016119134379550815,0.23963305354118347,-0.04372898116707802,-0.001681206515058875,0.0,0.00011523429566295817,0.22300963942957253,unchanged,0
1,-64.34183222506073,-14.997373668375412,2017-01-01,0.0,-0.02199135720729828,-0.0014787234831601381,0.0016119134379550815,0.23963305354118347,-0.04372898116707802,-0.001681206515058875,0.0,0.00011523429566295817,0.21809989703619997,unchanged,0
1,-64.34183222506073,-14.997373668375412,2017-01-07,0.0,-0.02199135720729828,-0.0014787234831601381,0.0016119134379550815,0.23963305354118347,-0.04372898116707802,-0.001681206515058875,0.0,0.00011523429566295817,0.21332031111818991,unchanged,0
1,-64.34183222506073,-14.997373668375412,2017-01-13,0.0,-0.02199135720729828,-0.0014787234831601381,0.0016119134379550815,0.23963305354118347,-0.04372898116707802,-0.001681206515058875,0.0,0.00011523429566295817,0.20875189193144306,unchanged,0
1,-64.34183222506073,-14.997373668375412,2017-01-19,0.0,-0.02199135720729828,-0.0014787234831601381,0.0016119134379550815,0.23963305354118347,-0.04372898116707802,-0.001681206515058875,0.0,0.00011523429566295817,0.20446979983315533,unchanged,0
1,-64.34183222506073,-14.997373668375412,2017-01-25,0.0,-0.02199135720729828,-0.0014787234831601381,0.0016119134379550815,0.23963305354118347,-0.04372898116707802,-0.001681206515058875,0.0,0.00011523429566295817,0.20055391783916218,unchanged,0
1,-64.34183222506073,-14.997373668375412,2017-01-31,0.0,-0.02199135720729828,-0.0014787234831601381,0.0016119134379550815,0.23963305354118347,-0.04372898116707802,-0.001681206515058875,0.0,0.00011523429566295817,0.19708504564498813,unchanged,0
1,-64.34183222506073,-14.997373668375412,2017-02-06,0.0,-0.02199135720729828,-0.0014787234831601381,0.0016119134379550815,0.23963305354118347,-0.04372898116707802,-0.001681206515058875,0.0,0.00011523429566295817,0.19414045057440188,unchanged,0
1,-64.34183222506073,-14.997373668375412,2017-02-12,0.0,-0.02199135720729828,-0.0014787234831601381,0.0016119134379550815,0.23963305354118347,-0.04372898116707802,-0.001681206515058875,0.0,0.00011523429566295817,0.1917890705704474,unchanged,0
1,-64.34183222506073,-14.997373668375412,2017-02-18,0.0,-0.02199135720729828,-0.0014787234831601381,0.0016119134379550815,0.23963305354118347,-0.04372898116707802,-0.001681206515058875,0.0,0.00011523429566295817,0.19008701614208795,unchanged,0
1,-64.34183222506073,-14.997373668375412,2017-02-24,0.0,-0.02199135720729828,-0.0014787234831601381,0.0016119134379550815,0.23963305354118347,-0.04372898116707802,-0.001681206515058875,0.0,0.00011523429566295817,0.18907370258252174,unchanged,0
1,-64.34183222506073,-14.997373668375412,2017-03-02,0.0,-0.02199135720729828,-0.0014787234831601381,0.0016119134379550815,0.23963305354118347,-0.04372898116707802,-0.001681206515058875,0.0,0.00011523429566295817,0.18876881536161655,unchanged,0
1,-64.34183222506073,-14.997373668375412,2017-03-08,0.0,-0.02199135720729828,-0.0014787234831601381,0.0016119134379550815,0.23963305354118347,-0.04372898116707802,-0.001681206515058875,0.0,0.00011523429566295817,0.18917068866642442,unchanged,0
1,-64.34183222506073,-14.997373668375412,2017-03-14,0.0,-0.02199135720729828,-0.0014787234831601381,0.0016119134379550815,0.23963305354118347,-0.04372898116707802,-0.001681206515058875,0.0,0.00011523429566295817,0.1902561452429028,unchanged,0
1,-64.34183222506073,-14.997373668375412,2017-03-20,0.0,-0.02199135720729828,-0.0014787234831601381,0.0016119134379550815,0.23963305354118347,-0.04372898116707802,-0.001681206515058875,0.0,0.00011523429566295817,0.1919816982900261,unchanged,0
1,-64.34183222506073,-14.997373668375412,2017-03-26,0.0,-0.02199135720729828,-0.0014787234831601381,0.0016119134379550815,0.23963305354118347,-0.04372898116707802,-0.001681206515058875,0.0,0.00011523429566295817,0.1942863357748026,unchanged,0
1,-64.34183222506073,-14.997373668375412,2017-04-01,0.0,-0.02199135720729828,-0.0014787234831601381,0.0016119134379550815,0.23963305354118347,-0.04372898116707802,-0.001681206515058875,0.0,0.00011523429566295817,0.1970954961240229,unchanged,0
1,-64.34183222506073,-14.997373668375412,2017-04-07,0.0,-0.02199135720729828,-0.0014787234831601381,0.0016119134379550815,0.23963305354118347,-0.04372898116707802,-0.001681206515058875,0.0,0.00011523429566295817,0.2003258327335357,unchanged,0
1,-64.34183222506073,-14.997373668375412,2017-04-13,0.0,-0.02199135720729828,-0.0014787234831601381,0.0016119134379550815,0.23963305354118347,-0.04372898116707802,-0.001681206515058875,0.0,0.00011523429566295817,0.20389057697927354,unchanged,0
1,-64.34183222506073,-14.997373668375412,2017-04-19,0.0,-0.02199135720729828,-0.0014787234831601381,0.0016119134379550815,0.23963305354118347,-0.04372898116707802,-0.001681206515058875,0.0,0.00011523429566295817,0.20770493271900123,unchanged,0
1,-64.34183222506073,-14.997373668375412,2017-04-25,0.0,-0.02199135720729828,-0.0014787234831601381,0.0016119134379550815,0.23963305354118347,-0.04372898116707802,-0.001681206515058875,0.0,0.00011523429566295817,0.2116909434017458,unchanged,0
1,-64.34183222506073,-14.997373668375412,2017-05-01,0.0,-0.02199135720729828,-0.0014787234831601381,0.0016119134379550815,0.23963305354118347,-0.04372898116707802,-0.001681206515058875,0.0,0.00011523429566295817,0.2157816234801911,unchanged,0
1,-64.34183222506073,-14.997373668375412,2017-05-07,0.17573249340057373,-0.02199135720729828,-0.0014787234831601381,0.0016119134379550815,0.23963305354118347,-0.04372898116707802,-0.001681206515058875,0.0,0.00011523429566295817,0.21992392686872564,unchanged,0
1,-64.34183222506073,-14.997373668375412,2017-05-13,0.0,-0.02199135720729828,-0.0014787234831601381,0.0016119134379550815,0.23963305354118347,-0.04372898116707802,-0.001681206515058875,0.0,0.00011523429566295817,0.22408015532250042,unchanged,0
1,-64.34183222506073,-14.997373668375412,2017-05-19,0.0,-0.02199135720729828,-0.0014787234831601381,0.0016119134379550815,0.23963305354118347,-0.04372898116707802,-0.001681206515058875,0.0,0.00011523429566295817,0.22822797041141502,unchanged,0
1,-64.34183222506073,-14.997373668375412,2017-05-25,0.0,-0.02199135720729828,-0.0014787234831601381,0.0016119134379550815,0.23963305354118347,-0.04372898116707802,-0.001681206515058875,0.0,0.00011523429566295817,0.23235893737959562,unchanged,0
1,-64.34183222506073,-14.997373668375412,2017-05-31,0.0,-0.02199135720729828,-0.0014787234831601381,0.0016119134379550815,0.23963305354118347,-0.04372898116707802,-0.001681206515058875,0.0,0.00011523429566295817,0.23647558489427178,unchanged,0
1,-64.34183222506073,-14.997373668375412,2017-06-06,0.20306749641895294,-0.02199135720729828,-0.0014787234831601381,0.0016119134379550815,0.23963305354118347,-0.04372898116707802,-0.001681206515058875,0.0,0.00011523429566295817,0.2405875835099299,unchanged,0
1,-64.34183222506073,-14.997373668375412,2017-06-12,0.0,-0.02199135720729828,-0.0014787234831601381,0.0016119134379550815,0.23963305354118347,-0.04372898116707802,-0.001681206515058875,0.0,0.00011523429566295817,0.24470726203752735,unchanged,0
1,-64.34183222506073,-14.997373668375412,2017-06-18,0.0,-0.02199135720729828,-0.0014787234831601381,0.0016119134379550815,0.23963305354118347,-0.04372898116707802,-0.001681206515058875,0.0,0.00011523429566295817,0.24884479568312554,unchanged,0
1,-64.34183222506073,-14.997373668375412,2017-06-24,0.0,-0.02199135720729828,-0.0014787234831601381,0.0016119134379550815,0.23963305354118347,-0.04372898116707802,-0.001681206515058875,0.0,0.00011523429566295817,0.2530037561931791,unchanged,0
1,-64.34183222506073,-14.997373668375412,2017-06-30,0.0,-0.02199135720729828,-0.0014787234831601381,0.0016119134379550815,0.23963305354118347,-0.04372898116707802,-0.001681206515058875,0.0,0.00011523429566295817,0.25717734769127926,unchanged,0
1,-64.34183222506073,-14.997373668375412,2017-07-06,0.21244500577449799,-0.02199135720729828,-0.0014787234831601381,0.0016119134379550815,0.23963305354118347,-0.04372898116707802,-0.001681206515058875,0.0,0.00011523429566295817,0.261345562651912,unchanged,0
1,-64.34183222506073,-14.997373668375412,2017-07-12,0.0,-0.02199135720729828,-0.0014787234831601381,0.0016119134379550815,0.23963305354118347,-0.04372898116707802,-0.001681206515058875,0.0,0.00011523429566295817,0.2654737706403086,unchanged,0
1,-64.34183222506073,-14.997373668375412,2017-07-18,0.21890750527381897,-0.02199135720729828,-0.0014787234831601381,0.0016119134379550815,0.23963305354118347,-0.04372898116707802,-0.001681206515058875,0.0,0.00011523429566295817,0.26951277229796905,unchanged,0
1,-64.34183222506073,-14.997373668375412,2017-07-24,0.22853249311447144,-0.02199135720729828,-0.0014787234831601381,0.0016119134379550815,0.23963305354118347,-0.04372898116707802,-0.001681206515058875,0.0,0.00011523429566295817,0.2734001959469938,unchanged,0
1,-64.34183222506073,-14.997373668375412,2017-07-30,0.24492250382900238,-0.02199135720729828,-0.0014787234831601381,0.0016119134379550815,0.23963305354118347,-0.04372898116707802,-0.001681206515058875,0.0,0.00011523429566295817,0.2770633535910386,unchanged,0
1,-64.34183222506073,-14.997373668375412,2017-08-05,0.0,-0.02199135720729828,-0.0014787234831601381,0.0016119134379550815,0.23963305354118347,-0.04372898116707802,-0.001681206515058875,0.0,0.00011523429566295817,0.280423211820549,unchanged,0
1,-64.34183222506073,-14.997373668375412,2017-08-11,0.24503250420093536,-0.02199135720729828,-0.0014787234831601381,0.0016119134379550815,0.23963305354118347,-0.04372898116707802,-0.001681206515058875,0.0,0.00011523429566295817,0.2833989510254701,unchanged,0
1,-64.34183222506073,-14.997373668375412,2017-08-17,0.0,-0.02199135720729828,-0.0014787234831601381,0.0016119134379550815,0.23963305354118347,-0.04372898116707802,-0.001681206515058875,0.0,0.00011523429566295817,0.2859130182235289,unchanged,0
1,-64.34183222506073,-14.997373668375412,2017-08-23,0.2576825022697449,-0.02199135720729828,-0.0014787234831601381,0.0016119134379550815,0.23963305354118347,-0.04372898116707802,-0.001681206515058875,0.0,0.00011523429566295817,0.2878960413751896,unchanged,0
1,-64.34183222506073,-14.997373668375412,2017-08-29,0.0,-0.02199135720729828,-0.0014787234831601381,0.0016119134379550815,0.23963305354118347,-0.04372898116707802,-0.001681206515058875,0.0,0.00011523429566295817,0.2892911098016119,unchanged,0
1,-64.34183222506073,-14.997373668375412,2017-09-04,0.26791250705718994,-0.02199135720729828,-0.0014787234831601381,0.0016119134379550815,0.23963305354118347,-0.04372898116707802,-0.001681206515058875,0.0,0.00011523429566295817,0.2900572547475852,unchanged,0
1,-64.34183222506073,-14.997373668375412,2017-09-10,0.25281500816345215,-0.02199135720729828,-0.0014787234831601381,0.0016119134379550815,0.23963305354118347,-0.04372898116707802,-0.001681206515058875,0.0,0.00011523429566295817,0.2901717466139308,unchanged,0
1,-64.34183222506073,-14.997373668375412,2017-09-16,0.0,-0.02199135720729828,-0.0014787234831601381,0.0016119134379550815,0.23963305354118347,-0.04372898116707802,-0.001681206515058875,0.0,0.00011523429566295817,0.2896309343882488,unchanged,0
1,-64.34183222506073,-14.997373668375412,2017-09-22,0.0,-0.02199135720729828,-0.0014787234831601381,0.0016119134379550815,0.23963305354118347,-0.04372898116707802,-0.001681206515058875,0.0,0.00011523429566295817,0.28844975856934724,unchanged,0
1,-64.34183222506073,-14.997373668375412,2017-09-28,0.0,-0.02199135720729828,-0.0014787234831601381,0.0016119134379550815,0.23963305354118347,-0.04372898116707802,-0.001681206515058875,0.0,0.00011523429566295817,0.2866600177962408,unchanged,0
1,-64.34183222506073,-14.997373668375412,2017-10-04,0.28314751386642456,-0.02199135720729828,-0.0014787234831601381,0.0016119134379550815,0.23963305354118347,-0.04372898116707802,-0.001681206515058875,0.0,0.00011523429566295817,0.2843073371940153,unchanged,0
1,-64.34183222506073,-14.997373668375412,2017-10-10,0.24723249673843384,-0.02199135720729828,-0.0014787234831601381,0.0016119134379550815,0.23963305354118347,-0.04372898116707802,-0.001681206515058875,0.0,0.00011523429566295817,0.2814475992477779,unchanged,0
1,-64.34183222506073,-14.997373668375412,2017-10-16,0.0,-0.02199135720729828,-0.0014787234831601381,0.0016119134379550815,0.23963305354118347,-0.04372898116707802,-0.001681206515058875,0.0,0.00011523429566295817,0.2781427120934316,unchanged,0
1,-64.34183222506073,-14.997373668375412,2017-10-22,0.0,-0.02199135720729828,-0.0014787234831601381,0.0016119134379550815,0.23963305354118347,-0.04372898116707802,-0.001681206515058875,0.0,0.00011523429566295817,0.2744565218227577,unchanged,0
1,-64.34183222506073,-14.997373668375412,2017-10-28,0.0,-0.02199135720729828,-0.0014787234831601381,0.0016119134379550815,0.23963305354118347,-0.04372898116707802,-0.001681206515058875,0.0,0.00011523429566295817,0.2704511056806258,unchanged,0
1,-64.34183222506073,-14.997373668375412,2017-11-03,0.0,-0.02199135720729828,-0.0014787234831601381,0.0016119134379550815,0.23963305354118347,-0.04372898116707802,-0.001681206515058875,0.0,0.00011523429566295817,0.26618366438173247,unchanged,0
1,-64.34183222506073,-14.997373668375412,2017-11-09,0.0,-0.02199135720729828,-0.0014787234831601381,0.0016119134379550815,0.23963305354118347,-0.04372898116707802,-0.001681206515058875,0.0,0.00011523429566295817,0.26170452917372744,unchanged,0
1,-64.34183222506073,-14.997373668375412,2017-11-15,0.0,-0.02199135720729828,-0.0014787234831601381,0.0016119134379550815,0.23963305354118347,-0.04372898116707802,-0.001681206515058875,0.0,0.00011523429566295817,0.25705633285738017,unchanged,0
1,-64.34183222506073,-14.997373668375412,2017-11-21,0.0,-0.02199135720729828,-0.0014787234831601381,0.0016119134379550815,0.23963305354118347,-0.04372898116707802,-0.001681206515058875,0.0,0.00011523429566295817,0.25227424105383794,unchanged,0
1,-64.34183222506073,-14.997373668375412,2017-11-27,0.0,-0.02199135720729828,-0.0014787234831601381,0.0016119134379550815,0.23963305354118347,-0.04372898116707802,-0.001681206515058875,0.0,0.00011523429566295817,0.2473874050065824,unchanged,0
1,-64.34183222506073,-14.997373668375412,2017-12-03,0.0,-0.02199135720729828,-0.0014787234831601381,0.0016119134379550815,0.23963305354118347,-0.04372898116707802,-0.001681206515058875,0.0,0.00011523429566295817,0.24242130869785175,unchanged,0
1,-64.34183222506073,-14.997373668375412,2017-12-09,0.0,-0.02199135720729828,-0.0014787234831601381,0.0016119134379550815,0.23963305354118347,-0.04372898116707802,-0.001681206515058875,0.0,0.00011523429566295817,0.23740061445880453,unchanged,0
1,-64.34183222506073,-14.997373668375412,2017-12-15,0.16291749477386475,-0.02199135720729828,-0.0014787234831601381,0.0016119134379550815,0.23963305354118347,-0.04372898116707802,-0.001681206515058875,0.0,0.00011523429566295817,0.23235233691313015,unchanged,0
1,-64.34183222506073,-14.997373668375412,2017-12-21,0.0,-0.02199135720729828,-0.0014787234831601381,0.0016119134379550815,0.23963305354118347,-0.04372898116707802,-0.001681206515058875,0.0,0.00011523429566295817,0.2273089009829345,unchanged,0
1,-64.34183222506073,-14.997373668375412,2017-12-27,0.0,-0.02199135720729828,-0.0014787234831601381,0.0016119134379550815,0.23963305354118347,-0.04372898116707802,-0.001681206515058875,0.0,0.00011523429566295817,0.222310512735326,unchanged,0
1,-64.34183222506073,-14.997373668375412,2018-01-02,0.0,-0.02199135720729828,-0.0014787234831601381,0.0016119134379550815,0.23963305354118347,-0.04372898116707802,-0.001681206515058875,0.0,0.00011523429566295817,0.2174068343782014,unchanged,0
1,-64.34183222506073,-14.997373668375412,2018-01-07,0.0,-0.02199135720729828,-0.0014787234831601381,0.0016119134379550815,0.23963305354118347,-0.04372898116707802,-0.001681206515058875,0.0,0.00011523429566295817,0.21343554541385287,unchanged,0
1,-64.34183222506073,-14.997373668375412,2018-01-13,0.0,-0.02199135720729828,-0.0014787234831601381,0.0016119134379550815,0.23963305354118347,-0.04372898116707802,-0.001681206515058875,0.0,0.00011523429566295817,0.20886712622710601,unchanged,0
1,-64.34183222506073,-14.997373668375412,2018-01-19,0.0,-0.02199135720729828,-0.0014787234831601381,0.0016119134379550815,0.23963305354118347,-0.04372898116707802,-0.001681206515058875,0.0,0.00011523429566295817,0.2045850341288183,unchanged,0
1,-64.34183222506073,-14.997373668375412,2018-01-25,0.16344000399112701,-0.02199135720729828,-0.0014787234831601381,0.0016119134379550815,0.23963305354118347,-0.04372898116707802,-0.001681206515058875,0.0,0.00011523429566295817,0.20066915213482514,unchanged,0
1,-64.34183222506073,-14.997373668375412,2018-01-31,0.0,-0.02199135720729828,-0.0014787234831601381,0.0016119134379550815,0.23963305354118347,-0.04372898116707802,-0.001681206515058875,0.0,0.00011523429566295817,0.1972002799406511,unchanged,0
1,-64.34183222506073,-14.997373668375412,2018-02-06,0.0,-0.02199135720729828,-0.0014787234831601381,0.0016119134379550815,0.23963305354118347,-0.04372898116707802,-0.001681206515058875,0.0,0.00011523429566295817,0.19425568487006484,unchanged,0
1,-64.34183222506073,-14.997373668375412,2018-02-12,0.16443000733852386,-0.02199135720729828,-0.0014787234831601381,0.0016119134379550815,0.23963305354118347,-0.04372898116707802,-0.001681206515058875,0.0,0.00011523429566295817,0.19190430486611035,unchanged,0
1,-64.34183222506073,-14.997373668375412,2018-02-18,0.0,-0.02199135720729828,-0.0014787234831601381,0.0016119134379550815,0.23963305354118347,-0.04372898116707802,-0.001681206515058875,0.0,0.00011523429566295817,0.1902022504377509,unchanged,0
1,-64.34183222506073,-14.997373668375412,2018-02-24,0.0,-0.02199135720729828,-0.0014787234831601381,0.0016119134379550815,0.23963305354118347,-0.04372898116707802,-0.001681206515058875,0.0,0.00011523429566295817,0.1891889368781847,unchanged,0
1,-64.34183222506073,-14.997373668375412,2018-03-02,0.0,-0.02199135720729828,-0.0014787234831601381,0.0016119134379550815,0.23963305354118347,-0.04372898116707802,-0.001681206515058875,0.0,0.00011523429566295817,0.1888840496572795,unchanged,0
1,-64.34183222506073,-14.997373668375412,2018-03-08,0.0,-0.02199135720729828,-0.0014787234831601381,0.0016119134379550815,0.23963305354118347,-0.04372898116707802,-0.001681206515058875,0.0,0.00011523429566295817,0.18928592296208738,unchanged,0
1,-64.34183222506073,-14.997373668375412,2018-03-14,0.0,-0.02199135720729828,-0.0014787234831601381,0.0016119134379550815,0.23963305354118347,-0.04372898116707802,-0.001681206515058875,0.0,0.00011523429566295817,0.19037137953856575,unchanged,0
1,-64.34183222506073,-14.997373668375412,2018-03-20,0.0,-0.02199135720729828,-0.0014787234831601381,0.0016119134379550815,0.23963305354118347,-0.04372898116707802,-0.001681206515058875,0.0,0.00011523429566295817,0.19209693258568905,unchanged,0
1,-64.34183222506073,-14.997373668375412,2018-03-26,0.0,-0.02199135720729828,-0.0014787234831601381,0.0016119134379550815,0.23963305354118347,-0.04372898116707802,-0.001681206515058875,0.0,0.00011523429566295817,0.19440157007046555,unchanged,0
1,-64.34183222506073,-14.997373668375412,2018-04-01,0.0,-0.02199135720729828,-0.0014787234831601381,0.0016119134379550815,0.23963305354118347,-0.04372898116707802,-0.001681206515058875,0.0,0.00011523429566295817,0.19721073041968587,unchanged,0
1,-64.34183222506073,-14.997373668375412,2018-04-07,0.0,-0.02199135720729828,-0.0014787234831601381,0.0016119134379550815,0.23963305354118347,-0.04372898116707802,-0.001681206515058875,0.0,0.00011523429566295817,0.20044106702919867,unchanged,0
1,-64.34183222506073,-14.997373668375412,2018-04-13,0.0,-0.02199135720729828,-0.0014787234831601381,0.0016119134379550815,0.23963305354118347,-0.04372898116707802,-0.001681206515058875,0.0,0.00011523429566295817,0.2040058112749365,unchanged,0
1,-64.34183222506073,-14.997373668375412,2018-04-19,0.0,-0.02199135720729828,-0.0014787234831601381,0.0016119134379550815,0.23963305354118347,-0.04372898116707802,-0.001681206515058875,0.0,0.00011523429566295817,0.2078201670146642,unchanged,0
1,-64.34183222506073,-14.997373668375412,2018-04-25,0.20416750013828278,-0.02199135720729828,-0.0014787234831601381,0.0016119134379550815,0.23963305354118347,-0.04372898116707802,-0.001681206515058875,0.0,0.00011523429566295817,0.21180617769740875,unchanged,0
1,-64.34183222506073,-14.997373668375412,2018-05-01,0.0,-0.02199135720729828,-0.0014787234831601381,0.0016119134379550815,0.23963305354118347,-0.04372898116707802,-0.001681206515058875,0.0,0.00011523429566295817,0.21589685777585405,unchanged,0
1,-64.34183222506073,-14.997373668375412,2018-05-07,0.0,-0.02199135720729828,-0.0014787234831601381,0.0016119134379550815,0.23963305354118347,-0.04372898116707802,-0.001681206515058875,0.0,0.00011523429566295817,0.2200391611643886,unchanged,0
1,-64.34183222506073,-14.997373668375412,2018-05-13,0.0,-0.02199135720729828,-0.0014787234831601381,0.0016119134379550815,0.23963305354118347,-0.04372898116707802,-0.001681206515058875,0.0,0.00011523429566295817,0.22419538961816338,unchanged,0
1,-64.34183222506073,-14.997373668375412,2018-05-19,0.0,-0.02199135720729828,-0.0014787234831601381,0.0016119134379550815,0.23963305354118347,-0.04372898116707802,-0.001681206515058875,0.0,0.00011523429566295817,0.22834320470707797,unchanged,0
1,-64.34183222506073,-14.997373668375412,2018-05-25,0.21588249504566193,-0.02199135720729828,-0.0014787234831601381,0.0016119134379550815,0.23963305354118347,-0.04372898116707802,-0.001681206515058875,0.0,0.00011523429566295817,0.23247417167525858,unchanged,0
1,-64.34183222506073,-14.997373668375412,2018-05-31,0.0,-0.02199135720729828,-0.0014787234831601381,0.0016119134379550815,0.23963305354118347,-0.04372898116707802,-0.001681206515058875,0.0,0.00011523429566295817,0.23659081918993474,unchanged,0
1,-64.34183222506073,-14.997373668375412,2018-06-06,0.0,-0.02199135720729828,-0.0014787234831601381,0.0016119134379550815,0.23963305354118347,-0.04372898116707802,-0.001681206515058875,0.0,0.00011523429566295817,0.24070281780559286,unchanged,0
1,-64.34183222506073,-14.997373668375412,2018-06-12,0.0,-0.02199135720729828,-0.0014787234831601381,0.0016119134379550815,0.23963305354118347,-0.04372898116707802,-0.001681206515058875,0.0,0.00011523429566295817,0.2448224963331903,unchanged,0
1,-64.34183222506073,-14.997373668375412,2018-06-18,0.0,-0.02199135720729828,-0.0014787234831601381,0.0016119134379550815,0.23963305354118347,-0.04372898116707802,-0.001681206515058875,0.0,0.00011523429566295817,0.2489600299787885,unchanged,0
1,-64.34183222506073,-14.997373668375412,2018-06-24,0.2345000058412552,-0.02199135720729828,-0.0014787234831601381,0.0016119134379550815,0.23963305354118347,-0.04372898116707802,-0.001681206515058875,0.0,0.00011523429566295817,0.25311899048884207,unchanged,0
1,-64.34183222506073,-14.997373668375412,2018-06-30,0.0,-0.02199135720729828,-0.0014787234831601381,0.0016119134379550815,0.23963305354118347,-0.04372898116707802,-0.001681206515058875,0.0,0.00011523429566295817,0.2572925819869422,unchanged,0
1,-64.34183222506073,-14.997373668375412,2018-07-06,0.0,-0.02199135720729828,-0.0014787234831601381,0.0016119134379550815,0.23963305354118347,-0.04372898116707802,-0.001681206515058875,0.0,0.00011523429566295817,0.26146079694757496,unchanged,0
1,-64.34183222506073,-14.997373668375412,2018-07-12,0.0,-0.02199135720729828,-0.0014787234831601381,0.0016119134379550815,0.23963305354118347,-0.04372898116707802,-0.001681206515058875,0.0,0.00011523429566295817,0.26558900493597154,unchanged,0
1,-64.34183222506073,-14.997373668375412,2018-07-18,0.0,-0.02199135720729828,-0.0014787234831601381,0.0016119134379550815,0.23963305354118347,-0.04372898116707802,-0.001681206515058875,0.0,0.00011523429566295817,0.269628006593632,unchanged,0
1,-64.34183222506073,-14.997373668375412,2018-07-24,0.0,-0.02199135720729828,-0.0014787234831601381,0.0016119134379550815,0.23963305354118347,-0.04372898116707802,-0.001681206515058875,0.0,0.00011523429566295817,0.27351543024265673,unchanged,0
1,-64.34183222506073,-14.997373668375412,2018-07-30,0.27588748931884766,-0.02199135720729828,-0.0014787234831601381,0.0016119134379550815,0.23963305354118347,-0.04372898116707802,-0.001681206515058875,0.0,0.00011523429566295817,0.2771785878867016,unchanged,0
1,-64.34183222506073,-14.997373668375412,2018-08-05,0.0,-0.02199135720729828,-0.0014787234831601381,0.0016119134379550815,0.23963305354118347,-0.04372898116707802,-0.001681206515058875,0.0,0.00011523429566295817,0.280538446116212,unchanged,0
1,-64.34183222506073,-14.997373668375412,2018-08-11,0.0,-0.02199135720729828,-0.0014787234831601381,0.0016119134379550815,0.23963305354118347,-0.04372898116707802,-0.001681206515058875,0.0,0.00011523429566295817,0.28351418532113304,unchanged,0
1,-64.34183222506073,-14.997373668375412,2018-08-17,0.0,-0.02199135720729828,-0.0014787234831601381,0.0016119134379550815,0.23963305354118347,-0.04372898116707802,-0.001681206515058875,0.0,0.00011523429566295817,0.28602825251919184,unchanged,0
1,-64.34183222506073,-14.997373668375412,2018-08-23,0.29164499044418335,-0.02199135720729828,-0.0014787234831601381,0.0016119134379550815,0.23963305354118347,-0.04372898116707802,-0.001681206515058875,0.0,0.00011523429566295817,0.28801127567085255,unchanged,0
1,-64.34183222506073,-14.997373668375412,2018-08-29,0.27761998772621155,-0.02199135720729828,-0.0014787234831601381,0.0016119134379550815,0.23963305354118347,-0.04372898116707802,-0.001681206515058875,0.0,0.00011523429566295817,0.28940634409727484,unchanged,0
1,-64.34183222506073,-14.997373668375412,2018-09-04,0.0,-0.02199135720729828,-0.0014787234831601381,0.0016119134379550815,0.23963305354118347,-0.04372898116707802,-0.001681206515058875,0.0,0.00011523429566295817,0.29017248904324816,unchanged,0
1,-64.34183222506073,-14.997373668375412,2018-09-10,0.0,-0.02199135720729828,-0.0014787234831601381,0.0016119134379550815,0.23963305354118347,-0.04372898116707802,-0.001681206515058875,0.0,0.00011523429566295817,0.29028698090959376,unchanged,0
1,-64.34183222506073,-14.997373668375412,2018-09-16,0.0,-0.02199135720729828,-0.0014787234831601381,0.0016119134379550815,0.23963305354118347,-0.04372898116707802,-0.001681206515058875,0.0,0.00011523429566295817,0.28974616868391173,unchanged,0
1,-64.34183222506073,-14.997373668375412,2018-09-22,0.0,-0.02199135720729828,-0.0014787234831601381,0.0016119134379550815,0.23963305354118347,-0.04372898116707802,-0.001681206515058875,0.0,0.00011523429566295817,0.2885649928650102,unchanged,0
1,-64.34183222506073,-14.997373668375412,2018-09-28,0.26917749643325806,-0.02199135720729828,-0.0014787234831601381,0.0016119134379550815,0.23963305354118347,-0.04372898116707802,-0.001681206515058875,0.0,0.00011523429566295817,0.28677525209190374,unchanged,0
1,-64.34183222506073,-14.997373668375412,2018-10-04,0.0,-0.02199135720729828,-0.0014787234831601381,0.0016119134379550815,0.23963305354118347,-0.04372898116707802,-0.001681206515058875,0.0,0.00011523429566295817,0.28442257148967826,unchanged,0
1,-64.34183222506073,-14.997373668375412,2018-10-10,0.0,-0.02199135720729828,-0.0014787234831601381,0.0016119134379550815,0.23963305354118347,-0.04372898116707802,-0.001681206515058875,0.0,0.00011523429566295817,0.28156283354344086,unchanged,0
1,-64.34183222506073,-14.997373668375412,2018-10-16,0.0,-0.02199135720729828,-0.0014787234831601381,0.0016119134379550815,0.23963305354118347,-0.04372898116707802,-0.001681206515058875,0.0,0.00011523429566295817,0.27825794638909457,unchanged,0
1,-64.34183222506073,-14.997373668375412,2018-10-22,0.0,-0.02199135720729828,-0.0014787234831601381,0.0016119134379550815,0.23963305354118347,-0.04372898116707802,-0.001681206515058875,0.0,0.00011523429566295817,0.27457175611842066,unchanged,0
1,-64.34183222506073,-14.997373668375412,2018-10-28,0.0,-0.02199135720729828,-0.0014787234831601381,0.0016119134379550815,0.23963305354118347,-0.04372898116707802,-0.001681206515058875,0.0,0.00011523429566295817,0.27056633997628876,unchanged,0
1,-64.34183222506073,-14.997373668375412,2018-11-03,0.0,-0.02199135720729828,-0.0014787234831601381,0.0016119134379550815,0.23963305354118347,-0.04372898116707802,-0.001681206515058875,0.0,0.00011523429566295817,0.2662988986773954,unchanged,0
1,-64.34183222506073,-14.997373668375412,2018-11-09,0.0,-0.02199135720729828,-0.0014787234831601381,0.0016119134379550815,0.23963305354118347,-0.04372898116707802,-0.001681206515058875,0.0,0.00011523429566295817,0.2618197634693904,unchanged,0
1,-64.34183222506073,-14.997373668375412,2018-11-15,0.0,-0.02199135720729828,-0.0014787234831601381,0.0016119134379550815,0.23963305354118347,-0.04372898116707802,-0.001681206515058875,0.0,0.00011523429566295817,0.2571715671530431,unchanged,0
1,-64.34183222506073,-14.997373668375412,2018-11-21,0.0,-0.02199135720729828,-0.0014787234831601381,0.0016119134379550815,0.23963305354118347,-0.04372898116707802,-0.001681206515058875,0.0,0.00011523429566295817,0.2523894753495009,unchanged,0
1,-64.34183222506073,-14.997373668375412,2018-11-27,0.0,-0.02199135720729828,-0.0014787234831601381,0.0016119134379550815,0.23963305354118347,-0.04372898116707802,-0.001681206515058875,0.0,0.00011523429566295817,0.24750263930224536,unchanged,0
1,-64.34183222506073,-14.997373668375412,2018-12-03,0.0,-0.02199135720729828,-0.0014787234831601381,0.0016119134379550815,0.23963305354118347,-0.04372898116707802,-0.001681206515058875,0.0,0.00011523429566295817,0.2425365429935147,unchanged,0
1,-64.34183222506073,-14.997373668375412,2018-12-09,0.0,-0.02199135720729828,-0.0014787234831601381,0.0016119134379550815,0.23963305354118347,-0.04372898116707802,-0.001681206515058875,0.0,0.00011523429566295817,0.2375158487544675,unchanged,0
1,-64.34183222506073,-14.997373668375412,2018-12-15,0.0,-0.02199135720729828,-0.0014787234831601381,0.0016119134379550815,0.23963305354118347,-0.04372898116707802,-0.001681206515058875,0.0,0.00011523429566295817,0.2324675712087931,unchanged,0
1,-64.34183222506073,-14.997373668375412,2018-12-21,0.0,-0.02199135720729828,-0.0014787234831601381,0.0016119134379550815,0.23963305354118347,-0.04372898116707802,-0.001681206515058875,0.0,0.00011523429566295817,0.22742413527859745,unchanged,0
1,-64.34183222506073,-14.997373668375412,2018-12-27,0.0,-0.02199135720729828,-0.0014787234831601381,0.0016119134379550815,0.23963305354118347,-0.04372898116707802,-0.001681206515058875,0.0,0.00011523429566295817,0.22242574703098897,unchanged,0
1,-64.34183222506073,-14.997373668375412,2019-01-02,0.0,-0.02199135720729828,-0.0014787234831601381,0.0016119134379550815,0.23963305354118347,-0.04372898116707802,-0.001681206515058875,0.0,0.00011523429566295817,0.21752206867386437,unchanged,0
2,-64.33284907221953,-14.997373668375412,2016-01-07,0.0,-0.010679508559405804,0.0,0.003192469011992216,0.16761785745620728,-0.017685290426015854,0.0008050770848058164,0.0,0.00029835401801392436,0.1585122476133349,unchanged,0
2,-64.33284907221953,-14.997373668375412,2016-01-13,0.0,-0.010679508559405804,0.0,0.003192469011992216,0.16761785745620728,-0.017685290426015854,0.0008050770848058164,0.0,0.00029835401801392436,0.15660563905054625,unchanged,0
2,-64.33284907221953,-14.997373668375412,2016-01-19,0.0,-0.010679508559405804,0.0,0.003192469011992216,0.16761785745620728,-0.017685290426015854,0.0008050770848058164,0.0,0.00029835401801392436,0.15458803806593022,unchanged,0
2,-64.33284907221953,-14.997373668375412,2016-01-25,0.2843025028705597,-0.010679508559405804,0.0,0.003192469011992216,0.16761785745620728,-0.017685290426015854,0.0008050770848058164,0.0,0.00029835401801392436,0.15253404877968546,unchanged,0
2,-64.33284907221953,-14.997373668375412,2016-01-31,0.0,-0.010679508559405804,0.0,0.003192469011992216,0.16761785745620728,-0.017685290426015854,0.0008050770848058164,0.0,0.00029835401801392436,0.15053452093279887,unchanged,0
2,-64.33284907221953,-14.997373668375412,2016-02-06,0.0,-0.010679508559405804,0.0,0.003192469011992216,0.16761785745620728,-0.017685290426015854,0.0008050770848058164,0.0,0.00029835401801392436,0.14868891315075097,unchanged,0
2,-64.33284907221953,-14.997373668375412,2016-02-12,0.0,-0.010679508559405804,0.0,0.003192469011992216,0.16761785745620728,-0.017685290426015854,0.0008050770848058164,0.0,0.00029835401801392436,0.14709652332255677,unchanged,0
2,-64.33284907221953,-14.997373668375412,2016-02-18,0.0,-0.010679508559405804,0.0,0.003192469011992216,0.16761785745620728,-0.017685290426015854,0.0008050770848058164,0.0,0.00029835401801392436,0.1458479852396481,unchanged,0
2,-64.33284907221953,-14.997373668375412,2016-02-24,0.0,-0.010679508559405804,0.0,0.003192469011992216,0.16761785745620728,-0.017685290426015854,0.0008050770848058164,0.0,0.00029835401801392436,0.1450171497847598,unchanged,0
2,-64.33284907221953,-14.997373668375412,2016-03-01,0.0,-0.010679508559405804,0.0,0.003192469011992216,0.16761785745620728,-0.017685290426015854,0.0008050770848058164,0.0,0.00029835401801392436,0.1446544614488732,unchanged,0
2,-64.33284907221953,-14.997373668375412,2016-03-07,0.0,-0.010679508559405804,0.0,0.003192469011992216,0.16761785745620728,-0.017685290426015854,0.0008050770848058164,0.0,0.00029835401801392436,0.14478273836583982,unchanged,0
2,-64.33284907221953,-14.997373668375412,2016-03-13,0.09444250166416168,-0.010679508559405804,0.0,0.003192469011992216,0.16761785745620728,-0.017685290426015854,0.0008050770848058164,0.0,0.00029835401801392436,0.14539513610698396,unchanged,0
2,-64.33284907221953,-14.997373668375412,2016-03-19,0.0,-0.010679508559405804,0.0,0.003192469011992216,0.16761785745620728,-0.017685290426015854,0.0008050770848058164,0.0,0.00029835401801392436,0.14645579848337997,unchanged,0
2,-64.33284907221953,-14.997373668375412,2016-03-25,0.0,-0.010679508559405804,0.0,0.003192469011992216,0.16761785745620728,-0.017685290426015854,0.0008050770848058164,0.0,0.00029835401801392436,0.14790342572969306,unchanged,0
2,-64.33284907221953,-14.997373668375412,2016-03-31,0.0,-0.010679508559405804,0.0,0.003192469011992216,0.16761785745620728,-0.017685290426015854,0.0008050770848058164,0.0,0.00029835401801392436,0.14965676527224536,unchanged,0
2,-64.33284907221953,-14.997373668375412,2016-04-06,0.0,-0.010679508559405804,0.0,0.003192469011992216,0.16761785745620728,-0.017685290426015854,0.0008050770848058164,0.0,0.00029835401801392436,0.15162204943838603,unchanged,0
2,-64.33284907221953,-14.997373668375412,2016-04-12,0.0,-0.010679508559405804,0.0,0.003192469011992216,0.16761785745620728,-0.017685290426015854,0.0008050770848058164,0.0,0.00029835401801392436,0.15370124569697433,unchanged,0
2,-64.33284907221953,-14.997373668375412,2016-04-18,0.0,-0.010679508559405804,0.0,0.003192469011992216,0.16761785745620728,-0.017685290426015854,0.0008050770848058164,0.0,0.00029835401801392436,0.1558009043801412,unchanged,0
2,-64.33284907221953,-14.997373668375412,2016-04-24,0.0,-0.010679508559405804,0.0,0.003192469011992216,0.16761785745620728,-0.017685290426015854,0.0008050770848058164,0.0,0.00029835401801392436,0.15784007272988737,unchanged,0
2,-64.33284907221953,-14.997373668375412,2016-04-30,0.0,-0.010679508559405804,0.0,0.003192469011992216,0.16761785745620728,-0.017685290426015854,0.0008050770848058164,0.0,0.00029835401801392436,0.15975686234197375,unchanged,0
2,-64.33284907221953,-14.997373668375412,2016-05-06,0.0,-0.010679508559405804,0.0,0.003192469011992216,0.16761785745620728,-0.017685290426015854,0.0008050770848058164,0.0,0.00029835401801392436,0.16151335295241506,unchanged,0
2,-64.33284907221953,-14.997373668375412,2016-05-12,0.0,-0.010679508559405804,0.0,0.003192469011992216,0.16761785745620728,-0.017685290426015854,0.0008050770848058164,0.0,0.00029835401801392436,0.16309769561720946,unchanged,0
2,-64.33284907221953,-14.997373668375412,2016-05-18,0.0,-0.010679508559405804,0.0,0.003192469011992216,0.16761785745620728,-0.017685290426015854,0.0008050770848058164,0.0,0.00029835401801392436,0.1645238124997719,unchanged,0
2,-64.33284907221953,-14.997373668375412,2016-05-24,0.0,-0.010679508559405804,0.0,0.003192469011992216,0.16761785745620728,-0.017685290426015854,0.0008050770848058164,0.0,0.00029835401801392436,0.16582827170764514,unchanged,0
2,-64.33284907221953,-14.997373668375412,2016-05-30,0.0,-0.010679508559405804,0.0,0.003192469011992216,0.16761785745620728,-0.017685290426015854,0.0008050770848058164,0.0,0.00029835401801392436,0.16706524391058436,unchanged,0
2,-64.33284907221953,-14.997373668375412,2016-06-05,0.0,-0.010679508559405804,0.0,0.003192469011992216,0.16761785745620728,-0.017685290426015854,0.0008050770848058164,0.0,0.00029835401801392436,0.16829935113316324,unchanged,0
2,-64.33284907221953,-14.997373668375412,2016-06-11,0.0,-0.010679508559405804,0.0,0.003192469011992216,0.16761785745620728,-0.017685290426015854,0.0008050770848058164,0.0,0.00029835401801392436,0.1695974258601698,unchanged,0
2,-64.33284907221953,-14.997373668375412,2016-06-17,0.2622475028038025,-0.010679508559405804,0.0,0.003192469011992216,0.16761785745620728,-0.017685290426015854,0.0008050770848058164,0.0,0.00029835401801392436,0.17102030840100266,unchanged,0
2,-64.33284907221953,-14.997373668375412,2016-06-23,0.0,-0.010679508559405804,0.0,0.003192469011992216,0.16761785745620728,-0.017685290426015854,0.0008050770848058164,0.0,0.00029835401801392436,0.17261484529673726,unchanged,0
2,-64.33284907221953,-14.997373668375412,2016-06-29,0.28122249245643616,-0.010679508559405804,0.0,0.003192469011992216,0.16761785745620728,-0.017685290426015854,0.0008050770848058164,0.0,0.00029835401801392436,0.1744072032642353,unchanged,0
2,-64.33284907221953,-14.997373668375412,2016-07-05,0.3060550093650818,-0.010679508559405804,0.0,0.003192469011992216,0.16761785745620728,-0.017685290426015854,0.0008050770848058164,0.0,0.00029835401801392436,0.1763984746848266,unchanged,0
2,-64.33284907221953,-14.997373668375412,2016-07-11,0.3018749952316284,-0.010679508559405804,0.0,0.003192469011992216,0.16761785745620728,-0.017685290426015854,0.0008050770848058164,0.0,0.00029835401801392436,0.17856235714762003,unchanged,0
2,-64.33284907221953,-14.997373668375412,2016-07-17,0.0,-0.010679508559405804,0.0,0.003192469011992216,0.16761785745620728,-0.017685290426015854,0.0008050770848058164,0.0,0.00029835401801392436,0.18084572677027713,unchanged,0
2,-64.33284907221953,-14.997373668375412,2016-07-23,0.37367749214172363,-0.010679508559405804,0.0,0.003192469011992216,0.16761785745620728,-0.017685290426015854,0.0008050770848058164,0.0,0.00029835401801392436,0.18317165383710815,unchanged,0
2,-64.33284907221953,-14.997373668375412,2016-07-29,0.0,-0.010679508559405804,0.0,0.003192469011992216,0.16761785745620728,-0.017685290426015854,0.0008050770848058164,0.0,0.00029835401801392436,0.18544517807699817,unchanged,0
2,-64.33284907221953,-14.997373668375412,2016-08-04,0.38052499294281006,-0.010679508559405804,0.0,0.003192469011992216,0.16761785745620728,-0.017685290426015854,0.0008050770848058164,0.0,0.00029835401801392436,0.18756064932613659,unchanged,0
2,-64.33284907221953,-14.997373668375412,2016-08-10,0.0,-0.010679508559405804,0.0,0.003192469011992216,0.16761785745620728,-0.017685290426015854,0.0008050770848058164,0.0,0.00029835401801392436,0.18941028420945444,unchanged,0
2,-64.33284907221953,-14.997373668375412,2016-08-16,0.0,-0.010679508559405804,0.0,0.003192469011992216,0.16761785745620728,-0.017685290426015854,0.0008050770848058164,0.0,0.00029835401801392436,0.19089347358092443,unchanged,0
2,-64.33284907221953,-14.997373668375412,2016-08-22,0.37447500228881836,-0.010679508559405804,0.0,0.003192469011992216,0.16761785745620728,-0.017685290426015854,0.0008050770848058164,0.0,0.00029835401801392436,0.19192532285989541,unchanged,0
2,-64.33284907221953,-14.997373668375412,2016-08-28,0.4130299985408783,-0.010679508559405804,0.0,0.003192469011992216,0.16761785745620728,-0.017685290426015854,0.0008050770848058164,0.0,0.00029835401801392436,0.1924439784978804,unchanged,0
2,-64.33284907221953,-14.997373668375412,2016-09-03,0.0,-0.010679508559405804,0.0,0.003192469011992216,0.16761785745620728,-0.017685290426015854,0.0008050770848058164,0.0,0.00029835401801392436,0.19241633717600945,unchanged,0
2,-64.33284907221953,-14.997373668375412,2016-09-09,0.0,-0.010679508559405804,0.0,0.003192469011992216,0.16761785745620728,-0.017685290426015854,0.0008050770848058164,0.0,0.00029835401801392436,0.19184095209452923,unchanged,0
2,-64.33284907221953,-14.997373668375412,2016-09-15,0.3885824978351593,-0.010679508559405804,0.0,0.003192469011992216,0.16761785745620728,-0.017685290426015854,0.0008050770848058164,0.0,0.00029835401801392436,0.19074842603218137,unchanged,0
2,-64.33284907221953,-14.997373668375412,2016-09-21,0.40832749009132385,-0.010679508559405804,0.0,0.003192469011992216,0.16761785745620728,-0.017685290426015854,0.0008050770848058164,0.0,0.00029835401801392436,0.189198796023855,unchanged,0
2,-64.33284907221953,-14.997373668375412,2016-09-27,0.0,-0.010679508559405804,0.0,0.003192469011992216,0.16761785745620728,-0.017685290426015854,0.0008050770848058164,0.0,0.00029835401801392436,0.1872767453255042,unchanged,0
2,-64.33284907221953,-14.997373668375412,2016-10-03,0.0,-0.010679508559405804,0.0,0.003192469011992216,0.16761785745620728,-0.017685290426015854,0.0008050770848058164,0.0,0.00029835401801392436,0.1850843848816035,unchanged,0
2,-64.33284907221953,-14.997373668375412,2016-10-09,0.0,-0.010679508559405804,0.0,0.003192469011992216,0.16761785745620728,-0.017685290426015854,0.0008050770848058164,0.0,0.00029835401801392436,0.18273258818738985,unchanged,0
2,-64.33284907221953,-14.997373668375412,2016-10-15,0.0,-0.010679508559405804,0.0,0.003192469011992216,0.16761785745620728,-0.017685290426015854,0.0008050770848058164,0.0,0.00029835401801392436,0.1803320103680357,unchanged,0
2,-64.33284907221953,-14.997373668375412,2016-10-21,0.0,-0.010679508559405804,0.0,0.003192469011992216,0.16761785745620728,-0.017685290426015854,0.0008050770848058164,0.0,0.00029835401801392436,0.1779839276394699,unchanged,0
2,-64.33284907221953,-14.997373668375412,2016-10-27,0.2669774889945984,-0.010679508559405804,0.0,0.003192469011992216,0.16761785745620728,-0.017685290426015854,0.0008050770848058164,0.0,0.00029835401801392436,0.17577231538642452,unchanged,0
2,-64.33284907221953,-14.997373668375412,2016-11-02,0.27096500992774963,-0.010679508559405804,0.0,0.003192469011992216,0.16761785745620728,-0.017685290426015854,0.0008050770848058164,0.0,0.00029835401801392436,0.17375745894450137,unchanged,0
2,-64.33284907221953,-14.997373668375412,2016-11-08,0.0,-0.010679508559405804,0.0,0.003192469011992216,0.16761785745620728,-0.017685290426015854,0.0008050770848058164,0.0,0.00029835401801392436,0.1719722296470744,unchanged,0
2,-64.33284907221953,-14.997373668375412,2016-11-14,0.0,-0.010679508559405804,0.0,0.003192469011992216,0.16761785745620728,-0.017685290426015854,0.0008050770848058164,0.0,0.00029835401801392436,0.17042070787906072,unchanged,0
2,-64.33284907221953,-14.997373668375412,2016-11-20,0.0,-0.010679508559405804,0.0,0.003192469011992216,0.16761785745620728,-0.017685290426015854,0.0008050770848058164,0.0,0.00029835401801392436,0.16907954552531188,unchanged,0
2,-64.33284907221953,-14.997373668375412,2016-11-26,0.0,-0.010679508559405804,0.0,0.003192469011992216,0.16761785745620728,-0.017685290426015854,0.0008050770848058164,0.0,0.00029835401801392436,0.1679022455396805,unchanged,0
2,-64.33284907221953,-14.997373668375412,2016-12-02,0.0,-0.010679508559405804,0.0,0.003192469011992216,0.16761785745620728,-0.017685290426015854,0.0008050770848058164,0.0,0.00029835401801392436,0.1668253019597222,unchanged,0
2,-64.33284907221953,-14.997373668375412,2016-12-08,0.0,-0.010679508559405804,0.0,0.003192469011992216,0.16761785745620728,-0.017685290426015854,0.0008050770848058164,0.0,0.00029835401801392436,0.16577590586648633,unchanged,0
2,-64.33284907221953,-14.997373668375412,2016-12-14,0.0,-0.010679508559405804,0.0,0.003192469011992216,0.16761785745620728,-0.017685290426015854,0.0008050770848058164,0.0,0.00029835401801392436,0.1646807979020429,unchanged,0
2,-64.33284907221953,-14.997373668375412,2016-12-20,0.0,-0.010679508559405804,0.0,0.003192469011992216,0.16761785745620728,-0.017685290426015854,0.0008050770848058164,0.0,0.00029835401801392436,0.16347473201460871,unchanged,0
2,-64.33284907221953,-14.997373668375412,2016-12-26,0.0,-0.010679508559405804,0.0,0.003192469011992216,0.16761785745620728,-0.017685290426015854,0.0008050770848058164,0.0,0.00029835401801392436,0.1621083191499411,unchanged,0
2,-64.33284907221953,-14.997373668375412,2017-01-01,0.0,-0.010679508559405804,0.0,0.003192469011992216,0.16761785745620728,-0.017685290426015854,0.0008050770848058164,0.0,0.00029835401801392436,0.1605540678720146,unchanged,0
2,-64.33284907221953,-14.997373668375412,2017-01-07,0.0,-0.010679508559405804,0.0,0.003192469011992216,0.16761785745620728,-0.017685290426015854,0.0008050770848058164,0.0,0.00029835401801392436,0.1588056059872176,unchanged,0
2,-64.33284907221953,-14.997373668375412,2017-01-13,0.0,-0.010679508559405804,0.0,0.003192469011992216,0.16761785745620728,-0.017685290426015854,0.0008050770848058164,0.0,0.00029835401801392436,0.15689315422972075,unchanged,0
2,-64.33284907221953,-14.997373668375412,2017-01-19,0.0,-0.010679508559405804,0.0,0.003192469011992216,0.16761785745620728,-0.017685290426015854,0.0008050770848058164,0.0,0.00029835401801392436,0.1548695396983758,unchanged,0
2,-64.33284907221953,-14.997373668375412,2017-01-25,0.0,-0.010679508559405804,0.0,0.003192469011992216,0.16761785745620728,-0.017685290426015854,0.0008050770848058164,0.0,0.00029835401801392436,0.15281003783334018,unchanged,0
2,-64.33284907221953,-14.997373668375412,2017-01-31,0.0,-0.010679508559405804,0.0,0.003192469011992216,0.16761785745620728,-0.017685290426015854,0.0008050770848058164,0.0,0.00029835401801392436,0.15080632756939397,unchanged,0
2,-64.33284907221953,-14.997373668375412,2017-02-06,0.0,-0.010679508559405804,0.0,0.003192469011992216,0.16761785745620728,-0.017685290426015854,0.0008050770848058164,0.0,0.00029835401801392436,0.1489587709879182,unchanged,0
2,-64.33284907221953,-14.997373668375412,2017-02-12,0.0,-0.010679508559405804,0.0,0.003192469011992216,0.16761785745620728,-0.017685290426015854,0.0008050770848058164,0.0,0.00029835401801392436,0.14736744817912067,unchanged,0
2,-64.33284907221953,-14.997373668375412,2017-02-18,0.0,-0.010679508559405804,0.0,0.003192469011992216,0.16761785745620728,-0.017685290426015854,0.0008050770848058164,0.0,0.00029835401801392436,0.14612342325323233,unchanged,0
2,-64.33284907221953,-14.997373668375412,2017-02-24,0.0,-0.010679508559405804,0.0,0.003192469011992216,0.16761785745620728,-0.017685290426015854,0.0008050770848058164,0.0,0.00029835401801392436,0.14530076826292646,unchanged,0
2,-64.33284907221953,-14.997373668375412,2017-03-02,0.0,-0.010679508559405804,0.0,0.003192469011992216,0.16761785745620728,-0.017685290426015854,0.0008050770848058164,0.0,0.00029835401801392436,0.14494976540404983,unchanged,0
2,-64.33284907221953,-14.997373668375412,2017-03-08,0.0,-0.010679508559405804,0.0,0.003192469011992216,0.16761785745620728,-0.017685290426015854,0.0008050770848058164,0.0,0.00029835401801392436,0.14509258053349666,unchanged,0
2,-64.33284907221953,-14.997373668375412,2017-03-14,0.0,-0.010679508559405804,0.0,0.003192469011992216,0.16761785745620728,-0.017685290426015854,0.0008050770848058164,0.0,0.00029835401801392436,0.14572149138926166,unchanged,0
2,-64.33284907221953,-14.997373668375412,2017-03-20,0.0,-0.010679508559405804,0.0,0.003192469011992216,0.16761785745620728,-0.017685290426015854,0.0008050770848058164,0.0,0.00029835401801392436,0.14679950609970804,unchanged,0
2,-64.33284907221953,-14.997373668375412,2017-03-26,0.0,-0.010679508559405804,0.0,0.003192469011992216,0.16761785745620728,-0.017685290426015854,0.0008050770848058164,0.0,0.00029835401801392436,0.14826395850681603,unchanged,0
2,-64.33284907221953,-14.997373668375412,2017-04-01,0.0,-0.010679508559405804,0.0,0.003192469011992216,0.16761785745620728,-0.017685290426015854,0.0008050770848058164,0.0,0.00029835401801392436,0.1500323935842719,unchanged,0
2,-64.33284907221953,-14.997373668375412,2017-04-07,0.0,-0.010679508559405804,0.0,0.003192469011992216,0.16761785745620728,-0.017685290426015854,0.0008050770848058164,0.0,0.00029835401801392436,0.15200987216478076,unchanged,0
2,-64.33284907221953,-14.997373668375412,2017-04-13,0.0,-0.010679508559405804,0.0,0.003192469011992216,0.16761785745620728,-0.017685290426015854,0.0008050770848058164,0.0,0.00029835401801392436,0.1540976155316172,unchanged,0
2,-64.33284907221953,-14.997373668375412,2017-04-19,0.0,-0.010679508559405804,0.0,0.003192469011992216,0.16761785745620728,-0.017685290426015854,0.0008050770848058164,0.0,0.00029835401801392436,0.15620184438614093,unchanged,0
2,-64.33284907221953,-14.997373668375412,2017-04-25,0.0,-0.010679508559405804,0.0,0.003192469011992216,0.16761785745620728,-0.017685290426015854,0.0008050770848058164,0.0,0.00029835401801392436,0.1582416591222095,unchanged,0
2,-64.33284907221953,-14.997373668375412,2017-05-01,0.0,-0.010679508559405804,0.0,0.003192469011992216,0.16761785745620728,-0.017685290426015854,0.0008050770848058164,0.0,0.00029835401801392436,0.16015582592051958,unchanged,0
2,-64.33284907221953,-14.997373668375412,2017-05-07,0.20708249509334564,-0.010679508559405804,0.0,0.003192469011992216,0.16761785745620728,-0.017685290426015854,0.0008050770848058164,0.0,0.00029835401801392436,0.16190752106037887,unchanged,0
2,-64.33284907221953,-14.997373668375412,2017-05-13,0.0,-0.010679508559405804,0.0,0.003192469011992216,0.16761785745620728,-0.017685290426015854,0.0008050770848058164,0.0,0.00029835401801392436,0.16348625669215217,unchanged,0
2,-64.33284907221953,-14.997373668375412,2017-05-19,0.0,-0.010679508559405804,0.0,0.003192469011992216,0.16761785745620728,-0.017685290426015854,0.0008050770848058164,0.0,0.00029835401801392436,0.16490744849433076,unchanged,0
2,-64.33284907221953,-14.997373668375412,2017-05-25,0.0,-0.010679508559405804,0.0,0.003192469011992216,0.16761785745620728,-0.017685290426015854,0.0008050770848058164,0.0,0.00029835401801392436,0.16620937347470258,unchanged,0
2,-64.33284907221953,-14.997373668375412,2017-05-31,0.0,-0.010679508559405804,0.0,0.003192469011992216,0.16761785745620728,-0.017685290426015854,0.0008050770848058164,0.0,0.00029835401801392436,0.16744747861453688,unchanged,0
2,-64.33284907221953,-14.997373668375412,2017-06-06,0.23136499524116516,-0.010679508559405804,0.0,0.003192469011992216,0.16761785745620728,-0.017685290426015854,0.0008050770848058164,0.0,0.00029835401801392436,0.16868726084910954,unchanged,0
2,-64.33284907221953,-14.997373668375412,2017-06-12,0.0,-0.010679508559405804,0.0,0.003192469011992216,0.16761785745620728,-0.017685290426015854,0.0008050770848058164,0.0,0.00029835401801392436,0.1699960880519642,unchanged,0
2,-64.33284907221953,-14.997373668375412,2017-06-18,0.0,-0.010679508559405804,0.0,0.003192469011992216,0.16761785745620728,-0.017685290426015854,0.0008050770848058164,0.0,0.00029835401801392436,0.17143445526052717,unchanged,0
2,-64.33284907221953,-14.997373668375412,2017-06-24,0.0,-0.010679508559405804,0.0,0.003192469011992216,0.16761785745620728,-0.017685290426015854,0.0008050770848058164,0.0,0.00029835401801392436,0.17304816474795687,unchanged,0
2,-64.33284907221953,-14.997373668375412,2017-06-30,0.0,-0.010679508559405804,0.0,0.003192469011992216,0.16761785745620728,-0.017685290426015854,0.0008050770848058164,0.0,0.00029835401801392436,0.17486189713411837,unchanged,0
2,-64.33284907221953,-14.997373668375412,2017-07-06,0.27432000637054443,-0.010679508559405804,0.0,0.003192469011992216,0.16761785745620728,-0.017685290426015854,0.0008050770848058164,0.0,0.00029835401801392436,0.17687449706834668,unchanged,0
2,-64.33284907221953,-14.997373668375412,2017-07-12,0.0,-0.010679508559405804,0.0,0.003192469011992216,0.16761785745620728,-0.017685290426015854,0.0008050770848058164,0.0,0.00029835401801392436,0.17905708888903177,unchanged,0
2,-64.33284907221953,-14.997373668375412,2017-07-18,0.2822675108909607,-0.010679508559405804,0.0,0.003192469011992216,0.16761785745620728,-0.017685290426015854,0.0008050770848058164,0.0,0.00029835401801392436,0.18135392449737037,unchanged,0
2,-64.33284907221953,-14.997373668375412,2017-07-24,0.29148000478744507,-0.010679508559405804,0.0,0.003192469011992216,0.16761785745620728,-0.017685290426015854,0.0008050770848058164,0.0,0.00029835401801392436,0.18368559437214865,unchanged,0
2,-64.33284907221953,-14.997373668375412,2017-07-30,0.29225000739097595,-0.010679508559405804,0.0,0.003192469011992216,0.16761785745620728,-0.017685290426015854,0.0008050770848058164,0.0,0.00029835401801392436,0.1859549593659169,unchanged,0
2,-64.33284907221953,-14.997373668375412,2017-08-05,0.0,-0.010679508559405804,0.0,0.003192469011992216,0.16761785745620728,-0.017685290426015854,0.0008050770848058164,0.0,0.00029835401801392436,0.1880549632265428,unchanged,0
2,-64.33284907221953,-14.997373668375412,2017-08-11,0.3097675144672394,-0.010679508559405804,0.0,0.003192469011992216,0.16761785745620728,-0.017685290426015854,0.0008050770848058164,0.0,0.00029835401801392436,0.1898772675719556,unchanged,0
2,-64.33284907221953,-14.997373668375412,2017-08-17,0.0,-0.010679508559405804,0.0,0.003192469011992216,0.16761785745620728,-0.017685290426015854,0.0008050770848058164,0.0,0.00029835401801392436,0.1913215724506765,unchanged,0
2,-64.33284907221953,-14.997373668375412,2017-08-23,0.3245899975299835,-0.010679508559405804,0.0,0.003192469011992216,0.16761785745620728,-0.017685290426015854,0.0008050770848058164,0.0,0.00029835401801392436,0.19230440654333955,unchanged,0
2,-64.33284907221953,-14.997373668375412,2017-08-29,0.0,-0.010679508559405804,0.0,0.003192469011992216,0.16761785745620728,-0.017685290426015854,0.0008050770848058164,0.0,0.00029835401801392436,0.19276627087095236,unchanged,0
2,-64.33284907221953,-14.997373668375412,2017-09-04,0.32299500703811646,-0.010679508559405804,0.0,0.003192469011992216,0.16761785745620728,-0.017685290426015854,0.0008050770848058164,0.0,0.00029835401801392436,0.19267707531985007,unchanged,0
2,-64.33284907221953,-14.997373668375412,2017-09-10,0.32167500257492065,-0.010679508559405804,0.0,0.003192469011992216,0.16761785745620728,-0.017685290426015854,0.0008050770848058164,0.0,0.00029835401801392436,0.1920390506256381,unchanged,0
2,-64.33284907221953,-14.997373668375412,2017-09-16,0.0,-0.010679508559405804,0.0,0.003192469011992216,0.16761785745620728,-0.017685290426015854,0.0008050770848058164,0.0,0.00029835401801392436,0.1908865407327723,unchanged,0
2,-64.33284907221953,-14.997373668375412,2017-09-22,0.0,-0.010679508559405804,0.0,0.003192469011992216,0.16761785745620728,-0.017685290426015854,0.0008050770848058164,0.0,0.00029835401801392436,0.189283295731625,unchanged,0
2,-64.33284907221953,-14.997373668375412,2017-09-28,0.0,-0.010679508559405804,0.0,0.003192469011992216,0.16761785745620728,-0.017685290426015854,0.0008050770848058164,0.0,0.00029835401801392436,0.18731723519905263,unchanged,0
2,-64.33284907221953,-14.997373668375412,2017-10-04,0.0,-0.010679508559405804,0.0,0.003192469011992216,0.16761785745620728,-0.017685290426015854,0.0008050770848058164,0.0,0.00029835401801392436,0.18509276567584837,unchanged,0
2,-64.33284907221953,-14.997373668375412,2017-10-10,0.31075748801231384,-0.010679508559405804,0.0,0.003192469011992216,0.16761785745620728,-0.017685290426015854,0.0008050770848058164,0.0,0.00029835401801392436,0.1827222868572324,unchanged,0
2,-64.33284907221953,-14.997373668375412,2017-10-16,0.0,-0.010679508559405804,0.0,0.003192469011992216,0.16761785745620728,-0.017685290426015854,0.0008050770848058164,0.0,0.00029835401801392436,0.18031657765088532,unchanged,0
2,-64.33284907221953,-14.997373668375412,2017-10-22,0.0,-0.010679508559405804,0.0,0.003192469011992216,0.16761785745620728,-0.017685290426015854,0.0008050770848058164,0.0,0.00029835401801392436,0.17797585682280825,unchanged,0
2,-64.33284907221953,-14.997373668375412,2017-10-28,0.1976500004529953,-0.010679508559405804,0.0,0.003192469011992216,0.16761785745620728,-0.017685290426015854,0.0008050770848058164,0.0,0.00029835401801392436,0.17578198210489307,unchanged,0
2,-64.33284907221953,-14.997373668375412,2017-11-03,0.0,-0.010679508559405804,0.0,0.003192469011992216,0.16761785745620728,-0.017685290426015854,0.0008050770848058164,0.0,0.00029835401801392436,0.17379218134596408,unchanged,0
2,-64.33284907221953,-14.997373668375412,2017-11-09,0.0,-0.010679508559405804,0.0,0.003192469011992216,0.16761785745620728,-0.017685290426015854,0.0008050770848058164,0.0,0.00029835401801392436,0.17203552266416516,unchanged,0
2,-64.33284907221953,-14.997373668375412,2017-11-15,0.0,-0.010679508559405804,0.0,0.003192469011992216,0.16761785745620728,-0.017685290426015854,0.0008050770848058164,0.0,0.00029835401801392436,0.17051211591926474,unchanged,0
2,-64.33284907221953,-14.997373668375412,2017-11-21,0.0,-0.010679508559405804,0.0,0.003192469011992216,0.16761785745620728,-0.017685290426015854,0.0008050770848058164,0.0,0.00029835401801392436,0.16919477865802446,unchanged,0
2,-64.33284907221953,-14.997373668375412,2017-11-27,0.0,-0.010679508559405804,0.0,0.003192469011992216,0.16761785745620728,-0.017685290426015854,0.0008050770848058164,0.0,0.00029835401801392436,0.16803361046240411,unchanged,0
2,-64.33284907221953,-14.997373668375412,2017-12-03,0.0,-0.010679508559405804,0.0,0.003192469011992216,0.16761785745620728,-0.017685290426015854,0.0008050770848058164,0.0,0.00029835401801392436,0.16696270790541873,unchanged,0
2,-64.33284907221953,-14.997373668375412,2017-12-09,0.0,-0.010679508559405804,0.0,0.003192469011992216,0.16761785745620728,-0.017685290426015854,0.0008050770848058164,0.0,0.00029835401801392436,0.16590805144758292,unchanged,0
2,-64.33284907221953,-14.997373668375412,2017-12-15,0.17531999945640564,-0.010679508559405804,0.0,0.003192469011992216,0.16761785745620728,-0.017685290426015854,0.0008050770848058164,0.0,0.00029835401801392436,0.16479640777003995,unchanged,0
2,-64.33284907221953,-14.997373668375412,2017-12-21,0.0,-0.010679508559405804,0.0,0.003192469011992216,0.16761785745620728,-0.017685290426015854,0.0008050770848058164,0.0,0.00029835401801392436,0.16356409916391668,unchanged,0
2,-64.33284907221953,-14.997373668375412,2017-12-27,0.0,-0.010679508559405804,0.0,0.003192469011992216,0.16761785745620728,-0.017685290426015854,0.0008050770848058164,0.0,0.00029835401801392436,0.1621644473016978,unchanged,0
2,-64.33284907221953,-14.997373668375412,2018-01-02,0.0,-0.010679508559405804,0.0,0.003192469011992216,0.16761785745620728,-0.017685290426015854,0.0008050770848058164,0.0,0.00029835401801392436,0.16057383832133668,unchanged,0
2,-64.33284907221953,-14.997373668375412,2018-01-07,0.0,-0.010679508559405804,0.0,0.003192469011992216,0.16761785745620728,-0.017685290426015854,0.0008050770848058164,0.0,0.00029835401801392436,0.15910396000523153,unchanged,0
2,-64.33284907221953,-14.997373668375412,2018-01-13,0.0,-0.010679508559405804,0.0,0.003192469011992216,0.16761785745620728,-0.017685290426015854,0.0008050770848058164,0.0,0.00029835401801392436,0.15719150824773467,unchanged,0
2,-64.33284907221953,-14.997373668375412,2018-01-19,0.0,-0.010679508559405804,0.0,0.003192469011992216,0.16761785745620728,-0.017685290426015854,0.0008050770848058164,0.0,0.00029835401801392436,0.15516789371638973,unchanged,0
2,-64.33284907221953,-14.997373668375412,2018-01-25,0.14823250472545624,-0.010679508559405804,0.0,0.003192469011992216,0.16761785745620728,-0.017685290426015854,0.0008050770848058164,0.0,0.00029835401801392436,0.1531083918513541,unchanged,0
2,-64.33284907221953,-14.997373668375412,2018-01-31,0.0,-0.010679508559405804,0.0,0.003192469011992216,0.16761785745620728,-0.017685290426015854,0.0008050770848058164,0.0,0.00029835401801392436,0.1511046815874079,unchanged,0
2,-64.33284907221953,-14.997373668375412,2018-02-06,0.0,-0.010679508559405804,0.0,0.003192469011992216,0.16761785745620728,-0.017685290426015854,0.0008050770848058164,0.0,0.00029835401801392436,0.14925712500593213,unchanged,0
2,-64.33284907221953,-14.997373668375412,2018-02-12,0.0,-0.010679508559405804,0.0,0.003192469011992216,0.16761785745620728,-0.017685290426015854,0.0008050770848058164,0.0,0.00029835401801392436,0.1476658021971346,unchanged,0
2,-64.33284907221953,-14.997373668375412,2018-02-18,0.0,-0.010679508559405804,0.0,0.003192469011992216,0.16761785745620728,-0.017685290426015854,0.0008050770848058164,0.0,0.00029835401801392436,0.14642177727124625,unchanged,0
2,-64.33284907221953,-14.997373668375412,2018-02-24,0.0,-0.010679508559405804,0.0,0.003192469011992216,0.16761785745620728,-0.017685290426015854,0.0008050770848058164,0.0,0.00029835401801392436,0.14559912228094038,unchanged,0
2,-64.33284907221953,-14.997373668375412,2018-03-02,0.0,-0.010679508559405804,0.0,0.003192469011992216,0.16761785745620728,-0.017685290426015854,0.0008050770848058164,0.0,0.00029835401801392436,0.14524811942206375,unchanged,0
2,-64.33284907221953,-14.997373668375412,2018-03-08,0.0,-0.010679508559405804,0.0,0.003192469011992216,0.16761785745620728,-0.017685290426015854,0.0008050770848058164,0.0,0.00029835401801392436,0.1453909345515106,unchanged,0
2,-64.33284907221953,-14.997373668375412,2018-03-14,0.0,-0.010679508559405804,0.0,0.003192469011992216,0.16761785745620728,-0.017685290426015854,0.0008050770848058164,0.0,0.00029835401801392436,0.14601984540727558,unchanged,0
2,-64.33284907221953,-14.997373668375412,2018-03-20,0.0,-0.010679508559405804,0.0,0.003192469011992216,0.16761785745620728,-0.017685290426015854,0.0008050770848058164,0.0,0.00029835401801392436,0.14709786011772197,unchanged,0
2,-64.33284907221953,-14.997373668375412,2018-03-26,0.0,-0.010679508559405804,0.0,0.003192469011992216,0.16761785745620728,-0.017685290426015854,0.0008050770848058164,0.0,0.00029835401801392436,0.14856231252482996,unchanged,0
2,-64.33284907221953,-14.997373668375412,2018-04-01,0.0,-0.010679508559405804,0.0,0.003192469011992216,0.16761785745620728,-0.017685290426015854,0.0008050770848058164,0.0,0.00029835401801392436,0.15033074760228582,unchanged,0
2,-64.33284907221953,-14.997373668375412,2018-04-07,0.0,-0.010679508559405804,0.0,0.003192469011992216,0.16761785745620728,-0.017685290426015854,0.0008050770848058164,0.0,0.00029835401801392436,0.1523082261827947,unchanged,0
2,-64.33284907221953,-14.997373668375412,2018-04-13,0.0,-0.010679508559405804,0.0,0.003192469011992216,0.16761785745620728,-0.017685290426015854,0.0008050770848058164,0.0,0.00029835401801392436,0.1543959695496311,unchanged,0
2,-64.33284907221953,-14.997373668375412,2018-04-19,0.0,-0.010679508559405804,0.0,0.003192469011992216,0.16761785745620728,-0.017685290426015854,0.0008050770848058164,0.0,0.00029835401801392436,0.15650019840415486,unchanged,0
2,-64.33284907221953,-14.997373668375412,2018-04-25,0.24341000616550446,-0.010679508559405804,0.0,0.003192469011992216,0.16761785745620728,-0.017685290426015854,0.0008050770848058164,0.0,0.00029835401801392436,0.15854001314022342,unchanged,0
2,-64.33284907221953,-14.997373668375412,2018-05-01,0.0,-0.010679508559405804,0.0,0.003192469011992216,0.16761785745620728,-0.017685290426015854,0.0008050770848058164,0.0,0.00029835401801392436,0.1604541799385335,unchanged,0
2,-64.33284907221953,-14.997373668375412,2018-05-07,0.0,-0.010679508559405804,0.0,0.003192469011992216,0.16761785745620728,-0.017685290426015854,0.0008050770848058164,0.0,0.00029835401801392436,0.1622058750783928,unchanged,0
2,-64.33284907221953,-14.997373668375412,2018-05-13,0.0,-0.010679508559405804,0.0,0.003192469011992216,0.16761785745620728,-0.017685290426015854,0.0008050770848058164,0.0,0.00029835401801392436,0.1637846107101661,unchanged,0
2,-64.33284907221953,-14.997373668375412,2018-05-19,0.24214500188827515,-0.010679508559405804,0.0,0.003192469011992216,0.16761785745620728,-0.017685290426015854,0.0008050770848058164,0.0,0.00029835401801392436,0.16520580251234468,unchanged,0
2,-64.33284907221953,-14.997373668375412,2018-05-25,0.21082249283790588,-0.010679508559405804,0.0,0.003192469011992216,0.16761785745620728,-0.017685290426015854,0.0008050770848058164,0.0,0.00029835401801392436,0.1665077274927165,unchanged,0
2,-64.33284907221953,-14.997373668375412,2018-05-31,0.23194250464439392,-0.010679508559405804,0.0,0.003192469011992216,0.16761785745620728,-0.017685290426015854,0.0008050770848058164,0.0,0.00029835401801392436,0.1677458326325508,unchanged,0
2,-64.33284907221953,-14.997373668375412,2018-06-06,0.0,-0.010679508559405804,0.0,0.003192469011992216,0.16761785745620728,-0.017685290426015854,0.0008050770848058164,0.0,0.00029835401801392436,0.16898561486712346,unchanged,0
2,-64.33284907221953,-14.997373668375412,2018-06-12,0.0,-0.010679508559405804,0.0,0.003192469011992216,0.16761785745620728,-0.017685290426015854,0.0008050770848058164,0.0,0.00029835401801392436,0.17029444206997812,unchanged,0
2,-64.33284907221953,-14.997373668375412,2018-06-18,0.0,-0.010679508559405804,0.0,0.003192469011992216,0.16761785745620728,-0.017685290426015854,0.0008050770848058164,0.0,0.00029835401801392436,0.1717328092785411,unchanged,0
2,-64.33284907221953,-14.997373668375412,2018-06-24,0.23986250162124634,-0.010679508559405804,0.0,0.003192469011992216,0.16761785745620728,-0.017685290426015854,0.0008050770848058164,0.0,0.00029835401801392436,0.1733465187659708,unchanged,0
2,-64.33284907221953,-14.997373668375412,2018-06-30,0.0,-0.010679508559405804,0.0,0.003192469011992216,0.16761785745620728,-0.017685290426015854,0.0008050770848058164,0.0,0.00029835401801392436,0.1751602511521323,unchanged,0
2,-64.33284907221953,-14.997373668375412,2018-07-06,0.0,-0.010679508559405804,0.0,0.003192469011992216,0.16761785745620728,-0.017685290426015854,0.0008050770848058164,0.0,0.00029835401801392436,0.1771728510863606,unchanged,0
2,-64.33284907221953,-14.997373668375412,2018-07-12,0.0,-0.010679508559405804,0.0,0.003192469011992216,0.16761785745620728,-0.017685290426015854,0.0008050770848058164,0.0,0.00029835401801392436,0.1793554429070457,unchanged,0
2,-64.33284907221953,-14.997373668375412,2018-07-18,0.0,-0.010679508559405804,0.0,0.003192469011992216,0.16761785745620728,-0.017685290426015854,0.0008050770848058164,0.0,0.00029835401801392436,0.1816522785153843,unchanged,0
2,-64.33284907221953,-14.997373668375412,2018-07-24,0.0,-0.010679508559405804,0.0,0.003192469011992216,0.16761785745620728,-0.017685290426015854,0.0008050770848058164,0.0,0.00029835401801392436,0.18398394839016258,unchanged,0
2,-64.33284907221953,-14.997373668375412,2018-07-30,0.278252512216568,-0.010679508559405804,0.0,0.003192469011992216,0.16761785745620728,-0.017685290426015854,0.0008050770848058164,0.0,0.00029835401801392436,0.18625331338393084,unchanged,0
2,-64.33284907221953,-14.997373668375412,2018-08-05,0.0,-0.010679508559405804,0.0,0.003192469011992216,0.16761785745620728,-0.017685290426015854,0.0008050770848058164,0.0,0.00029835401801392436,0.18835331724455673,unchanged,0
2,-64.33284907221953,-14.997373668375412,2018-08-11,0.0,-0.010679508559405804,0.0,0.003192469011992216,0.16761785745620728,-0.017685290426015854,0.0008050770848058164,0.0,0.00029835401801392436,0.19017562158996953,unchanged,0
2,-64.33284907221953,-14.997373668375412,2018-08-17,0.0,-0.010679508559405804,0.0,0.003192469011992216,0.16761785745620728,-0.017685290426015854,0.0008050770848058164,0.0,0.00029835401801392436,0.19161992646869042,unchanged,0
2,-64.33284907221953,-14.997373668375412,2018-08-23,0.2839449942111969,-0.010679508559405804,0.0,0.003192469011992216,0.16761785745620728,-0.017685290426015854,0.0008050770848058164,0.0,0.00029835401801392436,0.19260276056135348,unchanged,0
2,-64.33284907221953,-14.997373668375412,2018-08-29,0.28240498900413513,-0.010679508559405804,0.0,0.003192469011992216,0.16761785745620728,-0.017685290426015854,0.0008050770848058164,0.0,0.00029835401801392436,0.19306462488896628,unchanged,0
2,-64.33284907221953,-14.997373668375412,2018-09-04,0.0,-0.010679508559405804,0.0,0.003192469011992216,0.16761785745620728,-0.017685290426015854,0.0008050770848058164,0.0,0.00029835401801392436,0.192975429337864,unchanged,0
2,-64.33284907221953,-14.997373668375412,2018-09-10,0.0,-0.010679508559405804,0.0,0.003192469011992216,0.16761785745620728,-0.017685290426015854,0.0008050770848058164,0.0,0.00029835401801392436,0.19233740464365204,unchanged,0
2,-64.33284907221953,-14.997373668375412,2018-09-16,0.0,-0.010679508559405804,0.0,0.003192469011992216,0.16761785745620728,-0.017685290426015854,0.0008050770848058164,0.0,0.00029835401801392436,0.19118489475078623,unchanged,0
2,-64.33284907221953,-14.997373668375412,2018-09-22,0.0,-0.010679508559405804,0.0,0.003192469011992216,0.16761785745620728,-0.017685290426015854,0.0008050770848058164,0.0,0.00029835401801392436,0.18958164974963893,unchanged,0
2,-64.33284907221953,-14.997373668375412,2018-09-28,0.295137494802475,-0.010679508559405804,0.0,0.003192469011992216,0.16761785745620728,-0.017685290426015854,0.0008050770848058164,0.0,0.00029835401801392436,0.18761558921706656,unchanged,0
2,-64.33284907221953,-14.997373668375412,2018-10-04,0.0,-0.010679508559405804,0.0,0.003192469011992216,0.16761785745620728,-0.017685290426015854,0.0008050770848058164,0.0,0.00029835401801392436,0.1853911196938623,unchanged,0
2,-64.33284907221953,-14.997373668375412,2018-10-10,0.0,-0.010679508559405804,0.0,0.003192469011992216,0.16761785745620728,-0.017685290426015854,0.0008050770848058164,0.0,0.00029835401801392436,0.18302064087524633,unchanged,0
2,-64.33284907221953,-14.997373668375412,2018-10-16,0.0,-0.010679508559405804,0.0,0.003192469011992216,0.16761785745620728,-0.017685290426015854,0.0008050770848058164,0.0,0.00029835401801392436,0.18061493166889925,unchanged,0
2,-64.33284907221953,-14.997373668375412,2018-10-22,0.0,-0.010679508559405804,0.0,0.003192469011992216,0.16761785745620728,-0.017685290426015854,0.0008050770848058164,0.0,0.00029835401801392436,0.17827421084082218,unchanged,0
2,-64.33284907221953,-14.997373668375412,2018-10-28,0.0,-0.010679508559405804,0.0,0.003192469011992216,0.16761785745620728,-0.017685290426015854,0.0008050770848058164,0.0,0.00029835401801392436,0.176080336122907,unchanged,0
2,-64.33284907221953,-14.997373668375412,2018-11-03,0.0,-0.010679508559405804,0.0,0.003192469011992216,0.16761785745620728,-0.017685290426015854,0.0008050770848058164,0.0,0.00029835401801392436,0.174090535363978,unchanged,0
2,-64.33284907221953,-14.997373668375412,2018-11-09,0.0,-0.010679508559405804,0.0,0.003192469011992216,0.16761785745620728,-0.017685290426015854,0.0008050770848058164,0.0,0.00029835401801392436,0.1723338766821791,unchanged,0
2,-64.33284907221953,-14.997373668375412,2018-11-15,0.0,-0.010679508559405804,0.0,0.003192469011992216,0.16761785745620728,-0.017685290426015854,0.0008050770848058164,0.0,0.00029835401801392436,0.17081046993727866,unchanged,0
2,-64.33284907221953,-14.997373668375412,2018-11-21,0.0,-0.010679508559405804,0.0,0.003192469011992216,0.16761785745620728,-0.017685290426015854,0.0008050770848058164,0.0,0.00029835401801392436,0.16949313267603838,unchanged,0
2,-64.33284907221953,-14.997373668375412,2018-11-27,0.0,-0.010679508559405804,0.0,0.003192469011992216,0.16761785745620728,-0.017685290426015854,0.0008050770848058164,0.0,0.00029835401801392436,0.16833196448041804,unchanged,0
2,-64.33284907221953,-14.997373668375412,2018-12-03,0.0,-0.010679508559405804,0.0,0.003192469011992216,0.16761785745620728,-0.017685290426015854,0.0008050770848058164,0.0,0.00029835401801392436,0.16726106192343265,unchanged,0
2,-64.33284907221953,-14.997373668375412,2018-12-09,0.0,-0.010679508559405804,0.0,0.003192469011992216,0.16761785745620728,-0.017685290426015854,0.0008050770848058164,0.0,0.00029835401801392436,0.16620640546559684,unchanged,0
2,-64.33284907221953,-14.997373668375412,2018-12-15,0.0,-0.010679508559405804,0.0,0.003192469011992216,0.16761785745620728,-0.017685290426015854,0.0008050770848058164,0.0,0.00029835401801392436,0.16509476178805388,unchanged,0
2,-64.33284907221953,-14.997373668375412,2018-12-21,0.0,-0.010679508559405804,0.0,0.003192469011992216,0.16761785745620728,-0.017685290426015854,0.0008050770848058164,0.0,0.00029835401801392436,0.1638624531819306,unchanged,0
2,-64.33284907221953,-14.997373668375412,2018-12-27,0.0,-0.010679508559405804,0.0,0.003192469011992216,0.16761785745620728,-0.017685290426015854,0.0008050770848058164,0.0,0.00029835401801392436,0.16246280131971172,unchanged,0
2,-64.33284907221953,-14.997373668375412,2019-01-02,0.0,-0.010679508559405804,0.0,0.003192469011992216,0.16761785745620728,-0.017685290426015854,0.0008050770848058164,0.0,0.00029835401801392436,0.1608721923393506,unchanged,0
3,-64.32386591937833,-14.997373668375412,2016-01-07,0.0,0.0017996784299612045,-0.0064275823533535,0.0,0.13600891828536987,-0.006987076252698898,-0.012569268234074116,0.0,-0.0013767934869974852,0.11947696537375514,unchanged,0
3,-64.32386591937833,-14.997373668375412,2016-01-13,0.0,0.0017996784299612045,-0.0064275823533535,0.0,0.13600891828536987,-0.006987076252698898,-0.012569268234074116,0.0,-0.0013767934869974852,0.11665458958780103,unchanged,0
3,-64.32386591937833,-14.997373668375412,2016-01-19,0.0,0.0017996784299612045,-0.0064275823533535,0.0,0.13600891828536987,-0.006987076252698898,-0.012569268234074116,0.0,-0.0013767934869974852,0.1142907823215164,unchanged,0
3,-64.32386591937833,-14.997373668375412,2016-01-25,0.11517749726772308,0.0017996784299612045,-0.0064275823533535,0.0,0.13600891828536987,-0.006987076252698898,-0.012569268234074116,0.0,-0.0013767934869974852,0.11246084501671455,unchanged,0
3,-64.32386591937833,-14.997373668375412,2016-01-31,0.0,0.0017996784299612045,-0.0064275823533535,0.0,0.13600891828536987,-0.006987076252698898,-0.012569268234074116,0.0,-0.0013767934869974852,0.11121780929436625,unchanged,0
3,-64.32386591937833,-14.997373668375412,2016-02-06,0.0,0.0017996784299612045,-0.0064275823533535,0.0,0.13600891828536987,-0.006987076252698898,-0.012569268234074116,0.0,-0.0013767934869974852,0.11059010637474465,unchanged,0
3,-64.32386591937833,-14.997373668375412,2016-02-12,0.0,0.0017996784299612045,-0.0064275823533535,0.0,0.13600891828536987,-0.006987076252698898,-0.012569268234074116,0.0,-0.0013767934869974852,0.11058127092386805,unchanged,0
3,-64.32386591937833,-14.997373668375412,2016-02-18,0.0,0.0017996784299612045,-0.0064275823533535,0.0,0.13600891828536987,-0.006987076252698898,-0.012569268234074116,0.0,-0.0013767934869974852,0.11116903911822254,unchanged,0
3,-64.32386591937833,-14.997373668375412,2016-02-24,0.0,0.0017996784299612045,-0.0064275823533535,0.0,0.13600891828536987,-0.006987076252698898,-0.012569268234074116,0.0,-0.0013767934869974852,0.11230700871061261,unchanged,0
3,-64.32386591937833,-14.997373668375412,2016-03-01,0.0,0.0017996784299612045,-0.0064275823533535,0.0,0.13600891828536987,-0.006987076252698898,-0.012569268234074116,0.0,-0.0013767934869974852,0.11392732381450094,unchanged,0
3,-64.32386591937833,-14.997373668375412,2016-03-07,0.0,0.0017996784299612045,-0.0064275823533535,0.0,0.13600891828536987,-0.006987076252698898,-0.012569268234074116,0.0,-0.0013767934869974852,0.11594274591708925,unchanged,0
3,-64.32386591937833,-14.997373668375412,2016-03-13,0.11154749989509583,0.0017996784299612045,-0.0064275823533535,0.0,0.13600891828536987,-0.006987076252698898,-0.012569268234074116,0.0,-0.0013767934869974852,0.11825102786115171,unchanged,0
3,-64.32386591937833,-14.997373668375412,2016-03-19,0.0,0.0017996784299612045,-0.0064275823533535,0.0,0.13600891828536987,-0.006987076252698898,-0.012569268234074116,0.0,-0.0013767934869974852,0.12073990627955108,unchanged,0
3,-64.32386591937833,-14.997373668375412,2016-03-25,0.0,0.0017996784299612045,-0.0064275823533535,0.0,0.13600891828536987,-0.006987076252698898,-0.012569268234074116,0.0,-0.0013767934869974852,0.12329100053253425,unchanged,0
3,-64.32386591937833,-14.997373668375412,2016-03-31,0.0,0.0017996784299612045,-0.0064275823533535,0.0,0.13600891828536987,-0.006987076252698898,-0.012569268234074116,0.0,-0.0013767934869974852,0.12578561328660387,unchanged,0
3,-64.32386591937833,-14.997373668375412,2016-04-06,0.12433499842882156,0.0017996784299612045,-0.0064275823533535,0.0,0.13600891828536987,-0.006987076252698898,-0.012569268234074116,0.0,-0.0013767934869974852,0.12810951659296474,unchanged,0
3,-64.32386591937833,-14.997373668375412,2016-04-12,0.0,0.0017996784299612045,-0.0064275823533535,0.0,0.13600891828536987,-0.006987076252698898,-0.012569268234074116,0.0,-0.0013767934869974852,0.13015852919705384,unchanged,0
3,-64.32386591937833,-14.997373668375412,2016-04-18,0.0,0.0017996784299612045,-0.0064275823533535,0.0,0.13600891828536987,-0.006987076252698898,-0.012569268234074116,0.0,-0.0013767934869974852,0.13184198572994477,unchanged,0
3,-64.32386591937833,-14.997373668375412,2016-04-24,0.0,0.0017996784299612045,-0.0064275823533535,0.0,0.13600891828536987,-0.006987076252698898,-0.012569268234074116,0.0,-0.0013767934869974852,0.13308709568752686,unchanged,0
3,-64.32386591937833,-14.997373668375412,2016-04-30,0.0,0.0017996784299612045,-0.0064275823533535,0.0,0.13600891828536987,-0.006987076252698898,-0.012569268234074116,0.0,-0.0013767934869974852,0.13384252452248552,unchanged,0
3,-64.32386591937833,-14.997373668375412,2016-05-06,0.0,0.0017996784299612045,-0.0064275823533535,0.0,0.13600891828536987,-0.006987076252698898,-0.012569268234074116,0.0,-0.0013767934869974852,0.13407955268504118,unchanged,0
3,-64.32386591937833,-14.997373668375412,2016-05-12,0.0,0.0017996784299612045,-0.0064275823533535,0.0,0.13600891828536987,-0.006987076252698898,-0.012569268234074116,0.0,-0.0013767934869974852,0.13379390530429086,unchanged,0
3,-64.32386591937833,-14.997373668375412,2016-05-18,0.0,0.0017996784299612045,-0.0064275823533535,0.0,0.13600891828536987,-0.006987076252698898,-0.012569268234074116,0.0,-0.0013767934869974852,0.13300552664168935,unchanged,0
3,-64.32386591937833,-14.997373668375412,2016-05-24,0.0,0.0017996784299612045,-0.0064275823533535,0.0,0.13600891828536987,-0.006987076252698898,-0.012569268234074116,0.0,-0.0013767934869974852,0.13175830950033007,unchanged,0
3,-64.32386591937833,-14.997373668375412,2016-05-30,0.0,0.0017996784299612045,-0.0064275823533535,0.0,0.13600891828536987,-0.006987076252698898,-0.012569268234074116,0.0,-0.0013767934869974852,0.13011712102383488,unchanged,0
3,-64.32386591937833,-14.997373668375412,2016-06-05,0.0,0.0017996784299612045,-0.0064275823533535,0.0,0.13600891828536987,-0.006987076252698898,-0.012569268234074116,0.0,-0.0013767934869974852,0.1281654243723397,unchanged,0
3,-64.32386591937833,-14.997373668375412,2016-06-11,0.0,0.0017996784299612045,-0.0064275823533535,0.0,0.13600891828536987,-0.006987076252698898,-0.012569268234074116,0.0,-0.0013767934869974852,0.1260020754419507,unchanged,0
3,-64.32386591937833,-14.997373668375412,2016-06-17,0.11569999903440475,0.0017996784299612045,-0.0064275823533535,0.0,0.13600891828536987,-0.006987076252698898,-0.012569268234074116,0.0,-0.0013767934869974852,0.12373597646330567,unchanged,0
3,-64.32386591937833,-14.997373668375412,2016-06-23,0.0,0.0017996784299612045,-0.0064275823533535,0.0,0.13600891828536987,-0.006987076252698898,-0.012569268234074116,0.0,-0.0013767934869974852,0.12148176659633225,unchanged,0
3,-64.32386591937833,-14.997373668375412,2016-06-29,0.11817499995231628,0.0017996784299612045,-0.0064275823533535,0.0,0.13600891828536987,-0.006987076252698898,-0.012569268234074116,0.0,-0.0013767934869974852,0.11935526431584101,unchanged,0
3,-64.32386591937833,-14.997373668375412,2016-07-05,0.1153699979186058,0.0017996784299612045,-0.0064275823533535,0.0,0.13600891828536987,-0.006987076252698898,-0.012569268234074116,0.0,-0.0013767934869974852,0.11746734603712125,unchanged,0
3,-64.32386591937833,-14.997373668375412,2016-07-11,0.12562750279903412,0.0017996784299612045,-0.0064275823533535,0.0,0.13600891828536987,-0.006987076252698898,-0.012569268234074116,0.0,-0.0013767934869974852,0.11591969319663609,unchanged,0
3,-64.32386591937833,-14.997373668375412,2016-07-17,0.0,0.0017996784299612045,-0.0064275823533535,0.0,0.13600891828536987,-0.006987076252698898,-0.012569268234074116,0.0,-0.0013767934869974852,0.11479991170583739,unchanged,0
3,-64.32386591937833,-14.997373668375412,2016-07-23,0.13321749866008759,0.0017996784299612045,-0.0064275823533535,0.0,0.13600891828536987,-0.006987076252698898,-0.012569268234074116,0.0,-0.0013767934869974852,0.11417824668516702,unchanged,0
3,-64.32386591937833,-14.997373668375412,2016-07-29,0.0,0.0017996784299612045,-0.0064275823533535,0.0,0.13600891828536987,-0.006987076252698898,-0.012569268234074116,0.0,-0.0013767934869974852,0.11410336948637545,unchanged,0
3,-64.32386591937833,-14.997373668375412,2016-08-04,0.16338500380516052,0.0017996784299612045,-0.0064275823533535,0.0,0.13600891828536987,-0.006987076252698898,-0.012569268234074116,0.0,-0.0013767934869974852,0.11460056591542755,unchanged,0
3,-64.32386591937833,-14.997373668375412,2016-08-10,0.0,0.0017996784299612045,-0.0064275823533535,0.0,0.13600891828536987,-0.006987076252698898,-0.012569268234074116,0.0,-0.0013767934869974852,0.11567091569830701,unchanged,0
3,-64.32386591937833,-14.997373668375412,2016-08-16,0.0,0.0017996784299612045,-0.0064275823533535,0.0,0.13600891828536987,-0.006987076252698898,-0.012569268234074116,0.0,-0.0013767934869974852,0.11729001817802892,unchanged,0
3,-64.32386591937833,-14.997373668375412,2016-08-22,0.21882499754428864,0.0017996784299612045,-0.0064275823533535,0.0,0.13600891828536987,-0.006987076252698898,-0.012569268234074116,0.0,-0.0013767934869974852,0.11940928073776341,unchanged,0
3,-64.32386591937833,-14.997373668375412,2016-08-28,0.25297999382019043,0.0017996784299612045,-0.0064275823533535,0.0,0.13600891828536987,-0.006987076252698898,-0.012569268234074116,0.0,-0.0013767934869974852,0.12195825356850148,unchanged,0
3,-64.32386591937833,-14.997373668375412,2016-09-03,0.0,0.0017996784299612045,-0.0064275823533535,0.0,0.13600891828536987,-0.006987076252698898,-0.012569268234074116,0.0,-0.0013767934869974852,0.12484640259531138,unchanged,0
3,-64.32386591937833,-14.997373668375412,2016-09-09,0.0,0.0017996784299612045,-0.0064275823533535,0.0,0.13600891828536987,-0.006987076252698898,-0.012569268234074116,0.0,-0.0013767934869974852,0.12796740640450144,unchanged,0
3,-64.32386591937833,-14.997373668375412,2016-09-15,0.25234749913215637,0.0017996784299612045,-0.0064275823533535,0.0,0.13600891828536987,-0.006987076252698898,-0.012569268234074116,0.0,-0.0013767934869974852,0.13120314543223344,unchanged,0
3,-64.32386591937833,-14.997373668375412,2016-09-21,0.25509750843048096,0.0017996784299612045,-0.0064275823533535,0.0,0.13600891828536987,-0.006987076252698898,-0.012569268234074116,0.0,-0.0013767934869974852,0.13442919485612193,unchanged,0
3,-64.32386591937833,-14.997373668375412,2016-09-27,0.0,0.0017996784299612045,-0.0064275823533535,0.0,0.13600891828536987,-0.006987076252698898,-0.012569268234074116,0.0,-0.0013767934869974852,0.137518959781496,unchanged,0
3,-64.32386591937833,-14.997373668375412,2016-10-03,0.0,0.0017996784299612045,-0.0064275823533535,0.0,0.13600891828536987,-0.006987076252698898,-0.012569268234074116,0.0,-0.0013767934869974852,0.14034940841454036,unchanged,0
3,-64.32386591937833,-14.997373668375412,2016-10-09,0.0,0.0017996784299612045,-0.0064275823533535,0.0,0.13600891828536987,-0.006987076252698898,-0.012569268234074116,0.0,-0.0013767934869974852,0.14280667744169986,unchanged,0
3,-64.32386591937833,-14.997373668375412,2016-10-15,0.0,0.0017996784299612045,-0.0064275823533535,0.0,0.13600891828536987,-0.006987076252698898,-0.012569268234074116,0.0,-0.0013767934869974852,0.14478982642143232,unchanged,0
3,-64.32386591937833,-14.997373668375412,2016-10-21,0.0,0.0017996784299612045,-0.0064275823533535,0.0,0.13600891828536987,-0.006987076252698898,-0.012569268234074116,0.0,-0.0013767934869974852,0.14621572819271222,unchanged,0
3,-64.32386591937833,-14.997373668375412,2016-10-27,0.24503250420093536,0.0017996784299612045,-0.0064275823533535,0.0,0.13600891828536987,-0.006987076252698898,-0.012569268234074116,0.0,-0.0013767934869974852,0.1470222298164517,unchanged,0
3,-64.32386591937833,-14.997373668375412,2016-11-02,0.0,0.0017996784299612045,-0.0064275823533535,0.0,0.13600891828536987,-0.006987076252698898,-0.012569268234074116,0.0,-0.0013767934869974852,0.14717145354487265,unchanged,0
3,-64.32386591937833,-14.997373668375412,2016-11-08,0.0,0.0017996784299612045,-0.0064275823533535,0.0,0.13600891828536987,-0.006987076252698898,-0.012569268234074116,0.0,-0.0013767934869974852,0.14665043652476917,unchanged,0
3,-64.32386591937833,-14.997373668375412,2016-11-14,0.0,0.0017996784299612045,-0.0064275823533535,0.0,0.13600891828536987,-0.006987076252698898,-0.012569268234074116,0.0,-0.0013767934869974852,0.14547223718946836,unchanged,0
3,-64.32386591937833,-14.997373668375412,2016-11-20,0.0,0.0017996784299612045,-0.0064275823533535,0.0,0.13600891828536987,-0.006987076252698898,-0.012569268234074116,0.0,-0.0013767934869974852,0.14367596476419986,unchanged,0
3,-64.32386591937833,-14.997373668375412,2016-11-26,0.0,0.0017996784299612045,-0.0064275823533535,0.0,0.13600891828536987,-0.006987076252698898,-0.012569268234074116,0.0,-0.0013767934869974852,0.1413242307309498,unchanged,0
3,-64.32386591937833,-14.997373668375412,2016-12-02,0.0,0.0017996784299612045,-0.0064275823533535,0.0,0.13600891828536987,-0.006987076252698898,-0.012569268234074116,0.0,-0.0013767934869974852,0.13850113731927532,unchanged,0
3,-64.32386591937833,-14.997373668375412,2016-12-08,0.0,0.0017996784299612045,-0.0064275823533535,0.0,0.13600891828536987,-0.006987076252698898,-0.012569268234074116,0.0,-0.0013767934869974852,0.13530936138107524,unchanged,0
3,-64.32386591937833,-14.997373668375412,2016-12-14,0.0,0.0017996784299612045,-0.0064275823533535,0.0,0.13600891828536987,-0.006987076252698898,-0.012569268234074116,0.0,-0.0013767934869974852,0.1318649950992375,unchanged,0
3,-64.32386591937833,-14.997373668375412,2016-12-20,0.0,0.0017996784299612045,-0.0064275823533535,0.0,0.13600891828536987,-0.006987076252698898,-0.012569268234074116,0.0,-0.0013767934869974852,0.1282934820629902,unchanged,0
3,-64.32386591937833,-14.997373668375412,2016-12-26,0.0,0.0017996784299612045,-0.0064275823533535,0.0,0.13600891828536987,-0.006987076252698898,-0.012569268234074116,0.0,-0.0013767934869974852,0.12472418945809897,unchanged,0
3,-64.32386591937833,-14.997373668375412,2017-01-01,0.0,0.0017996784299612045,-0.0064275823533535,0.0,0.13600891828536987,-0.006987076252698898,-0.012569268234074116,0.0,-0.0013767934869974852,0.12128581223081188,unchanged,0
3,-64.32386591937833,-14.997373668375412,2017-01-07,0.0,0.0017996784299612045,-0.0064275823533535,0.0,0.13600891828536987,-0.006987076252698898,-0.012569268234074116,0.0,-0.0013767934869974852,0.11809178940443818,unchanged,0
3,-64.32386591937833,-14.997373668375412,2017-01-13,0.0,0.0017996784299612045,-0.0064275823533535,0.0,0.13600891828536987,-0.006987076252698898,-0.012569268234074116,0.0,-0.0013767934869974852,0.11526363995474473,unchanged,0
3,-64.32386591937833,-14.997373668375412,2017-01-19,0.0,0.0017996784299612045,-0.0064275823533535,0.0,0.13600891828536987,-0.006987076252698898,-0.012569268234074116,0.0,-0.0013767934869974852,0.11289670030436949,unchanged,0
3,-64.32386591937833,-14.997373668375412,2017-01-25,0.0,0.0017996784299612045,-0.0064275823533535,0.0,0.13600891828536987,-0.006987076252698898,-0.012569268234074116,0.0,-0.0013767934869974852,0.11106708426475043,unchanged,0
3,-64.32386591937833,-14.997373668375412,2017-01-31,0.0,0.0017996784299612045,-0.0064275823533535,0.0,0.13600891828536987,-0.006987076252698898,-0.012569268234074116,0.0,-0.0013767934869974852,0.10982819813854261,unchanged,0
3,-64.32386591937833,-14.997373668375412,2017-02-06,0.0,0.0017996784299612045,-0.0064275823533535,0.0,0.13600891828536987,-0.006987076252698898,-0.012569268234074116,0.0,-0.0013767934869974852,0.10920822654862433,unchanged,0
3,-64.32386591937833,-14.997373668375412,2017-02-12,0.0,0.0017996784299612045,-0.0064275823533535,0.0,0.13600891828536987,-0.006987076252698898,-0.012569268234074116,0.0,-0.0013767934869974852,0.10921017748729811,unchanged,0
3,-64.32386591937833,-14.997373668375412,2017-02-18,0.0,0.0017996784299612045,-0.0064275823533535,0.0,0.13600891828536987,-0.006987076252698898,-0.012569268234074116,0.0,-0.0013767934869974852,0.10981149195777595,unchanged,0
3,-64.32386591937833,-14.997373668375412,2017-02-24,0.0,0.0017996784299612045,-0.0064275823533535,0.0,0.13600891828536987,-0.006987076252698898,-0.012569268234074116,0.0,-0.0013767934869974852,0.11096474349196528,unchanged,0
3,-64.32386591937833,-14.997373668375412,2017-03-02,0.0,0.0017996784299612045,-0.0064275823533535,0.0,0.13600891828536987,-0.006987076252698898,-0.012569268234074116,0.0,-0.0013767934869974852,0.11260086395971552,unchanged,0
3,-64.32386591937833,-14.997373668375412,2017-03-08,0.0,0.0017996784299612045,-0.0064275823533535,0.0,0.13600891828536987,-0.006987076252698898,-0.012569268234074116,0.0,-0.0013767934869974852,0.11463178992591322,unchanged,0
3,-64.32386591937833,-14.997373668375412,2017-03-14,0.0,0.0017996784299612045,-0.0064275823533535,0.0,0.13600891828536987,-0.006987076252698898,-0.012569268234074116,0.0,-0.0013767934869974852,0.11695389727705563,unchanged,0
3,-64.32386591937833,-14.997373668375412,2017-03-20,0.0,0.0017996784299612045,-0.0064275823533535,0.0,0.13600891828536987,-0.006987076252698898,-0.012569268234074116,0.0,-0.0013767934869974852,0.11945357527724096,unchanged,0
3,-64.32386591937833,-14.997373668375412,2017-03-26,0.0,0.0017996784299612045,-0.0064275823533535,0.0,0.13600891828536987,-0.006987076252698898,-0.012569268234074116,0.0,-0.0013767934869974852,0.12201170535854225,unchanged,0
3,-64.32386591937833,-14.997373668375412,2017-04-01,0.0,0.0017996784299612045,-0.0064275823533535,0.0,0.13600891828536987,-0.006987076252698898,-0.012569268234074116,0.0,-0.0013767934869974852,0.12450836002803584,unchanged,0
3,-64.32386591937833,-14.997373668375412,2017-04-07,0.0,0.0017996784299612045,-0.0064275823533535,0.0,0.13600891828536987,-0.006987076252698898,-0.012569268234074116,0.0,-0.0013767934869974852,0.12682900173078956,unchanged,0
3,-64.32386591937833,-14.997373668375412,2017-04-13,0.0,0.0017996784299612045,-0.0064275823533535,0.0,0.13600891828536987,-0.006987076252698898,-0.012569268234074116,0.0,-0.0013767934869974852,0.1288689362490336,unchanged,0
3,-64.32386591937833,-14.997373668375412,2017-04-19,0.0,0.0017996784299612045,-0.0064275823533535,0.0,0.13600891828536987,-0.006987076252698898,-0.012569268234074116,0.0,-0.0013767934869974852,0.13053732106198535,unchanged,0
3,-64.32386591937833,-14.997373668375412,2017-04-25,0.0,0.0017996784299612045,-0.0064275823533535,0.0,0.13600891828536987,-0.006987076252698898,-0.012569268234074116,0.0,-0.0013767934869974852,0.13176205500477856,unchanged,0
3,-64.32386591937833,-14.997373668375412,2017-05-01,0.0,0.0017996784299612045,-0.0064275823533535,0.0,0.13600891828536987,-0.006987076252698898,-0.012569268234074116,0.0,-0.0013767934869974852,0.13249234853918573,unchanged,0
3,-64.32386591937833,-14.997373668375412,2017-05-07,0.14039500057697296,0.0017996784299612045,-0.0064275823533535,0.0,0.13600891828536987,-0.006987076252698898,-0.012569268234074116,0.0,-0.0013767934869974852,0.13270036673091756,unchanged,0
3,-64.32386591937833,-14.997373668375412,2017-05-13,0.0,0.0017996784299612045,-0.0064275823533535,0.0,0.13600891828536987,-0.006987076252698898,-0.012569268234074116,0.0,-0.0013767934869974852,0.1323833555586057,unchanged,0
3,-64.32386591937833,-14.997373668375412,2017-05-19,0.0,0.0017996784299612045,-0.0064275823533535,0.0,0.13600891828536987,-0.006987076252698898,-0.012569268234074116,0.0,-0.0013767934869974852,0.13156318960739305,unchanged,0
3,-64.32386591937833,-14.997373668375412,2017-05-25,0.0,0.0017996784299612045,-0.0064275823533535,0.0,0.13600891828536987,-0.006987076252698898,-0.012569268234074116,0.0,-0.0013767934869974852,0.13028484902947618,unchanged,0
3,-64.32386591937833,-14.997373668375412,2017-05-31,0.14435499906539917,0.0017996784299612045,-0.0064275823533535,0.0,0.13600891828536987,-0.006987076252698898,-0.012569268234074116,0.0,-0.0013767934869974852,0.12861537633622205,unchanged,0
3,-64.32386591937833,-14.997373668375412,2017-06-06,0.1551624983549118,0.0017996784299612045,-0.0064275823533535,0.0,0.13600891828536987,-0.006987076252698898,-0.012569268234074116,0.0,-0.0013767934869974852,0.1266403884990217,unchanged,0
3,-64.32386591937833,-14.997373668375412,2017-06-12,0.0,0.0017996784299612045,-0.0064275823533535,0.0,0.13600891828536987,-0.006987076252698898,-0.012569268234074116,0.0,-0.0013767934869974852,0.12445977072056214,unchanged,0
3,-64.32386591937833,-14.997373668375412,2017-06-18,0.0,0.0017996784299612045,-0.0064275823533535,0.0,0.13600891828536987,-0.006987076252698898,-0.012569268234074116,0.0,-0.0013767934869974852,0.1221842451115856,unchanged,0
3,-64.32386591937833,-14.997373668375412,2017-06-24,0.0,0.0017996784299612045,-0.0064275823533535,0.0,0.13600891828536987,-0.006987076252698898,-0.012569268234074116,0.0,-0.0013767934869974852,0.11992996050693228,unchanged,0
3,-64.32386591937833,-14.997373668375412,2017-06-30,0.0,0.0017996784299612045,-0.0064275823533535,0.0,0.13600891828536987,-0.006987076252698898,-0.012569268234074116,0.0,-0.0013767934869974852,0.11781284527153658,unchanged,0
3,-64.32386591937833,-14.997373668375412,2017-07-06,0.12067750096321106,0.0017996784299612045,-0.0064275823533535,0.0,0.13600891828536987,-0.006987076252698898,-0.012569268234074116,0.0,-0.0013767934869974852,0.11594444260166939,unchanged,0
3,-64.32386591937833,-14.997373668375412,2017-07-12,0.0,0.0017996784299612045,-0.0064275823533535,0.0,0.13600891828536987,-0.006987076252698898,-0.012569268234074116,0.0,-0.0013767934869974852,0.11442643322404342,unchanged,0
3,-64.32386591937833,-14.997373668375412,2017-07-18,0.11484750360250473,0.0017996784299612045,-0.0064275823533535,0.0,0.13600891828536987,-0.006987076252698898,-0.012569268234074116,0.0,-0.0013767934869974852,0.11334556905662996,unchanged,0
3,-64.32386591937833,-14.997373668375412,2017-07-24,0.1153699979186058,0.0017996784299612045,-0.0064275823533535,0.0,0.13600891828536987,-0.006987076252698898,-0.012569268234074116,0.0,-0.0013767934869974852,0.11277072824283318,unchanged,0
3,-64.32386591937833,-14.997373668375412,2017-07-30,0.1301649957895279,0.0017996784299612045,-0.0064275823533535,0.0,0.13600891828536987,-0.006987076252698898,-0.012569268234074116,0.0,-0.0013767934869974852,0.11274923747887367,unchanged,0
3,-64.32386591937833,-14.997373668375412,2017-08-05,0.0,0.0017996784299612045,-0.0064275823533535,0.0,0.13600891828536987,-0.006987076252698898,-0.012569268234074116,0.0,-0.0013767934869974852,0.11330410946382147,unchanged,0
3,-64.32386591937833,-14.997373668375412,2017-08-11,0.12444499880075455,0.0017996784299612045,-0.0064275823533535,0.0,0.13600891828536987,-0.006987076252698898,-0.012569268234074116,0.0,-0.0013767934869974852,0.11443380901892836,unchanged,0
3,-64.32386591937833,-14.997373668375412,2017-08-17,0.0,0.0017996784299612045,-0.0064275823533535,0.0,0.13600891828536987,-0.006987076252698898,-0.012569268234074116,0.0,-0.0013767934869974852,0.11611157744000664,unchanged,0
3,-64.32386591937833,-14.997373668375412,2017-08-23,0.14699499309062958,0.0017996784299612045,-0.0064275823533535,0.0,0.13600891828536987,-0.006987076252698898,-0.012569268234074116,0.0,-0.0013767934869974852,0.11828583961240813,unchanged,0
3,-64.32386591937833,-14.997373668375412,2017-08-29,0.0,0.0017996784299612045,-0.0064275823533535,0.0,0.13600891828536987,-0.006987076252698898,-0.012569268234074116,0.0,-0.0013767934869974852,0.1208831649491236,unchanged,0
3,-64.32386591937833,-14.997373668375412,2017-09-04,0.1836249977350235,0.0017996784299612045,-0.0064275823533535,0.0,0.13600891828536987,-0.006987076252698898,-0.012569268234074116,0.0,-0.0013767934869974852,0.12381068300119202,unchanged,0
3,-64.32386591937833,-14.997373668375412,2017-09-10,0.19481749832630157,0.0017996784299612045,-0.0064275823533535,0.0,0.13600891828536987,-0.006987076252698898,-0.012569268234074116,0.0,-0.0013767934869974852,0.12695933492746164,unchanged,0
3,-64.32386591937833,-14.997373668375412,2017-09-16,0.0,0.0017996784299612045,-0.0064275823533535,0.0,0.13600891828536987,-0.006987076252698898,-0.012569268234074116,0.0,-0.0013767934869974852,0.1302093365349199,unchanged,0
3,-64.32386591937833,-14.997373668375412,2017-09-22,0.0,0.0017996784299612045,-0.0064275823533535,0.0,0.13600891828536987,-0.006987076252698898,-0.012569268234074116,0.0,-0.0013767934869974852,0.1334346023704685,unchanged,0
3,-64.32386591937833,-14.997373668375412,2017-09-28,0.0,0.0017996784299612045,-0.0064275823533535,0.0,0.13600891828536987,-0.006987076252698898,-0.012569268234074116,0.0,-0.0013767934869974852,0.13650748488201261,unchanged,0
3,-64.32386591937833,-14.997373668375412,2017-10-04,0.2527875006198883,0.0017996784299612045,-0.0064275823533535,0.0,0.13600891828536987,-0.006987076252698898,-0.012569268234074116,0.0,-0.0013767934869974852,0.13930523982954027,unchanged,0
3,-64.32386591937833,-14.997373668375412,2017-10-10,0.23868000507354736,0.0017996784299612045,-0.0064275823533535,0.0,0.13600891828536987,-0.006987076252698898,-0.012569268234074116,0.0,-0.0013767934869974852,0.1417138304701138,unchanged,0
3,-64.32386591937833,-14.997373668375412,2017-10-16,0.0,0.0017996784299612045,-0.0064275823533535,0.0,0.13600891828536987,-0.006987076252698898,-0.012569268234074116,0.0,-0.0013767934869974852,0.14363386865217112,unchanged,0
3,-64.32386591937833,-14.997373668375412,2017-10-22,0.24687500298023224,0.0017996784299612045,-0.0064275823533535,0.0,0.13600891828536987,-0.006987076252698898,-0.012569268234074116,0.0,-0.0013767934869974852,0.14498430374675408,unchanged,0
3,-64.32386591937833,-14.997373668375412,2017-10-28,0.1497724950313568,0.0017996784299612045,-0.0064275823533535,0.0,0.13600891828536987,-0.006987076252698898,-0.012569268234074116,0.0,-0.0013767934869974852,0.1457053565156579,unchanged,0
3,-64.32386591937833,-14.997373668375412,2017-11-03,0.0,0.0017996784299612045,-0.0064275823533535,0.0,0.13600891828536987,-0.006987076252698898,-0.012569268234074116,0.0,-0.0013767934869974852,0.1457620702205203,unchanged,0
3,-64.32386591937833,-14.997373668375412,2017-11-09,0.0,0.0017996784299612045,-0.0064275823533535,0.0,0.13600891828536987,-0.006987076252698898,-0.012569268234074116,0.0,-0.0013767934869974852,0.14514533130169732,unchanged,0
3,-64.32386591937833,-14.997373668375412,2017-11-15,0.0,0.0017996784299612045,-0.0064275823533535,0.0,0.13600891828536987,-0.006987076252698898,-0.012569268234074116,0.0,-0.0013767934869974852,0.14387182735868922,unchanged,0
3,-64.32386591937833,-14.997373668375412,2017-11-21,0.0,0.0017996784299612045,-0.0064275823533535,0.0,0.13600891828536987,-0.006987076252698898,-0.012569268234074116,0.0,-0.0013767934869974852,0.14198441669400502,unchanged,0
3,-64.32386591937833,-14.997373668375412,2017-11-27,0.0,0.0017996784299612045,-0.0064275823533535,0.0,0.13600891828536987,-0.006987076252698898,-0.012569268234074116,0.0,-0.0013767934869974852,0.13954992300206154,unchanged,0
3,-64.32386591937833,-14.997373668375412,2017-12-03,0.0,0.0017996784299612045,-0.0064275823533535,0.0,0.13600891828536987,-0.006987076252698898,-0.012569268234074116,0.0,-0.0013767934869974852,0.13665593014035454,unchanged,0
3,-64.32386591937833,-14.997373668375412,2017-12-09,0.0,0.0017996784299612045,-0.0064275823533535,0.0,0.13600891828536987,-0.006987076252698898,-0.012569268234074116,0.0,-0.0013767934869974852,0.1334082086870661,unchanged,0
3,-64.32386591937833,-14.997373668375412,2017-12-15,0.15147750079631805,0.0017996784299612045,-0.0064275823533535,0.0,0.13600891828536987,-0.006987076252698898,-0.012569268234074116,0.0,-0.0013767934869974852,0.12992589758034118,unchanged,0
3,-64.32386591937833,-14.997373668375412,2017-12-21,0.0,0.0017996784299612045,-0.0064275823533535,0.0,0.13600891828536987,-0.006987076252698898,-0.012569268234074116,0.0,-0.0013767934869974852,0.12633613356321313,unchanged,0
3,-64.32386591937833,-14.997373668375412,2017-12-27,0.0,0.0017996784299612045,-0.0064275823533535,0.0,0.13600891828536987,-0.006987076252698898,-0.012569268234074116,0.0,-0.0013767934869974852,0.12276985085758507,unchanged,0
3,-64.32386591937833,-14.997373668375412,2018-01-02,0.0,0.0017996784299612045,-0.0064275823533535,0.0,0.13600891828536987,-0.006987076252698898,-0.012569268234074116,0.0,-0.0013767934869974852,0.11935593804799988,unchanged,0
3,-64.32386591937833,-14.997373668375412,2018-01-07,0.0,0.0017996784299612045,-0.0064275823533535,0.0,0.13600891828536987,-0.006987076252698898,-0.012569268234074116,0.0,-0.0013767934869974852,0.1167149959174407,unchanged,0
3,-64.32386591937833,-14.997373668375412,2018-01-13,0.0,0.0017996784299612045,-0.0064275823533535,0.0,0.13600891828536987,-0.006987076252698898,-0.012569268234074116,0.0,-0.0013767934869974852,0.11388684646774724,unchanged,0
3,-64.32386591937833,-14.997373668375412,2018-01-19,0.0,0.0017996784299612045,-0.0064275823533535,0.0,0.13600891828536987,-0.006987076252698898,-0.012569268234074116,0.0,-0.0013767934869974852,0.111519906817372,unchanged,0
3,-64.32386591937833,-14.997373668375412,2018-01-25,0.12840500473976135,0.0017996784299612045,-0.0064275823533535,0.0,0.13600891828536987,-0.006987076252698898,-0.012569268234074116,0.0,-0.0013767934869974852,0.10969029077775294,unchanged,0
3,-64.32386591937833,-14.997373668375412,2018-01-31,0.0,0.0017996784299612045,-0.0064275823533535,0.0,0.13600891828536987,-0.006987076252698898,-0.012569268234074116,0.0,-0.0013767934869974852,0.10845140465154512,unchanged,0
3,-64.32386591937833,-14.997373668375412,2018-02-06,0.0,0.0017996784299612045,-0.0064275823533535,0.0,0.13600891828536987,-0.006987076252698898,-0.012569268234074116,0.0,-0.0013767934869974852,0.10783143306162685,unchanged,0
3,-64.32386591937833,-14.997373668375412,2018-02-12,0.0,0.0017996784299612045,-0.0064275823533535,0.0,0.13600891828536987,-0.006987076252698898,-0.012569268234074116,0.0,-0.0013767934869974852,0.10783338400030062,unchanged,0
3,-64.32386591937833,-14.997373668375412,2018-02-18,0.0,0.0017996784299612045,-0.0064275823533535,0.0,0.13600891828536987,-0.006987076252698898,-0.012569268234074116,0.0,-0.0013767934869974852,0.10843469847077847,unchanged,0
3,-64.32386591937833,-14.997373668375412,2018-02-24,0.0,0.0017996784299612045,-0.0064275823533535,0.0,0.13600891828536987,-0.006987076252698898,-0.012569268234074116,0.0,-0.0013767934869974852,0.1095879500049678,unchanged,0
3,-64.32386591937833,-14.997373668375412,2018-03-02,0.0,0.0017996784299612045,-0.0064275823533535,0.0,0.13600891828536987,-0.006987076252698898,-0.012569268234074116,0.0,-0.0013767934869974852,0.11122407047271804,unchanged,0
3,-64.32386591937833,-14.997373668375412,2018-03-08,0.0,0.0017996784299612045,-0.0064275823533535,0.0,0.13600891828536987,-0.006987076252698898,-0.012569268234074116,0.0,-0.0013767934869974852,0.11325499643891573,unchanged,0
3,-64.32386591937833,-14.997373668375412,2018-03-14,0.0,0.0017996784299612045,-0.0064275823533535,0.0,0.13600891828536987,-0.006987076252698898,-0.012569268234074116,0.0,-0.0013767934869974852,0.11557710379005814,unchanged,0
3,-64.32386591937833,-14.997373668375412,2018-03-20,0.0,0.0017996784299612045,-0.0064275823533535,0.0,0.13600891828536987,-0.006987076252698898,-0.012569268234074116,0.0,-0.0013767934869974852,0.11807678179024347,unchanged,0
3,-64.32386591937833,-14.997373668375412,2018-03-26,0.0,0.0017996784299612045,-0.0064275823533535,0.0,0.13600891828536987,-0.006987076252698898,-0.012569268234074116,0.0,-0.0013767934869974852,0.12063491187154476,unchanged,0
3,-64.32386591937833,-14.997373668375412,2018-04-01,0.0,0.0017996784299612045,-0.0064275823533535,0.0,0.13600891828536987,-0.006987076252698898,-0.012569268234074116,0.0,-0.0013767934869974852,0.12313156654103834,unchanged,0
3,-64.32386591937833,-14.997373668375412,2018-04-07,0.0,0.0017996784299612045,-0.0064275823533535,0.0,0.13600891828536987,-0.006987076252698898,-0.012569268234074116,0.0,-0.0013767934869974852,0.12545220824379208,unchanged,0
3,-64.32386591937833,-14.997373668375412,2018-04-13,0.0,0.0017996784299612045,-0.0064275823533535,0.0,0.13600891828536987,-0.006987076252698898,-0.012569268234074116,0.0,-0.0013767934869974852,0.1274921427620361,unchanged,0
3,-64.32386591937833,-14.997373668375412,2018-04-19,0.0,0.0017996784299612045,-0.0064275823533535,0.0,0.13600891828536987,-0.006987076252698898,-0.012569268234074116,0.0,-0.0013767934869974852,0.12916052757498786,unchanged,0
3,-64.32386591937833,-14.997373668375412,2018-04-25,0.07334999740123749,0.0017996784299612045,-0.0064275823533535,0.0,0.13600891828536987,-0.006987076252698898,-0.012569268234074116,0.0,-0.0013767934869974852,0.13038526151778107,unchanged,0
3,-64.32386591937833,-14.997373668375412,2018-05-01,0.0,0.0017996784299612045,-0.0064275823533535,0.0,0.13600891828536987,-0.006987076252698898,-0.012569268234074116,0.0,-0.0013767934869974852,0.13111555505218825,unchanged,0
3,-64.32386591937833,-14.997373668375412,2018-05-07,0.0,0.0017996784299612045,-0.0064275823533535,0.0,0.13600891828536987,-0.006987076252698898,-0.012569268234074116,0.0,-0.0013767934869974852,0.13132357324392008,unchanged,0
3,-64.32386591937833,-14.997373668375412,2018-05-13,0.0,0.0017996784299612045,-0.0064275823533535,0.0,0.13600891828536987,-0.006987076252698898,-0.012569268234074116,0.0,-0.0013767934869974852,0.1310065620716082,unchanged,0
3,-64.32386591937833,-14.997373668375412,2018-05-19,0.0595724992454052,0.0017996784299612045,-0.0064275823533535,0.0,0.13600891828536987,-0.006987076252698898,-0.012569268234074116,0.0,-0.0013767934869974852,0.13018639612039556,unchanged,0
3,-64.32386591937833,-14.997373668375412,2018-05-25,0.06188249960541725,0.0017996784299612045,-0.0064275823533535,0.0,0.13600891828536987,-0.006987076252698898,-0.012569268234074116,0.0,-0.0013767934869974852,0.1289080555424787,unchanged,0
3,-64.32386591937833,-14.997373668375412,2018-05-31,0.06565000116825104,0.0017996784299612045,-0.0064275823533535,0.0,0.13600891828536987,-0.006987076252698898,-0.012569268234074116,0.0,-0.0013767934869974852,0.12723858284922457,unchanged,0
3,-64.32386591937833,-14.997373668375412,2018-06-06,0.0,0.0017996784299612045,-0.0064275823533535,0.0,0.13600891828536987,-0.006987076252698898,-0.012569268234074116,0.0,-0.0013767934869974852,0.12526359501202422,unchanged,0
3,-64.32386591937833,-14.997373668375412,2018-06-12,0.0,0.0017996784299612045,-0.0064275823533535,0.0,0.13600891828536987,-0.006987076252698898,-0.012569268234074116,0.0,-0.0013767934869974852,0.12308297723356465,unchanged,0
3,-64.32386591937833,-14.997373668375412,2018-06-18,0.0,0.0017996784299612045,-0.0064275823533535,0.0,0.13600891828536987,-0.006987076252698898,-0.012569268234074116,0.0,-0.0013767934869974852,0.12080745162458811,unchanged,0
3,-64.32386591937833,-14.997373668375412,2018-06-24,0.06375250220298767,0.0017996784299612045,-0.0064275823533535,0.0,0.13600891828536987,-0.006987076252698898,-0.012569268234074116,0.0,-0.0013767934869974852,0.11855316701993479,unchanged,0
3,-64.32386591937833,-14.997373668375412,2018-06-30,0.0,0.0017996784299612045,-0.0064275823533535,0.0,0.13600891828536987,-0.006987076252698898,-0.012569268234074116,0.0,-0.0013767934869974852,0.1164360517845391,unchanged,0
3,-64.32386591937833,-14.997373668375412,2018-07-06,0.0,0.0017996784299612045,-0.0064275823533535,0.0,0.13600891828536987,-0.006987076252698898,-0.012569268234074116,0.0,-0.0013767934869974852,0.1145676491146719,unchanged,0
3,-64.32386591937833,-14.997373668375412,2018-07-12,0.0,0.0017996784299612045,-0.0064275823533535,0.0,0.13600891828536987,-0.006987076252698898,-0.012569268234074116,0.0,-0.0013767934869974852,0.11304963973704593,unchanged,0
3,-64.32386591937833,-14.997373668375412,2018-07-18,0.0,0.0017996784299612045,-0.0064275823533535,0.0,0.13600891828536987,-0.006987076252698898,-0.012569268234074116,0.0,-0.0013767934869974852,0.11196877556963247,unchanged,0
3,-64.32386591937833,-14.997373668375412,2018-07-24,0.0,0.0017996784299612045,-0.0064275823533535,0.0,0.13600891828536987,-0.006987076252698898,-0.012569268234074116,0.0,-0.0013767934869974852,0.1113939347558357,unchanged,0
3,-64.32386591937833,-14.997373668375412,2018-07-30,0.09988749772310257,0.0017996784299612045,-0.0064275823533535,0.0,0.13600891828536987,-0.006987076252698898,-0.012569268234074116,0.0,-0.0013767934869974852,0.11137244399187618,unchanged,0
3,-64.32386591937833,-14.997373668375412,2018-08-05,0.0,0.0017996784299612045,-0.0064275823533535,0.0,0.13600891828536987,-0.006987076252698898,-0.012569268234074116,0.0,-0.0013767934869974852,0.11192731597682398,unchanged,0
3,-64.32386591937833,-14.997373668375412,2018-08-11,0.0,0.0017996784299612045,-0.0064275823533535,0.0,0.13600891828536987,-0.006987076252698898,-0.012569268234074116,0.0,-0.0013767934869974852,0.11305701553193087,unchanged,0
3,-64.32386591937833,-14.997373668375412,2018-08-17,0.0,0.0017996784299612045,-0.0064275823533535,0.0,0.13600891828536987,-0.006987076252698898,-0.012569268234074116,0.0,-0.0013767934869974852,0.11473478395300915,unchanged,0
3,-64.32386591937833,-14.997373668375412,2018-08-23,0.19314000010490417,0.0017996784299612045,-0.0064275823533535,0.0,0.13600891828536987,-0.006987076252698898,-0.012569268234074116,0.0,-0.0013767934869974852,0.11690904612541064,unchanged,0
3,-64.32386591937833,-14.997373668375412,2018-08-29,0.19979499280452728,0.0017996784299612045,-0.0064275823533535,0.0,0.13600891828536987,-0.006987076252698898,-0.012569268234074116,0.0,-0.0013767934869974852,0.11950637146212612,unchanged,0
3,-64.32386591937833,-14.997373668375412,2018-09-04,0.0,0.0017996784299612045,-0.0064275823533535,0.0,0.13600891828536987,-0.006987076252698898,-0.012569268234074116,0.0,-0.0013767934869974852,0.12243388951419454,unchanged,0
3,-64.32386591937833,-14.997373668375412,2018-09-10,0.0,0.0017996784299612045,-0.0064275823533535,0.0,0.13600891828536987,-0.006987076252698898,-0.012569268234074116,0.0,-0.0013767934869974852,0.12558254144046416,unchanged,0
3,-64.32386591937833,-14.997373668375412,2018-09-16,0.0,0.0017996784299612045,-0.0064275823533535,0.0,0.13600891828536987,-0.006987076252698898,-0.012569268234074116,0.0,-0.0013767934869974852,0.1288325430479224,unchanged,0
3,-64.32386591937833,-14.997373668375412,2018-09-22,0.0,0.0017996784299612045,-0.0064275823533535,0.0,0.13600891828536987,-0.006987076252698898,-0.012569268234074116,0.0,-0.0013767934869974852,0.13205780888347102,unchanged,0
3,-64.32386591937833,-14.997373668375412,2018-09-28,0.24041250348091125,0.0017996784299612045,-0.0064275823533535,0.0,0.13600891828536987,-0.006987076252698898,-0.012569268234074116,0.0,-0.0013767934869974852,0.13513069139501513,unchanged,0
3,-64.32386591937833,-14.997373668375412,2018-10-04,0.0,0.0017996784299612045,-0.0064275823533535,0.0,0.13600891828536987,-0.006987076252698898,-0.012569268234074116,0.0,-0.0013767934869974852,0.13792844634254278,unchanged,0
3,-64.32386591937833,-14.997373668375412,2018-10-10,0.0,0.0017996784299612045,-0.0064275823533535,0.0,0.13600891828536987,-0.006987076252698898,-0.012569268234074116,0.0,-0.0013767934869974852,0.1403370369831163,unchanged,0
3,-64.32386591937833,-14.997373668375412,2018-10-16,0.0,0.0017996784299612045,-0.0064275823533535,0.0,0.13600891828536987,-0.006987076252698898,-0.012569268234074116,0.0,-0.0013767934869974852,0.14225707516517364,unchanged,0
3,-64.32386591937833,-14.997373668375412,2018-10-22,0.0,0.0017996784299612045,-0.0064275823533535,0.0,0.13600891828536987,-0.006987076252698898,-0.012569268234074116,0.0,-0.0013767934869974852,0.1436075102597566,unchanged,0
3,-64.32386591937833,-14.997373668375412,2018-10-28,0.0,0.0017996784299612045,-0.0064275823533535,0.0,0.13600891828536987,-0.006987076252698898,-0.012569268234074116,0.0,-0.0013767934869974852,0.14432856302866043,unchanged,0
3,-64.32386591937833,-14.997373668375412,2018-11-03,0.0,0.0017996784299612045,-0.0064275823533535,0.0,0.13600891828536987,-0.006987076252698898,-0.012569268234074116,0.0,-0.0013767934869974852,0.1443852767335228,unchanged,0
3,-64.32386591937833,-14.997373668375412,2018-11-09,0.0,0.0017996784299612045,-0.0064275823533535,0.0,0.13600891828536987,-0.006987076252698898,-0.012569268234074116,0.0,-0.0013767934869974852,0.14376853781469984,unchanged,0
3,-64.32386591937833,-14.997373668375412,2018-11-15,0.0,0.0017996784299612045,-0.0064275823533535,0.0,0.13600891828536987,-0.006987076252698898,-0.012569268234074116,0.0,-0.0013767934869974852,0.14249503387169174,unchanged,0
3,-64.32386591937833,-14.997373668375412,2018-11-21,0.0,0.0017996784299612045,-0.0064275823533535,0.0,0.13600891828536987,-0.006987076252698898,-0.012569268234074116,0.0,-0.0013767934869974852,0.14060762320700754,unchanged,0
3,-64.32386591937833,-14.997373668375412,2018-11-27,0.0,0.0017996784299612045,-0.0064275823533535,0.0,0.13600891828536987,-0.006987076252698898,-0.012569268234074116,0.0,-0.0013767934869974852,0.13817312951506405,unchanged,0
3,-64.32386591937833,-14.997373668375412,2018-12-03,0.0,0.0017996784299612045,-0.0064275823533535,0.0,0.13600891828536987,-0.006987076252698898,-0.012569268234074116,0.0,-0.0013767934869974852,0.13527913665335706,unchanged,0
3,-64.32386591937833,-14.997373668375412,2018-12-09,0.0,0.0017996784299612045,-0.0064275823533535,0.0,0.13600891828536987,-0.006987076252698898,-0.012569268234074116,0.0,-0.0013767934869974852,0.1320314152000686,unchanged,0
3,-64.32386591937833,-14.997373668375412,2018-12-15,0.0,0.0017996784299612045,-0.0064275823533535,0.0,0.13600891828536987,-0.006987076252698898,-0.012569268234074116,0.0,-0.0013767934869974852,0.1285491040933437,unchanged,0
3,-64.32386591937833,-14.997373668375412,2018-12-21,0.0,0.0017996784299612045,-0.0064275823533535,0.0,0.13600891828536987,-0.006987076252698898,-0.012569268234074116,0.0,-0.0013767934869974852,0.12495934007621565,unchanged,0
3,-64.32386591937833,-14.997373668375412,2018-12-27,0.0,0.0017996784299612045,-0.0064275823533535,0.0,0.13600891828536987,-0.006987076252698898,-0.012569268234074116,0.0,-0.0013767934869974852,0.12139305737058759,unchanged,0
3,-64.32386591937833,-14.997373668375412,2019-01-02,0.0,0.0017996784299612045,-0.0064275823533535,0.0,0.13600891828536987,-0.006987076252698898,-0.012569268234074116,0.0,-0.0013767934869974852,0.11797914456100238,unchanged,0
4,-64.31488276653714,-14.997373668375412,2016-01-07,0.0,0.0,0.0,0.0,0.14940430223941803,-0.011343090794980526,0.0004388619272504002,0.0,0.0,0.14832776441704945,unchanged,0
4,-64.31488276653714,-14.997373668375412,2016-01-13,0.0,0.0,0.0,0.0,0.14940430223941803,-0.011343090794980526,0.0004388619272504002,0.0,0.0,0.1472597935132543,unchanged,0
4,-64.31488276653714,-14.997373668375412,2016-01-19,0.0,0.0,0.0,0.0,0.14940430223941803,-0.011343090794980526,0.0004388619272504002,0.0,0.0,0.1462089861021979,unchanged,0
4,-64.31488276653714,-14.997373668375412,2016-01-25,0.12067750096321106,0.0,0.0,0.0,0.14940430223941803,-0.011343090794980526,0.0004388619272504002,0.0,0.0,0.14518399168361662,unchanged,0
4,-64.31488276653714,-14.997373668375412,2016-01-31,0.0,0.0,0.0,0.0,0.14940430223941803,-0.011343090794980526,0.0004388619272504002,0.0,0.0,0.14419352742429484,unchanged,0
4,-64.31488276653714,-14.997373668375412,2016-02-06,0.0,0.0,0.0,0.0,0.14940430223941803,-0.011343090794980526,0.0004388619272504002,0.0,0.0,0.14324637642797133,unchanged,0
4,-64.31488276653714,-14.997373668375412,2016-02-12,0.0,0.0,0.0,0.0,0.14940430223941803,-0.011343090794980526,0.0004388619272504002,0.0,0.0,0.1423513659444839,unchanged,0
4,-64.31488276653714,-14.997373668375412,2016-02-18,0.0,0.0,0.0,0.0,0.14940430223941803,-0.011343090794980526,0.0004388619272504002,0.0,0.0,0.14151732712850157,unchanged,0
4,-64.31488276653714,-14.997373668375412,2016-02-24,0.0,0.0,0.0,0.0,0.14940430223941803,-0.011343090794980526,0.0004388619272504002,0.0,0.0,0.14075302614097374,unchanged,0
4,-64.31488276653714,-14.997373668375412,2016-03-01,0.0,0.0,0.0,0.0,0.14940430223941803,-0.011343090794980526,0.0004388619272504002,0.0,0.0,0.1400670784894925,unchanged,0
4,-64.31488276653714,-14.997373668375412,2016-03-07,0.0,0.0,0.0,0.0,0.14940430223941803,-0.011343090794980526,0.0004388619272504002,0.0,0.0,0.13946783306340507,unchanged,0
4,-64.31488276653714,-14.997373668375412,2016-03-13,0.12152999639511108,0.0,0.0,0.0,0.14940430223941803,-0.011343090794980526,0.0004388619272504002,0.0,0.0,0.1389632368925619,unchanged,0
4,-64.31488276653714,-14.997373668375412,2016-03-19,0.0,0.0,0.0,0.0,0.14940430223941803,-0.011343090794980526,0.0004388619272504002,0.0,0.0,0.13856068826596868,unchanged,0
4,-64.31488276653714,-14.997373668375412,2016-03-25,0.12174999713897705,0.0,0.0,0.0,0.14940430223941803,-0.011343090794980526,0.0004388619272504002,0.0,0.0,0.1382668670375084,unchanged,0
4,-64.31488276653714,-14.997373668375412,2016-03-31,0.0,0.0,0.0,0.0,0.14940430223941803,-0.011343090794980526,0.0004388619272504002,0.0,0.0,0.13808756398314218,unchanged,0
4,-64.31488276653714,-14.997373668375412,2016-04-06,0.12430749833583832,0.0,0.0,0.0,0.14940430223941803,-0.011343090794980526,0.0004388619272504002,0.0,0.0,0.13802750546464843,unchanged,0
4,-64.31488276653714,-14.997373668375412,2016-04-12,0.0,0.0,0.0,0.0,0.14940430223941803,-0.011343090794980526,0.0004388619272504002,0.0,0.0,0.1380901831090579,unchanged,0
4,-64.31488276653714,-14.997373668375412,2016-04-18,0.0,0.0,0.0,0.0,0.14940430223941803,-0.011343090794980526,0.0004388619272504002,0.0,0.0,0.13827769939912582,unchanged,0
4,-64.31488276653714,-14.997373668375412,2016-04-24,0.0,0.0,0.0,0.0,0.14940430223941803,-0.011343090794980526,0.0004388619272504002,0.0,0.0,0.13859062444465842,unchanged,0
4,-64.31488276653714,-14.997373668375412,2016-04-30,0.0,0.0,0.0,0.0,0.14940430223941803,-0.011343090794980526,0.0004388619272504002,0.0,0.0,0.1390278827503299,unchanged,0
4,-64.31488276653714,-14.997373668375412,2016-05-06,0.0,0.0,0.0,0.0,0.14940430223941803,-0.011343090794980526,0.0004388619272504002,0.0,0.0,0.13958667254557316,unchanged,0
4,-64.31488276653714,-14.997373668375412,2016-05-12,0.0,0.0,0.0,0.0,0.14940430223941803,-0.011343090794980526,0.0004388619272504002,0.0,0.0,0.14026241321953697,unchanged,0
4,-64.31488276653714,-14.997373668375412,2016-05-18,0.0,0.0,0.0,0.0,0.14940430223941803,-0.011343090794980526,0.0004388619272504002,0.0,0.0,0.14104874177891677,unchanged,0
4,-64.31488276653714,-14.997373668375412,2016-05-24,0.0,0.0,0.0,0.0,0.14940430223941803,-0.011343090794980526,0.0004388619272504002,0.0,0.0,0.14193754407212877,unchanged,0
4,-64.31488276653714,-14.997373668375412,2016-05-30,0.0,0.0,0.0,0.0,0.14940430223941803,-0.011343090794980526,0.0004388619272504002,0.0,0.0,0.1429190303357518,unchanged,0
4,-64.31488276653714,-14.997373668375412,2016-06-05,0.0,0.0,0.0,0.0,0.14940430223941803,-0.011343090794980526,0.0004388619272504002,0.0,0.0,0.14398185784611525,unchanged,0
4,-64.31488276653714,-14.997373668375412,2016-06-11,0.0,0.0,0.0,0.0,0.14940430223941803,-0.011343090794980526,0.0004388619272504002,0.0,0.0,0.14511328762085063,unchanged,0
4,-64.31488276653714,-14.997373668375412,2016-06-17,0.12422499805688858,0.0,0.0,0.0,0.14940430223941803,-0.011343090794980526,0.0004388619272504002,0.0,0.0,0.14629938392858238,unchanged,0
4,-64.31488276653714,-14.997373668375412,2016-06-23,0.0,0.0,0.0,0.0,0.14940430223941803,-0.011343090794980526,0.0004388619272504002,0.0,0.0,0.14752524300329467,unchanged,0
4,-64.31488276653714,-14.997373668375412,2016-06-29,0.1301099956035614,0.0,0.0,0.0,0.14940430223941803,-0.011343090794980526,0.0004388619272504002,0.0,0.0,0.1487752498283272,unchanged,0
4,-64.31488276653714,-14.997373668375412,2016-07-05,0.13761749863624573,0.0,0.0,0.0,0.14940430223941803,-0.011343090794980526,0.0004388619272504002,0.0,0.0,0.15003335465050885,unchanged,0
4,-64.31488276653714,-14.997373668375412,2016-07-11,0.0,0.0,0.0,0.0,0.14940430223941803,-0.011343090794980526,0.0004388619272504002,0.0,0.0,0.1512833614755414,unchanged,0
4,-64.31488276653714,-14.997373668375412,2016-07-17,0.0,0.0,0.0,0.0,0.14940430223941803,-0.011343090794980526,0.0004388619272504002,0.0,0.0,0.15250922055025368,unchanged,0
4,-64.31488276653714,-14.997373668375412,2016-07-23,0.14817750453948975,0.0,0.0,0.0,0.14940430223941803,-0.011343090794980526,0.0004388619272504002,0.0,0.0,0.15369531685798543,unchanged,0
4,-64.31488276653714,-14.997373668375412,2016-07-29,0.0,0.0,0.0,0.0,0.14940430223941803,-0.011343090794980526,0.0004388619272504002,0.0,0.0,0.1548267466327208,unchanged,0
4,-64.31488276653714,-14.997373668375412,2016-08-04,0.1511474996805191,0.0,0.0,0.0,0.14940430223941803,-0.011343090794980526,0.0004388619272504002,0.0,0.0,0.15588957414308427,unchanged,0
4,-64.31488276653714,-14.997373668375412,2016-08-10,0.0,0.0,0.0,0.0,0.14940430223941803,-0.011343090794980526,0.0004388619272504002,0.0,0.0,0.15687106040670729,unchanged,0
4,-64.31488276653714,-14.997373668375412,2016-08-16,0.0,0.0,0.0,0.0,0.14940430223941803,-0.011343090794980526,0.0004388619272504002,0.0,0.0,0.1577598626999193,unchanged,0
4,-64.31488276653714,-14.997373668375412,2016-08-22,0.17746500670909882,0.0,0.0,0.0,0.14940430223941803,-0.011343090794980526,0.0004388619272504002,0.0,0.0,0.15854619125929909,unchanged,0
4,-64.31488276653714,-14.997373668375412,2016-08-28,0.18923500180244446,0.0,0.0,0.0,0.14940430223941803,-0.011343090794980526,0.0004388619272504002,0.0,0.0,0.1592219319332629,unchanged,0
4,-64.31488276653714,-14.997373668375412,2016-09-03,0.0,0.0,0.0,0.0,0.14940430223941803,-0.011343090794980526,0.0004388619272504002,0.0,0.0,0.15978072172850616,unchanged,0
4,-64.31488276653714,-14.997373668375412,2016-09-09,0.0,0.0,0.0,0.0,0.14940430223941803,-0.011343090794980526,0.0004388619272504002,0.0,0.0,0.16021798003417764,unchanged,0
4,-64.31488276653714,-14.997373668375412,2016-09-15,0.18511000275611877,0.0,0.0,0.0,0.14940430223941803,-0.011343090794980526,0.0004388619272504002,0.0,0.0,0.16053090507971024,unchanged,0
4,-64.31488276653714,-14.997373668375412,2016-09-21,0.1752375066280365,0.0,0.0,0.0,0.14940430223941803,-0.011343090794980526,0.0004388619272504002,0.0,0.0,0.16071842136977815,unchanged,0
4,-64.31488276653714,-14.997373668375412,2016-09-27,0.0,0.0,0.0,0.0,0.14940430223941803,-0.011343090794980526,0.0004388619272504002,0.0,0.0,0.16078109901418763,unchanged,0
4,-64.31488276653714,-14.997373668375412,2016-10-03,0.19396500289440155,0.0,0.0,0.0,0.14940430223941803,-0.011343090794980526,0.0004388619272504002,0.0,0.0,0.16072104049569388,unchanged,0
4,-64.31488276653714,-14.997373668375412,2016-10-09,0.0,0.0,0.0,0.0,0.14940430223941803,-0.011343090794980526,0.0004388619272504002,0.0,0.0,0.16054173744132766,unchanged,0
4,-64.31488276653714,-14.997373668375412,2016-10-15,0.0,0.0,0.0,0.0,0.14940430223941803,-0.011343090794980526,0.0004388619272504002,0.0,0.0,0.16024791621286738,unchanged,0
4,-64.31488276653714,-14.997373668375412,2016-10-21,0.0,0.0,0.0,0.0,0.14940430223941803,-0.011343090794980526,0.0004388619272504002,0.0,0.0,0.15984536758627416,unchanged,0
4,-64.31488276653714,-14.997373668375412,2016-10-27,0.15584999322891235,0.0,0.0,0.0,0.14940430223941803,-0.011343090794980526,0.0004388619272504002,0.0,0.0,0.159340771415431,unchanged,0
4,-64.31488276653714,-14.997373668375412,2016-11-02,0.0,0.0,0.0,0.0,0.14940430223941803,-0.011343090794980526,0.0004388619272504002,0.0,0.0,0.15874152598934355,unchanged,0
4,-64.31488276653714,-14.997373668375412,2016-11-08,0.0,0.0,0.0,0.0,0.14940430223941803,-0.011343090794980526,0.0004388619272504002,0.0,0.0,0.15805557833786232,unchanged,0
4,-64.31488276653714,-14.997373668375412,2016-11-14,0.0,0.0,0.0,0.0,0.14940430223941803,-0.011343090794980526,0.0004388619272504002,0.0,0.0,0.1572912773503345,unchanged,0
4,-64.31488276653714,-14.997373668375412,2016-11-20,0.0,0.0,0.0,0.0,0.14940430223941803,-0.011343090794980526,0.0004388619272504002,0.0,0.0,0.15645723853435217,unchanged,0
4,-64.31488276653714,-14.997373668375412,2016-11-26,0.0,0.0,0.0,0.0,0.14940430223941803,-0.011343090794980526,0.0004388619272504002,0.0,0.0,0.15556222805086473,unchanged,0
4,-64.31488276653714,-14.997373668375412,2016-12-02,0.0,0.0,0.0,0.0,0.14940430223941803,-0.011343090794980526,0.0004388619272504002,0.0,0.0,0.15461507705454122,unchanged,0
4,-64.31488276653714,-14.997373668375412,2016-12-08,0.0,0.0,0.0,0.0,0.14940430223941803,-0.011343090794980526,0.0004388619272504002,0.0,0.0,0.15362461279521944,unchanged,0
4,-64.31488276653714,-14.997373668375412,2016-12-14,0.0,0.0,0.0,0.0,0.14940430223941803,-0.011343090794980526,0.0004388619272504002,0.0,0.0,0.15259961837663816,unchanged,0
4,-64.31488276653714,-14.997373668375412,2016-12-20,0.0,0.0,0.0,0.0,0.14940430223941803,-0.011343090794980526,0.0004388619272504002,0.0,0.0,0.15154881096558176,unchanged,0
4,-64.31488276653714,-14.997373668375412,2016-12-26,0.0,0.0,0.0,0.0,0.14940430223941803,-0.011343090794980526,0.0004388619272504002,0.0,0.0,0.1504808400617866,unchanged,0
4,-64.31488276653714,-14.997373668375412,2017-01-01,0.0,0.0,0.0,0.0,0.14940430223941803,-0.011343090794980526,0.0004388619272504002,0.0,0.0,0.14940430223942816,unchanged,0
4,-64.31488276653714,-14.997373668375412,2017-01-07,0.0,0.0,0.0,0.0,0.14940430223941803,-0.011343090794980526,0.0004388619272504002,0.0,0.0,0.1483248228452085,unchanged,0
4,-64.31488276653714,-14.997373668375412,2017-01-13,0.0,0.0,0.0,0.0,0.14940430223941803,-0.011343090794980526,0.0004388619272504002,0.0,0.0,0.14725398105988396,unchanged,0
4,-64.31488276653714,-14.997373668375412,2017-01-19,0.0,0.0,0.0,0.0,0.14940430223941803,-0.011343090794980526,0.0004388619272504002,0.0,0.0,0.14620044440796026,unchanged,0
4,-64.31488276653714,-14.997373668375412,2017-01-25,0.0,0.0,0.0,0.0,0.14940430223941803,-0.011343090794980526,0.0004388619272504002,0.0,0.0,0.14517293419664992,unchanged,0
4,-64.31488276653714,-14.997373668375412,2017-01-31,0.0,0.0,0.0,0.0,0.14940430223941803,-0.011343090794980526,0.0004388619272504002,0.0,0.0,0.144180240177321,unchanged,0
4,-64.31488276653714,-14.997373668375412,2017-02-06,0.0,0.0,0.0,0.0,0.14940430223941803,-0.011343090794980526,0.0004388619272504002,0.0,0.0,0.14323121801804167,unchanged,0
4,-64.31488276653714,-14.997373668375412,2017-02-12,0.0,0.0,0.0,0.0,0.14940430223941803,-0.011343090794980526,0.0004388619272504002,0.0,0.0,0.1423347691687553,unchanged,0
4,-64.31488276653714,-14.997373668375412,2017-02-18,0.0,0.0,0.0,0.0,0.14940430223941803,-0.011343090794980526,0.0004388619272504002,0.0,0.0,0.14149979599595175,unchanged,0
4,-64.31488276653714,-14.997373668375412,2017-02-24,0.0,0.0,0.0,0.0,0.14940430223941803,-0.011343090794980526,0.0004388619272504002,0.0,0.0,0.14073513545572286,unchanged,0
4,-64.31488276653714,-14.997373668375412,2017-03-02,0.0,0.0,0.0,0.0,0.14940430223941803,-0.011343090794980526,0.0004388619272504002,0.0,0.0,0.1400494688302033,unchanged,0
4,-64.31488276653714,-14.997373668375412,2017-03-08,0.0,0.0,0.0,0.0,0.14940430223941803,-0.011343090794980526,0.0004388619272504002,0.0,0.0,0.13945120359556396,unchanged,0
4,-64.31488276653714,-14.997373668375412,2017-03-14,0.0,0.0,0.0,0.0,0.14940430223941803,-0.011343090794980526,0.0004388619272504002,0.0,0.0,0.13894834144860688,unchanged,0
4,-64.31488276653714,-14.997373668375412,2017-03-20,0.0,0.0,0.0,0.0,0.14940430223941803,-0.011343090794980526,0.0004388619272504002,0.0,0.0,0.138548319086614,unchanged,0
4,-64.31488276653714,-14.997373668375412,2017-03-26,0.0,0.0,0.0,0.0,0.14940430223941803,-0.011343090794980526,0.0004388619272504002,0.0,0.0,0.13825784448130707,unchanged,0
4,-64.31488276653714,-14.997373668375412,2017-04-01,0.0,0.0,0.0,0.0,0.14940430223941803,-0.011343090794980526,0.0004388619272504002,0.0,0.0,0.13808271824084806,unchanged,0
4,-64.31488276653714,-14.997373668375412,2017-04-07,0.0,0.0,0.0,0.0,0.14940430223941803,-0.011343090794980526,0.0004388619272504002,0.0,0.0,0.13802765980264703,unchanged,0
4,-64.31488276653714,-14.997373668375412,2017-04-13,0.0,0.0,0.0,0.0,0.14940430223941803,-0.011343090794980526,0.0004388619272504002,0.0,0.0,0.13809613477817678,unchanged,0
4,-64.31488276653714,-14.997373668375412,2017-04-19,0.0,0.0,0.0,0.0,0.14940430223941803,-0.011343090794980526,0.0004388619272504002,0.0,0.0,0.13829019364614695,unchanged,0
4,-64.31488276653714,-14.997373668375412,2017-04-25,0.0,0.0,0.0,0.0,0.14940430223941803,-0.011343090794980526,0.0004388619272504002,0.0,0.0,0.1386103349269485,unchanged,0
4,-64.31488276653714,-14.997373668375412,2017-05-01,0.0,0.0,0.0,0.0,0.14940430223941803,-0.011343090794980526,0.0004388619272504002,0.0,0.0,0.13905538793488664,unchanged,0
4,-64.31488276653714,-14.997373668375412,2017-05-07,0.12416999787092209,0.0,0.0,0.0,0.14940430223941803,-0.011343090794980526,0.0004388619272504002,0.0,0.0,0.13962243216945475,unchanged,0
4,-64.31488276653714,-14.997373668375412,2017-05-13,0.0,0.0,0.0,0.0,0.14940430223941803,-0.011343090794980526,0.0004388619272504002,0.0,0.0,0.14030674941760213,unchanged,0
4,-64.31488276653714,-14.997373668375412,2017-05-19,0.0,0.0,0.0,0.0,0.14940430223941803,-0.011343090794980526,0.0004388619272504002,0.0,0.0,0.14110181748501566,unchanged,0
4,-64.31488276653714,-14.997373668375412,2017-05-25,0.0,0.0,0.0,0.0,0.14940430223941803,-0.011343090794980526,0.0004388619272504002,0.0,0.0,0.14199934878695417,unchanged,0
4,-64.31488276653714,-14.997373668375412,2017-05-31,0.12722249329090118,0.0,0.0,0.0,0.14940430223941803,-0.011343090794980526,0.0004388619272504002,0.0,0.0,0.14298936915644142,unchanged,0
4,-64.31488276653714,-14.997373668375412,2017-06-06,0.1280200034379959,0.0,0.0,0.0,0.14940430223941803,-0.011343090794980526,0.0004388619272504002,0.0,0.0,0.1440603416025239,unchanged,0
4,-64.31488276653714,-14.997373668375412,2017-06-12,0.0,0.0,0.0,0.0,0.14940430223941803,-0.011343090794980526,0.0004388619272504002,0.0,0.0,0.14519933153145012,unchanged,0
4,-64.31488276653714,-14.997373668375412,2017-06-18,0.0,0.0,0.0,0.0,0.14940430223941803,-0.011343090794980526,0.0004388619272504002,0.0,0.0,0.14639220914884993,unchanged,0
4,-64.31488276653714,-14.997373668375412,2017-06-24,0.0,0.0,0.0,0.0,0.14940430223941803,-0.011343090794980526,0.0004388619272504002,0.0,0.0,0.14762388483746103,unchanged,0
4,-64.31488276653714,-14.997373668375412,2017-06-30,0.0,0.0,0.0,0.0,0.14940430223941803,-0.011343090794980526,0.0004388619272504002,0.0,0.0,0.14887857045570171,unchanged,0
4,-64.31488276653714,-14.997373668375412,2017-07-06,0.1340699940919876,0.0,0.0,0.0,0.14940430223941803,-0.011343090794980526,0.0004388619272504002,0.0,0.0,0.15014006166526347,unchanged,0
4,-64.31488276653714,-14.997373668375412,2017-07-12,0.0,0.0,0.0,0.0,0.14940430223941803,-0.011343090794980526,0.0004388619272504002,0.0,0.0,0.15139203004439136,unchanged,0
4,-64.31488276653714,-14.997373668375412,2017-07-18,0.14086249470710754,0.0,0.0,0.0,0.14940430223941803,-0.011343090794980526,0.0004388619272504002,0.0,0.0,0.15261832021779165,unchanged,0
4,-64.31488276653714,-14.997373668375412,2017-07-24,0.14050500094890594,0.0,0.0,0.0,0.14940430223941803,-0.011343090794980526,0.0004388619272504002,0.0,0.0,0.15380324162207146,unchanged,0
4,-64.31488276653714,-14.997373668375412,2017-07-30,0.0,0.0,0.0,0.0,0.14940430223941803,-0.011343090794980526,0.0004388619272504002,0.0,0.0,0.1549318468019195,unchanged,0
4,-64.31488276653714,-14.997373668375412,2017-08-05,0.0,0.0,0.0,0.0,0.14940430223941803,-0.011343090794980526,0.0004388619272504002,0.0,0.0,0.15599019028126046,unchanged,0
4,-64.31488276653714,-14.997373668375412,2017-08-11,0.1595900058746338,0.0,0.0,0.0,0.14940430223941803,-0.011343090794980526,0.0004388619272504002,0.0,0.0,0.15696555664781864,unchanged,0
4,-64.31488276653714,-14.997373668375412,2017-08-17,0.0,0.0,0.0,0.0,0.14940430223941803,-0.011343090794980526,0.0004388619272504002,0.0,0.0,0.15784665931328723,unchanged,0
4,-64.31488276653714,-14.997373668375412,2017-08-23,0.1612125039100647,0.0,0.0,0.0,0.14940430223941803,-0.011343090794980526,0.0004388619272504002,0.0,0.0,0.15862379748456365,unchanged,0
4,-64.31488276653714,-14.997373668375412,2017-08-29,0.0,0.0,0.0,0.0,0.14940430223941803,-0.011343090794980526,0.0004388619272504002,0.0,0.0,0.15928897315505625,unchanged,0
4,-64.31488276653714,-14.997373668375412,2017-09-04,0.0,0.0,0.0,0.0,0.14940430223941803,-0.011343090794980526,0.0004388619272504002,0.0,0.0,0.15983596486033047,unchanged,0
4,-64.31488276653714,-14.997373668375412,2017-09-10,0.17036999762058258,0.0,0.0,0.0,0.14940430223941803,-0.011343090794980526,0.0004388619272504002,0.0,0.0,0.1602603535478749,unchanged,0
4,-64.31488276653714,-14.997373668375412,2017-09-16,0.0,0.0,0.0,0.0,0.14940430223941803,-0.011343090794980526,0.0004388619272504002,0.0,0.0,0.16055951661633933,unchanged,0
4,-64.31488276653714,-14.997373668375412,2017-09-22,0.0,0.0,0.0,0.0,0.14940430223941803,-0.011343090794980526,0.0004388619272504002,0.0,0.0,0.16073256641939299,unchanged,0
4,-64.31488276653714,-14.997373668375412,2017-09-28,0.0,0.0,0.0,0.0,0.14940430223941803,-0.011343090794980526,0.0004388619272504002,0.0,0.0,0.16078027003837528,unchanged,0
4,-64.31488276653714,-14.997373668375412,2017-10-04,0.16561250388622284,0.0,0.0,0.0,0.14940430223941803,-0.011343090794980526,0.0004388619272504002,0.0,0.0,0.1607049236787613,unchanged,0
4,-64.31488276653714,-14.997373668375412,2017-10-10,0.15777499973773956,0.0,0.0,0.0,0.14940430223941803,-0.011343090794980526,0.0004388619272504002,0.0,0.0,0.16051021363988485,unchanged,0
4,-64.31488276653714,-14.997373668375412,2017-10-16,0.0,0.0,0.0,0.0,0.14940430223941803,-0.011343090794980526,0.0004388619272504002,0.0,0.0,0.16020105144123095,unchanged,0
4,-64.31488276653714,-14.997373668375412,2017-10-22,0.16335749626159668,0.0,0.0,0.0,0.14940430223941803,-0.011343090794980526,0.0004388619272504002,0.0,0.0,0.1597834013968775,unchanged,0
4,-64.31488276653714,-14.997373668375412,2017-10-28,0.15890249609947205,0.0,0.0,0.0,0.14940430223941803,-0.011343090794980526,0.0004388619272504002,0.0,0.0,0.15926410479040326,unchanged,0
4,-64.31488276653714,-14.997373668375412,2017-11-03,0.0,0.0,0.0,0.0,0.14940430223941803,-0.011343090794980526,0.0004388619272504002,0.0,0.0,0.1586507049816741,unchanged,0
4,-64.31488276653714,-14.997373668375412,2017-11-09,0.0,0.0,0.0,0.0,0.14940430223941803,-0.011343090794980526,0.0004388619272504002,0.0,0.0,0.15795127951748167,unchanged,0
4,-64.31488276653714,-14.997373668375412,2017-11-15,0.0,0.0,0.0,0.0,0.14940430223941803,-0.011343090794980526,0.0004388619272504002,0.0,0.0,0.15717429175709438,unchanged,0
4,-64.31488276653714,-14.997373668375412,2017-11-21,0.0,0.0,0.0,0.0,0.14940430223941803,-0.011343090794980526,0.0004388619272504002,0.0,0.0,0.15632845599112516,unchanged,0
4,-64.31488276653714,-14.997373668375412,2017-11-27,0.0,0.0,0.0,0.0,0.14940430223941803,-0.011343090794980526,0.0004388619272504002,0.0,0.0,0.1554226262595834,unchanged,0
4,-64.31488276653714,-14.997373668375412,2017-12-03,0.0,0.0,0.0,0.0,0.14940430223941803,-0.011343090794980526,0.0004388619272504002,0.0,0.0,0.1544657082010354,unchanged,0
4,-64.31488276653714,-14.997373668375412,2017-12-09,0.0,0.0,0.0,0.0,0.14940430223941803,-0.011343090794980526,0.0004388619272504002,0.0,0.0,0.15346659842814936,unchanged,0
4,-64.31488276653714,-14.997373668375412,2017-12-15,0.13343749940395355,0.0,0.0,0.0,0.14940430223941803,-0.011343090794980526,0.0004388619272504002,0.0,0.0,0.15243414177107362,unchanged,0
4,-64.31488276653714,-14.997373668375412,2017-12-21,0.0,0.0,0.0,0.0,0.14940430223941803,-0.011343090794980526,0.0004388619272504002,0.0,0.0,0.15137711692963318,unchanged,0
4,-64.31488276653714,-14.997373668375412,2017-12-27,0.0,0.0,0.0,0.0,0.14940430223941803,-0.011343090794980526,0.0004388619272504002,0.0,0.0,0.15030423472151555,unchanged,0
4,-64.31488276653714,-14.997373668375412,2018-01-02,0.0,0.0,0.0,0.0,0.14940430223941803,-0.011343090794980526,0.0004388619272504002,0.0,0.0,0.1492241559170571,unchanged,0
4,-64.31488276653714,-14.997373668375412,2018-01-07,0.0,0.0,0.0,0.0,0.14940430223941803,-0.011343090794980526,0.0004388619272504002,0.0,0.0,0.1483248228452085,unchanged,0
4,-64.31488276653714,-14.997373668375412,2018-01-13,0.0,0.0,0.0,0.0,0.14940430223941803,-0.011343090794980526,0.0004388619272504002,0.0,0.0,0.14725398105988396,unchanged,0
4,-64.31488276653714,-14.997373668375412,2018-01-19,0.0,0.0,0.0,0.0,0.14940430223941803,-0.011343090794980526,0.0004388619272504002,0.0,0.0,0.14620044440796026,unchanged,0
4,-64.31488276653714,-14.997373668375412,2018-01-25,0.13943250477313995,0.0,0.0,0.0,0.14940430223941803,-0.011343090794980526,0.0004388619272504002,0.0,0.0,0.14517293419664992,unchanged,0
4,-64.31488276653714,-14.997373668375412,2018-01-31,0.0,0.0,0.0,0.0,0.14940430223941803,-0.011343090794980526,0.0004388619272504002,0.0,0.0,0.144180240177321,unchanged,0
4,-64.31488276653714,-14.997373668375412,2018-02-06,0.0,0.0,0.0,0.0,0.14940430223941803,-0.011343090794980526,0.0004388619272504002,0.0,0.0,0.14323121801804167,unchanged,0
4,-64.31488276653714,-14.997373668375412,2018-02-12,0.12430749833583832,0.0,0.0,0.0,0.14940430223941803,-0.011343090794980526,0.0004388619272504002,0.0,0.0,0.1423347691687553,unchanged,0
4,-64.31488276653714,-14.997373668375412,2018-02-18,0.0,0.0,0.0,0.0,0.14940430223941803,-0.011343090794980526,0.0004388619272504002,0.0,0.0,0.14149979599595175,unchanged,0
4,-64.31488276653714,-14.997373668375412,2018-02-24,0.0,0.0,0.0,0.0,0.14940430223941803,-0.011343090794980526,0.0004388619272504002,0.0,0.0,0.14073513545572286,unchanged,0
4,-64.31488276653714,-14.997373668375412,2018-03-02,0.0,0.0,0.0,0.0,0.14940430223941803,-0.011343090794980526,0.0004388619272504002,0.0,0.0,0.1400494688302033,unchanged,0
4,-64.31488276653714,-14.997373668375412,2018-03-08,0.0,0.0,0.0,0.0,0.14940430223941803,-0.011343090794980526,0.0004388619272504002,0.0,0.0,0.13945120359556396,unchanged,0
4,-64.31488276653714,-14.997373668375412,2018-03-14,0.0,0.0,0.0,0.0,0.14940430223941803,-0.011343090794980526,0.0004388619272504002,0.0,0.0,0.13894834144860688,unchanged,0
4,-64.31488276653714,-14.997373668375412,2018-03-20,0.0,0.0,0.0,0.0,0.14940430223941803,-0.011343090794980526,0.0004388619272504002,0.0,0.0,0.138548319086614,unchanged,0
4,-64.31488276653714,-14.997373668375412,2018-03-26,0.0,0.0,0.0,0.0,0.14940430223941803,-0.011343090794980526,0.0004388619272504002,0.0,0.0,0.13825784448130707,unchanged,0
4,-64.31488276653714,-14.997373668375412,2018-04-01,0.0,0.0,0.0,0.0,0.14940430223941803,-0.011343090794980526,0.0004388619272504002,0.0,0.0,0.13808271824084806,unchanged,0
4,-64.31488276653714,-14.997373668375412,2018-04-07,0.0,0.0,0.0,0.0,0.14940430223941803,-0.011343090794980526,0.0004388619272504002,0.0,0.0,0.13802765980264703,unchanged,0
4,-64.31488276653714,-14.997373668375412,2018-04-13,0.0,0.0,0.0,0.0,0.14940430223941803,-0.011343090794980526,0.0004388619272504002,0.0,0.0,0.13809613477817678,unchanged,0
4,-64.31488276653714,-14.997373668375412,2018-04-19,0.0,0.0,0.0,0.0,0.14940430223941803,-0.011343090794980526,0.0004388619272504002,0.0,0.0,0.13829019364614695,unchanged,0
4,-64.31488276653714,-14.997373668375412,2018-04-25,0.12524250149726868,0.0,0.0,0.0,0.14940430223941803,-0.011343090794980526,0.0004388619272504002,0.0,0.0,0.1386103349269485,unchanged,0
4,-64.31488276653714,-14.997373668375412,2018-05-01,0.0,0.0,0.0,0.0,0.14940430223941803,-0.011343090794980526,0.0004388619272504002,0.0,0.0,0.13905538793488664,unchanged,0
4,-64.31488276653714,-14.997373668375412,2018-05-07,0.0,0.0,0.0,0.0,0.14940430223941803,-0.011343090794980526,0.0004388619272504002,0.0,0.0,0.13962243216945475,unchanged,0
4,-64.31488276653714,-14.997373668375412,2018-05-13,0.0,0.0,0.0,0.0,0.14940430223941803,-0.011343090794980526,0.0004388619272504002,0.0,0.0,0.14030674941760213,unchanged,0
4,-64.31488276653714,-14.997373668375412,2018-05-19,0.135857492685318,0.0,0.0,0.0,0.14940430223941803,-0.011343090794980526,0.0004388619272504002,0.0,0.0,0.14110181748501566,unchanged,0
4,-64.31488276653714,-14.997373668375412,2018-05-25,0.13090750575065613,0.0,0.0,0.0,0.14940430223941803,-0.011343090794980526,0.0004388619272504002,0.0,0.0,0.14199934878695417,unchanged,0
4,-64.31488276653714,-14.997373668375412,2018-05-31,0.13558250665664673,0.0,0.0,0.0,0.14940430223941803,-0.011343090794980526,0.0004388619272504002,0.0,0.0,0.14298936915644142,unchanged,0
4,-64.31488276653714,-14.997373668375412,2018-06-06,0.0,0.0,0.0,0.0,0.14940430223941803,-0.011343090794980526,0.0004388619272504002,0.0,0.0,0.1440603416025239,unchanged,0
4,-64.31488276653714,-14.997373668375412,2018-06-12,0.0,0.0,0.0,0.0,0.14940430223941803,-0.011343090794980526,0.0004388619272504002,0.0,0.0,0.14519933153145012,unchanged,0
4,-64.31488276653714,-14.997373668375412,2018-06-18,0.0,0.0,0.0,0.0,0.14940430223941803,-0.011343090794980526,0.0004388619272504002,0.0,0.0,0.14639220914884993,unchanged,0
4,-64.31488276653714,-14.997373668375412,2018-06-24,0.13373999297618866,0.0,0.0,0.0,0.14940430223941803,-0.011343090794980526,0.0004388619272504002,0.0,0.0,0.14762388483746103,unchanged,0
4,-64.31488276653714,-14.997373668375412,2018-06-30,0.0,0.0,0.0,0.0,0.14940430223941803,-0.011343090794980526,0.0004388619272504002,0.0,0.0,0.14887857045570171,unchanged,0
4,-64.31488276653714,-14.997373668375412,2018-07-06,0.2197050005197525,0.0,0.0,0.0,0.14940430223941803,-0.011343090794980526,0.0004388619272504002,0.0,0.0,0.15014006166526347,unchanged,0
4,-64.31488276653714,-14.997373668375412,2018-07-12,0.0,0.0,0.0,0.0,0.14940430223941803,-0.011343090794980526,0.0004388619272504002,0.0,0.0,0.15139203004439136,unchanged,0
4,-64.31488276653714,-14.997373668375412,2018-07-18,0.0,0.0,0.0,0.0,0.14940430223941803,-0.011343090794980526,0.0004388619272504002,0.0,0.0,0.15261832021779165,unchanged,0
4,-64.31488276653714,-14.997373668375412,2018-07-24,0.0,0.0,0.0,0.0,0.14940430223941803,-0.011343090794980526,0.0004388619272504002,0.0,0.0,0.15380324162207146,unchanged,0
4,-64.31488276653714,-14.997373668375412,2018-07-30,0.14432750642299652,0.0,0.0,0.0,0.14940430223941803,-0.011343090794980526,0.0004388619272504002,0.0,0.0,0.1549318468019195,unchanged,0
4,-64.31488276653714,-14.997373668375412,2018-08-05,0.0,0.0,0.0,0.0,0.14940430223941803,-0.011343090794980526,0.0004388619272504002,0.0,0.0,0.15599019028126046,unchanged,0
4,-64.31488276653714,-14.997373668375412,2018-08-11,0.0,0.0,0.0,0.0,0.14940430223941803,-0.011343090794980526,0.0004388619272504002,0.0,0.0,0.15696555664781864,unchanged,0
4,-64.31488276653714,-14.997373668375412,2018-08-17,0.0,0.0,0.0,0.0,0.14940430223941803,-0.011343090794980526,0.0004388619272504002,0.0,0.0,0.15784665931328723,unchanged,0
4,-64.31488276653714,-14.997373668375412,2018-08-23,0.16388000547885895,0.0,0.0,0.0,0.14940430223941803,-0.011343090794980526,0.0004388619272504002,0.0,0.0,0.15862379748456365,unchanged,0
4,-64.31488276653714,-14.997373668375412,2018-08-29,0.15860000252723694,0.0,0.0,0.0,0.14940430223941803,-0.011343090794980526,0.0004388619272504002,0.0,0.0,0.15928897315505625,unchanged,0
4,-64.31488276653714,-14.997373668375412,2018-09-04,0.0,0.0,0.0,0.0,0.14940430223941803,-0.011343090794980526,0.0004388619272504002,0.0,0.0,0.15983596486033047,unchanged,0
4,-64.31488276653714,-14.997373668375412,2018-09-10,0.0,0.0,0.0,0.0,0.14940430223941803,-0.011343090794980526,0.0004388619272504002,0.0,0.0,0.1602603535478749,unchanged,0
4,-64.31488276653714,-14.997373668375412,2018-09-16,0.0,0.0,0.0,0.0,0.14940430223941803,-0.011343090794980526,0.0004388619272504002,0.0,0.0,0.16055951661633933,unchanged,0
4,-64.31488276653714,-14.997373668375412,2018-09-22,0.0,0.0,0.0,0.0,0.14940430223941803,-0.011343090794980526,0.0004388619272504002,0.0,0.0,0.16073256641939299,unchanged,0
4,-64.31488276653714,-14.997373668375412,2018-09-28,0.1628350019454956,0.0,0.0,0.0,0.14940430223941803,-0.011343090794980526,0.0004388619272504002,0.0,0.0,0.16078027003837528,unchanged,0
4,-64.31488276653714,-14.997373668375412,2018-10-04,0.0,0.0,0.0,0.0,0.14940430223941803,-0.011343090794980526,0.0004388619272504002,0.0,0.0,0.1607049236787613,unchanged,0
4,-64.31488276653714,-14.997373668375412,2018-10-10,0.0,0.0,0.0,0.0,0.14940430223941803,-0.011343090794980526,0.0004388619272504002,0.0,0.0,0.16051021363988485,unchanged,0
4,-64.31488276653714,-14.997373668375412,2018-10-16,0.0,0.0,0.0,0.0,0.14940430223941803,-0.011343090794980526,0.0004388619272504002,0.0,0.0,0.16020105144123095,unchanged,0
4,-64.31488276653714,-14.997373668375412,2018-10-22,0.0,0.0,0.0,0.0,0.14940430223941803,-0.011343090794980526,0.0004388619272504002,0.0,0.0,0.1597834013968775,unchanged,0
4,-64.31488276653714,-14.997373668375412,2018-10-28,0.0,0.0,0.0,0.0,0.14940430223941803,-0.011343090794980526,0.0004388619272504002,0.0,0.0,0.15926410479040326,unchanged,0
4,-64.31488276653714,-14.997373668375412,2018-11-03,0.0,0.0,0.0,0.0,0.14940430223941803,-0.011343090794980526,0.0004388619272504002,0.0,0.0,0.1586507049816741,unchanged,0
4,-64.31488276653714,-14.997373668375412,2018-11-09,0.0,0.0,0.0,0.0,0.14940430223941803,-0.011343090794980526,0.0004388619272504002,0.0,0.0,0.15795127951748167,unchanged,0
4,-64.31488276653714,-14.997373668375412,2018-11-15,0.0,0.0,0.0,0.0,0.14940430223941803,-0.011343090794980526,0.0004388619272504002,0.0,0.0,0.15717429175709438,unchanged,0
4,-64.31488276653714,-14.997373668375412,2018-11-21,0.0,0.0,0.0,0.0,0.14940430223941803,-0.011343090794980526,0.0004388619272504002,0.0,0.0,0.15632845599112516,unchanged,0
4,-64.31488276653714,-14.997373668375412,2018-11-27,0.0,0.0,0.0,0.0,0.14940430223941803,-0.011343090794980526,0.0004388619272504002,0.0,0.0,0.1554226262595834,unchanged,0
4,-64.31488276653714,-14.997373668375412,2018-12-03,0.0,0.0,0.0,0.0,0.14940430223941803,-0.011343090794980526,0.0004388619272504002,0.0,0.0,0.1544657082010354,unchanged,0
4,-64.31488276653714,-14.997373668375412,2018-12-09,0.0,0.0,0.0,0.0,0.14940430223941803,-0.011343090794980526,0.0004388619272504002,0.0,0.0,0.15346659842814936,unchanged,0
4,-64.31488276653714,-14.997373668375412,2018-12-15,0.0,0.0,0.0,0.0,0.14940430223941803,-0.011343090794980526,0.0004388619272504002,0.0,0.0,0.15243414177107362,unchanged,0
4,-64.31488276653714,-14.997373668375412,2018-12-21,0.0,0.0,0.0,0.0,0.14940430223941803,-0.011343090794980526,0.0004388619272504002,0.0,0.0,0.15137711692963318,unchanged,0
4,-64.31488276653714,-14.997373668375412,2018-12-27,0.0,0.0,0.0,0.0,0.14940430223941803,-0.011343090794980526,0.0004388619272504002,0.0,0.0,0.15030423472151555,unchanged,0
4,-64.31488276653714,-14.997373668375412,2019-01-02,0.0,0.0,0.0,0.0,0.14940430223941803,-0.011343090794980526,0.0004388619272504002,0.0,0.0,0.1492241559170571,unchanged,0
5,-64.85387193700886,-13.03006319615366,2016-01-07,0.0,0.03082888387143612,0.022779297083616257,-0.02053225040435791,0.24796098470687866,-0.1848548948764801,0.03318754956126213,-0.007863663136959076,0.0003076463472098112,0.2668310634777014,changed,1
5,-64.85387193700886,-13.03006319615366,2016-01-13,0.0,0.03082888387143612,0.022779297083616257,-0.02053225040435791,0.24796098470687866,-0.1848548948764801,0.03318754956126213,-0.007863663136959076,0.0003076463472098112,0.25327956785594874,changed,1
5,-64.85387193700886,-13.03006319615366,2016-01-19,0.0,0.03082888387143612,0.022779297083616257,-0.02053225040435791,0.24796098470687866,-0.1848548948764801,0.03318754956126213,-0.007863663136959076,0.0003076463472098112,0.24038111764444992,changed,1
5,-64.85387193700886,-13.03006319615366,2016-01-25,0.2530075013637543,0.03082888387143612,0.022779297083616257,-0.02053225040435791,0.24796098470687866,-0.1848548948764801,0.03318754956126213,-0.007863663136959076,0.0003076463472098112,0.22793218658862224,changed,1
5,-64.85387193700886,-13.03006319615366,2016-01-31,0.0,0.03082888387143612,0.022779297083616257,-0.02053225040435791,0.24796098470687866,-0.1848548948764801,0.03318754956126213,-0.007863663136959076,0.0003076463472098112,0.21562675717596036,changed,1
5,-64.85387193700886,-13.03006319615366,2016-02-06,0.0,0.03082888387143612,0.022779297083616257,-0.02053225040435791,0.24796098470687866,-0.1848548948764801,0.03318754956126213,-0.007863663136959076,0.0003076463472098112,0.20309776482688824,changed,1
5,-64.85387193700886,-13.03006319615366,2016-02-12,0.09867750108242035,0.03082888387143612,0.022779297083616257,-0.02053225040435791,0.24796098470687866,-0.1848548948764801,0.03318754956126213,-0.007863663136959076,0.0003076463472098112,0.1899673658020976,changed,1
5,-64.85387193700886,-13.03006319615366,2016-02-18,0.0,0.03082888387143612,0.022779297083616257,-0.02053225040435791,0.24796098470687866,-0.1848548948764801,0.03318754956126213,-0.007863663136959076,0.0003076463472098112,0.1759018074229459,changed,1
5,-64.85387193700886,-13.03006319615366,2016-02-24,0.0,0.03082888387143612,0.022779297083616257,-0.02053225040435791,0.24796098470687866,-0.1848548948764801,0.03318754956126213,-0.007863663136959076,0.0003076463472098112,0.1606646099235417,changed,1
5,-64.85387193700886,-13.03006319615366,2016-03-01,0.0,0.03082888387143612,0.022779297083616257,-0.02053225040435791,0.24796098470687866,-0.1848548948764801,0.03318754956126213,-0.007863663136959076,0.0003076463472098112,0.14416302380940946,changed,1
5,-64.85387193700886,-13.03006319615366,2016-03-07,0.0,0.03082888387143612,0.022779297083616257,-0.02053225040435791,0.24796098470687866,-0.1848548948764801,0.03318754956126213,-0.007863663136959076,0.0003076463472098112,0.12648298398860064,changed,1
5,-64.85387193700886,-13.03006319615366,2016-03-13,0.05478750169277191,0.03082888387143612,0.022779297083616257,-0.02053225040435791,0.24796098470687866,-0.1848548948764801,0.03318754956126213,-0.007863663136959076,0.0003076463472098112,0.10790798053975464,changed,1
5,-64.85387193700886,-13.03006319615366,2016-03-19,0.0,0.03082888387143612,0.022779297083616257,-0.02053225040435791,0.24796098470687866,-0.1848548948764801,0.03318754956126213,-0.007863663136959076,0.0003076463472098112,0.08891971958484746,changed,1
5,-64.85387193700886,-13.03006319615366,2016-03-25,0.0,0.03082888387143612,0.022779297083616257,-0.02053225040435791,0.24796098470687866,-0.1848548948764801,0.03318754956126213,-0.007863663136959076,0.0003076463472098112,0.07017974192486753,changed,1
5,-64.85387193700886,-13.03006319615366,2016-03-31,0.0,0.03082888387143612,0.022779297083616257,-0.02053225040435791,0.24796098470687866,-0.1848548948764801,0.03318754956126213,-0.007863663136959076,0.0003076463472098112,0.05249244601957821,changed,1
5,-64.85387193700886,-13.03006319615366,2016-04-06,0.044530000537633896,0.03082888387143612,0.022779297083616257,-0.02053225040435791,0.24796098470687866,-0.1848548948764801,0.03318754956126213,-0.007863663136959076,0.0003076463472098112,0.03675261189263934,changed,1
5,-64.85387193700886,-13.03006319615366,2016-04-12,0.0,0.03082888387143612,0.022779297083616257,-0.02053225040435791,0.24796098470687866,-0.1848548948764801,0.03318754956126213,-0.007863663136959076,0.0003076463472098112,0.023881159604730362,changed,1
5,-64.85387193700886,-13.03006319615366,2016-04-18,0.0,0.03082888387143612,0.022779297083616257,-0.02053225040435791,0.24796098470687866,-0.1848548948764801,0.03318754956126213,-0.007863663136959076,0.0003076463472098112,0.014755159502709891,changed,1
5,-64.85387193700886,-13.03006319615366,2016-04-24,0.0,0.03082888387143612,0.022779297083616257,-0.02053225040435791,0.24796098470687866,-0.1848548948764801,0.03318754956126213,-0.007863663136959076,0.0003076463472098112,0.010137196377714708,changed,1
5,-64.85387193700886,-13.03006319615366,2016-04-30,0.0,0.03082888387143612,0.022779297083616257,-0.02053225040435791,0.24796098470687866,-0.1848548948764801,0.03318754956126213,-0.007863663136959076,0.0003076463472098112,0.010610778532252785,changed,1
5,-64.85387193700886,-13.03006319615366,2016-05-06,0.0,0.03082888387143612,0.022779297083616257,-0.02053225040435791,0.24796098470687866,-0.1848548948764801,0.03318754956126213,-0.007863663136959076,0.0003076463472098112,0.016527851240974667,changed,1
5,-64.85387193700886,-13.03006319615366,2016-05-12,0.0,0.03082888387143612,0.022779297083616257,-0.02053225040435791,0.24796098470687866,-0.1848548948764801,0.03318754956126213,-0.007863663136959076,0.0003076463472098112,0.0279723138981971,changed,1
5,-64.85387193700886,-13.03006319615366,2016-05-18,0.0,0.03082888387143612,0.022779297083616257,-0.02053225040435791,0.24796098470687866,-0.1848548948764801,0.03318754956126213,-0.007863663136959076,0.0003076463472098112,0.04474386005219165,changed,1
5,-64.85387193700886,-13.03006319615366,2016-05-24,0.0,0.03082888387143612,0.022779297083616257,-0.02053225040435791,0.24796098470687866,-0.1848548948764801,0.03318754956126213,-0.007863663136959076,0.0003076463472098112,0.06636310218821267,changed,1
5,-64.85387193700886,-13.03006319615366,2016-05-30,0.0,0.03082888387143612,0.022779297083616257,-0.02053225040435791,0.24796098470687866,-0.1848548948764801,0.03318754956126213,-0.007863663136959076,0.0003076463472098112,0.09209853429106585,changed,1
5,-64.85387193700886,-13.03006319615366,2016-06-05,0.0,0.03082888387143612,0.022779297083616257,-0.02053225040435791,0.24796098470687866,-0.1848548948764801,0.03318754956126213,-0.007863663136959076,0.0003076463472098112,0.1210126516895268,changed,1
5,-64.85387193700886,-13.03006319615366,2016-06-11,0.0,0.03082888387143612,0.022779297083616257,-0.02053225040435791,0.24796098470687866,-0.1848548948764801,0.03318754956126213,-0.007863663136959076,0.0003076463472098112,0.1520236229539934,changed,1
5,-64.85387193700886,-13.03006319615366,2016-06-17,0.29164499044418335,0.03082888387143612,0.022779297083616257,-0.02053225040435791,0.24796098470687866,-0.1848548948764801,0.03318754956126213,-0.007863663136959076,0.0003076463472098112,0.1839779430363515,changed,1
5,-64.85387193700886,-13.03006319615366,2016-06-23,0.0,0.03082888387143612,0.022779297083616257,-0.02053225040435791,0.24796098470687866,-0.1848548948764801,0.03318754956126213,-0.007863663136959076,0.0003076463472098112,0.21572726598141712,changed,1
5,-64.85387193700886,-13.03006319615366,2016-06-29,0.30979499220848083,0.03082888387143612,0.022779297083616257,-0.02053225040435791,0.24796098470687866,-0.1848548948764801,0.03318754956126213,-0.007863663136959076,0.0003076463472098112,0.24620339921346104,changed,1
5,-64.85387193700886,-13.03006319615366,2016-07-05,0.32910001277923584,0.03082888387143612,0.022779297083616257,-0.02053225040435791,0.24796098470687866,-0.1848548948764801,0.03318754956126213,-0.007863663136959076,0.0003076463472098112,0.2744856725249384,changed,1
5,-64.85387193700886,-13.03006319615366,2016-07-11,0.0,0.03082888387143612,0.022779297083616257,-0.02053225040435791,0.24796098470687866,-0.1848548948764801,0.03318754956126213,-0.007863663136959076,0.0003076463472098112,0.29985445789499865,changed,1
5,-64.85387193700886,-13.03006319615366,2016-07-17,0.0,0.03082888387143612,0.022779297083616257,-0.02053225040435791,0.24796098470687866,-0.1848548948764801,0.03318754956126213,-0.007863663136959076,0.0003076463472098112,0.3218273114359391,changed,1
5,-64.85387193700886,-13.03006319615366,2016-07-23,0.3592950105667114,0.03082888387143612,0.022779297083616257,-0.02053225040435791,0.24796098470687866,-0.1848548948764801,0.03318754956126213,-0.007863663136959076,0.0003076463472098112,0.34017466615191594,changed,1
5,-64.85387193700886,-13.03006319615366,2016-07-29,0.0,0.03082888387143612,0.022779297083616257,-0.02053225040435791,0.24796098470687866,-0.1848548948764801,0.03318754956126213,-0.007863663136959076,0.0003076463472098112,0.35491488835609897,changed,1
5,-64.85387193700886,-13.03006319615366,2016-08-04,0.3808000087738037,0.03082888387143612,0.022779297083616257,-0.02053225040435791,0.24796098470687866,-0.1848548948764801,0.03318754956126213,-0.007863663136959076,0.0003076463472098112,0.36628909949313937,changed,1
5,-64.85387193700886,-13.03006319615366,2016-08-10,0.0,0.03082888387143612,0.022779297083616257,-0.02053225040435791,0.24796098470687866,-0.1848548948764801,0.03318754956126213,-0.007863663136959076,0.0003076463472098112,0.37471886143153793,changed,1
5,-64.85387193700886,-13.03006319615366,2016-08-16,0.0,0.03082888387143612,0.022779297083616257,-0.02053225040435791,0.24796098470687866,-0.1848548948764801,0.03318754956126213,-0.007863663136959076,0.0003076463472098112,0.3807514337145026,changed,1
5,-64.85387193700886,-13.03006319615366,2016-08-22,0.0,0.03082888387143612,0.022779297083616257,-0.02053225040435791,0.24796098470687866,-0.1848548948764801,0.03318754956126213,-0.007863663136959076,0.0003076463472098112,0.38499715622004493,changed,1
5,-64.85387193700886,-13.03006319615366,2016-08-28,0.4264500141143799,0.03082888387143612,0.022779297083616257,-0.02053225040435791,0.24796098470687866,-0.1848548948764801,0.03318754956126213,-0.007863663136959076,0.0003076463472098112,0.38806529540374013,changed,1
5,-64.85387193700886,-13.03006319615366,2016-09-03,0.0,0.03082888387143612,0.022779297083616257,-0.02053225040435791,0.24796098470687866,-0.1848548948764801,0.03318754956126213,-0.007863663136959076,0.0003076463472098112,0.3905044710113861,changed,1
5,-64.85387193700886,-13.03006319615366,2016-09-09,0.0,0.03082888387143612,0.022779297083616257,-0.02053225040435791,0.24796098470687866,-0.1848548948764801,0.03318754956126213,-0.007863663136959076,0.0003076463472098112,0.392752241551081,changed,1
5,-64.85387193700886,-13.03006319615366,2016-09-15,0.0,0.03082888387143612,0.022779297083616257,-0.02053225040435791,0.24796098470687866,-0.1848548948764801,0.03318754956126213,-0.007863663136959076,0.0003076463472098112,0.3950989144219702,changed,1
5,-64.85387193700886,-13.03006319615366,2016-09-21,0.32288500666618347,0.03082888387143612,0.022779297083616257,-0.02053225040435791,0.24796098470687866,-0.1848548948764801,0.03318754956126213,-0.007863663136959076,0.0003076463472098112,0.39766775961480305,changed,1
5,-64.85387193700886,-13.03006319615366,2016-09-27,0.0,0.03082888387143612,0.022779297083616257,-0.02053225040435791,0.24796098470687866,-0.1848548948764801,0.03318754956126213,-0.007863663136959076,0.0003076463472098112,0.40041363618247594,changed,1
5,-64.85387193700886,-13.03006319615366,2016-10-03,0.3880600035190582,0.03082888387143612,0.022779297083616257,-0.02053225040435791,0.24796098470687866,-0.1848548948764801,0.03318754956126213,-0.007863663136959076,0.0003076463472098112,0.4031387190643599,changed,1
5,-64.85387193700886,-13.03006319615366,2016-10-09,0.0,0.03082888387143612,0.022779297083616257,-0.02053225040435791,0.24796098470687866,-0.1848548948764801,0.03318754956126213,-0.007863663136959076,0.0003076463472098112,0.40552335514411375,changed,1
5,-64.85387193700886,-13.03006319615366,2016-10-15,0.0,0.03082888387143612,0.022779297083616257,-0.02053225040435791,0.24796098470687866,-0.1848548948764801,0.03318754956126213,-0.007863663136959076,0.0003076463472098112,0.40716900045831794,changed,1
5,-64.85387193700886,-13.03006319615366,2016-10-21,0.0,0.03082888387143612,0.022779297083616257,-0.02053225040435791,0.24796098470687866,-0.1848548948764801,0.03318754956126213,-0.007863663136959076,0.0003076463472098112,0.407647659056054,changed,1
5,-64.85387193700886,-13.03006319615366,2016-10-27,0.0,0.03082888387143612,0.022779297083616257,-0.02053225040435791,0.24796098470687866,-0.1848548948764801,0.03318754956126213,-0.007863663136959076,0.0003076463472098112,0.4065532404385666,changed,1
5,-64.85387193700886,-13.03006319615366,2016-11-02,0.0,0.03082888387143612,0.022779297083616257,-0.02053225040435791,0.24796098470687866,-0.1848548948764801,0.03318754956126213,-0.007863663136959076,0.0003076463472098112,0.4035491463012405,changed,1
5,-64.85387193700886,-13.03006319615366,2016-11-08,0.0,0.03082888387143612,0.022779297083616257,-0.02053225040435791,0.24796098470687866,-0.1848548948764801,0.03318754956126213,-0.007863663136959076,0.0003076463472098112,0.3984076569748157,changed,1
5,-64.85387193700886,-13.03006319615366,2016-11-14,0.0,0.03082888387143612,0.022779297083616257,-0.02053225040435791,0.24796098470687866,-0.1848548948764801,0.03318754956126213,-0.007863663136959076,0.0003076463472098112,0.39103677631609024,changed,1
5,-64.85387193700886,-13.03006319615366,2016-11-20,0.0,0.03082888387143612,0.022779297083616257,-0.02053225040435791,0.24796098470687866,-0.1848548948764801,0.03318754956126213,-0.007863663136959076,0.0003076463472098112,0.3814920255390314,changed,1
5,-64.85387193700886,-13.03006319615366,2016-11-26,0.0,0.03082888387143612,0.022779297083616257,-0.02053225040435791,0.24796098470687866,-0.1848548948764801,0.03318754956126213,-0.007863663136959076,0.0003076463472098112,0.3699725510448696,changed,1
5,-64.85387193700886,-13.03006319615366,2016-12-02,0.0,0.03082888387143612,0.022779297083616257,-0.02053225040435791,0.24796098470687866,-0.1848548948764801,0.03318754956126213,-0.007863663136959076,0.0003076463472098112,0.3568016195850964,changed,1
5,-64.85387193700886,-13.03006319615366,2016-12-08,0.0,0.03082888387143612,0.022779297083616257,-0.02053225040435791,0.24796098470687866,-0.1848548948764801,0.03318754956126213,-0.007863663136959076,0.0003076463472098112,0.34239380260870245,changed,1
5,-64.85387193700886,-13.03006319615366,2016-12-14,0.0,0.03082888387143612,0.022779297083616257,-0.02053225040435791,0.24796098470687866,-0.1848548948764801,0.03318754956126213,-0.007863663136959076,0.0003076463472098112,0.32721292054648865,changed,1
5,-64.85387193700886,-13.03006319615366,2016-12-20,0.0,0.03082888387143612,0.022779297083616257,-0.02053225040435791,0.24796098470687866,-0.1848548948764801,0.03318754956126213,-0.007863663136959076,0.0003076463472098112,0.31172449016694737,changed,1
5,-64.85387193700886,-13.03006319615366,2016-12-26,0.0,0.03082888387143612,0.022779297083616257,-0.02053225040435791,0.24796098470687866,-0.1848548948764801,0.03318754956126213,-0.007863663136959076,0.0003076463472098112,0.2963483245859834,changed,1
5,-64.85387193700886,-13.03006319615366,2017-01-01,0.0,0.03082888387143612,0.022779297083616257,-0.02053225040435791,0.24796098470687866,-0.1848548948764801,0.03318754956126213,-0.007863663136959076,0.0003076463472098112,0.28141606482689513,changed,1
5,-64.85387193700886,-13.03006319615366,2017-01-07,0.0,0.03082888387143612,0.022779297083616257,-0.02053225040435791,0.24796098470687866,-0.1848548948764801,0.03318754956126213,-0.007863663136959076,0.0003076463472098112,0.2671006159605702,changed,1
5,-64.85387193700886,-13.03006319615366,2017-01-13,0.0,0.03082888387143612,0.022779297083616257,-0.02053225040435791,0.24796098470687866,-0.1848548948764801,0.03318754956126213,-0.007863663136959076,0.0003076463472098112,0.25351486130999124,changed,1
5,-64.85387193700886,-13.03006319615366,2017-01-19,0.0,0.03082888387143612,0.022779297083616257,-0.02053225040435791,0.24796098470687866,-0.1848548948764801,0.03318754956126213,-0.007863663136959076,0.0003076463472098112,0.24058496797349416,changed,1
5,-64.85387193700886,-13.03006319615366,2017-01-25,0.0,0.03082888387143612,0.022779297083616257,-0.02053225040435791,0.24796098470687866,-0.1848548948764801,0.03318754956126213,-0.007863663136959076,0.0003076463472098112,0.2281048529600408,changed,1
5,-64.85387193700886,-13.03006319615366,2017-01-31,0.0,0.03082888387143612,0.022779297083616257,-0.02053225040435791,0.24796098470687866,-0.1848548948764801,0.03318754956126213,-0.007863663136959076,0.0003076463472098112,0.2157651668015773,changed,1
5,-64.85387193700886,-13.03006319615366,2017-02-06,0.0,0.03082888387143612,0.022779297083616257,-0.02053225040435791,0.24796098470687866,-0.1848548948764801,0.03318754956126213,-0.007863663136959076,0.0003076463472098112,0.20319542447561223,changed,1
5,-64.85387193700886,-13.03006319615366,2017-02-12,0.0,0.03082888387143612,0.022779297083616257,-0.02053225040435791,0.24796098470687866,-0.1848548948764801,0.03318754956126213,-0.007863663136959076,0.0003076463472098112,0.19001501282749111,changed,1
5,-64.85387193700886,-13.03006319615366,2017-02-18,0.0,0.03082888387143612,0.022779297083616257,-0.02053225040435791,0.24796098470687866,-0.1848548948764801,0.03318754956126213,-0.007863663136959076,0.0003076463472098112,0.17588867697699218,changed,1
5,-64.85387193700886,-13.03006319615366,2017-02-24,0.0,0.03082888387143612,0.022779297083616257,-0.02053225040435791,0.24796098470687866,-0.1848548948764801,0.03318754956126213,-0.007863663136959076,0.0003076463472098112,0.16058059394785695,changed,1
5,-64.85387193700886,-13.03006319615366,2017-03-02,0.0,0.03082888387143612,0.022779297083616257,-0.02053225040435791,0.24796098470687866,-0.1848548948764801,0.03318754956126213,-0.007863663136959076,0.0003076463472098112,0.14400116758512974,changed,1
5,-64.85387193700886,-13.03006319615366,2017-03-08,0.0,0.03082888387143612,0.022779297083616257,-0.02053225040435791,0.24796098470687866,-0.1848548948764801,0.03318754956126213,-0.007863663136959076,0.0003076463472098112,0.12624196575172503,changed,1
5,-64.85387193700886,-13.03006319615366,2017-03-14,0.0,0.03082888387143612,0.022779297083616257,-0.02053225040435791,0.24796098470687866,-0.1848548948764801,0.03318754956126213,-0.007863663136959076,0.0003076463472098112,0.10759474386330198,changed,1
5,-64.85387193700886,-13.03006319615366,2017-03-20,0.0,0.03082888387143612,0.022779297083616257,-0.02053225040435791,0.24796098470687866,-0.1848548948764801,0.03318754956126213,-0.007863663136959076,0.0003076463472098112,0.08855125414760912,changed,1
5,-64.85387193700886,-13.03006319615366,2017-03-26,0.0,0.03082888387143612,0.022779297083616257,-0.02053225040435791,0.24796098470687866,-0.1848548948764801,0.03318754956126213,-0.007863663136959076,0.0003076463472098112,0.06978405703303497,changed,1
5,-64.85387193700886,-13.03006319615366,2017-04-01,0.0,0.03082888387143612,0.022779297083616257,-0.02053225040435791,0.24796098470687866,-0.1848548948764801,0.03318754956126213,-0.007863663136959076,0.0003076463472098112,0.05210859644038922,changed,1
5,-64.85387193700886,-13.03006319615366,2017-04-07,0.0,0.03082888387143612,0.022779297083616257,-0.02053225040435791,0.24796098470687866,-0.1848548948764801,0.03318754956126213,-0.007863663136959076,0.0003076463472098112,0.036429256846918834,changed,1
5,-64.85387193700886,-13.03006319615366,2017-04-13,0.0,0.03082888387143612,0.022779297083616257,-0.02053225040435791,0.24796098470687866,-0.1848548948764801,0.03318754956126213,-0.007863663136959076,0.0003076463472098112,0.02367414637128762,changed,1
5,-64.85387193700886,-13.03006319615366,2017-04-19,0.0,0.03082888387143612,0.022779297083616257,-0.02053225040435791,0.24796098470687866,-0.1848548948764801,0.03318754956126213,-0.007863663136959076,0.0003076463472098112,0.014723810355987188,changed,1
5,-64.85387193700886,-13.03006319615366,2017-04-25,0.0,0.03082888387143612,0.022779297083616257,-0.02053225040435791,0.24796098470687866,-0.1848548948764801,0.03318754956126213,-0.007863663136959076,0.0003076463472098112,0.010339771662317532,changed,1
5,-64.85387193700886,-13.03006319615366,2017-05-01,0.0,0.03082888387143612,0.022779297083616257,-0.02053225040435791,0.24796098470687866,-0.1848548948764801,0.03318754956126213,-0.007863663136959076,0.0003076463472098112,0.011099671741276185,changed,1
5,-64.85387193700886,-13.03006319615366,2017-05-07,0.025939999148249626,0.03082888387143612,0.022779297083616257,-0.02053225040435791,0.24796098470687866,-0.1848548948764801,0.03318754956126213,-0.007863663136959076,0.0003076463472098112,0.01734467796706496,changed,1
5,-64.85387193700886,-13.03006319615366,2017-05-13,0.0,0.03082888387143612,0.022779297083616257,-0.02053225040435791,0.24796098470687866,-0.1848548948764801,0.03318754956126213,-0.007863663136959076,0.0003076463472098112,0.029143493554781352,changed,1
5,-64.85387193700886,-13.03006319615366,2017-05-19,0.0,0.03082888387143612,0.022779297083616257,-0.02053225040435791,0.24796098470687866,-0.1848548948764801,0.03318754956126213,-0.007863663136959076,0.0003076463472098112,0.04627714072989701,changed,1
5,-64.85387193700886,-13.03006319615366,2017-05-25,0.0,0.03082888387143612,0.022779297083616257,-0.02053225040435791,0.24796098470687866,-0.1848548948764801,0.03318754956126213,-0.007863663136959076,0.0003076463472098112,0.06824577578558405,changed,1
5,-64.85387193700886,-13.03006319615366,2017-05-31,0.060727499425411224,0.03082888387143612,0.022779297083616257,-0.02053225040435791,0.24796098470687866,-0.1848548948764801,0.03318754956126213,-0.007863663136959076,0.0003076463472098112,0.09429687803092202,changed,1
5,-64.85387193700886,-13.03006319615366,2017-06-06,0.08723749965429306,0.03082888387143612,0.022779297083616257,-0.02053225040435791,0.24796098470687866,-0.1848548948764801,0.03318754956126213,-0.007863663136959076,0.0003076463472098112,0.12347330621538466,changed,1
5,-64.85387193700886,-13.03006319615366,2017-06-12,0.17518250644207,0.03082888387143612,0.022779297083616257,-0.02053225040435791,0.24796098470687866,-0.1848548948764801,0.03318754956126213,-0.007863663136959076,0.0003076463472098112,0.15467700873607204,changed,1
5,-64.85387193700886,-13.03006319615366,2017-06-18,0.0,0.03082888387143612,0.022779297083616257,-0.02053225040435791,0.24796098470687866,-0.1848548948764801,0.03318754956126213,-0.007863663136959076,0.0003076463472098112,0.18674269075688488,changed,1
5,-64.85387193700886,-13.03006319615366,2017-06-24,0.0,0.03082888387143612,0.022779297083616257,-0.02053225040435791,0.24796098470687866,-0.1848548948764801,0.03318754956126213,-0.007863663136959076,0.0003076463472098112,0.21851604717764905,changed,1
5,-64.85387193700886,-13.03006319615366,2017-06-30,0.0,0.03082888387143612,0.022779297083616257,-0.02053225040435791,0.24796098470687866,-0.1848548948764801,0.03318754956126213,-0.007863663136959076,0.0003076463472098112,0.24892959116148117,changed,1
5,-64.85387193700886,-13.03006319615366,2017-07-06,0.29183751344680786,0.03082888387143612,0.022779297083616257,-0.02053225040435791,0.24796098470687866,-0.1848548948764801,0.03318754956126213,-0.007863663136959076,0.0003076463472098112,0.27706961622521376,changed,1
5,-64.85387193700886,-13.03006319615366,2017-07-12,0.0,0.03082888387143612,0.022779297083616257,-0.02053225040435791,0.24796098470687866,-0.1848548948764801,0.03318754956126213,-0.007863663136959076,0.0003076463472098112,0.302229406724007,changed,1
5,-64.85387193700886,-13.03006319615366,2017-07-18,0.0,0.03082888387143612,0.022779297083616257,-0.02053225040435791,0.24796098470687866,-0.1848548948764801,0.03318754956126213,-0.007863663136959076,0.0003076463472098112,0.3239442752029513,changed,1
5,-64.85387193700886,-13.03006319615366,2017-07-24,0.3226099908351898,0.03082888387143612,0.022779297083616257,-0.02053225040435791,0.24796098470687866,-0.1848548948764801,0.03318754956126213,-0.007863663136959076,0.0003076463472098112,0.34200556265339976,changed,1
5,-64.85387193700886,-13.03006319615366,2017-07-30,0.0,0.03082888387143612,0.022779297083616257,-0.02053225040435791,0.24796098470687866,-0.1848548948764801,0.03318754956126213,-0.007863663136959076,0.0003076463472098112,0.3564536515944233,changed,1
5,-64.85387193700886,-13.03006319615366,2017-08-05,0.0,0.03082888387143612,0.022779297083616257,-0.02053225040435791,0.24796098470687866,-0.1848548948764801,0.03318754956126213,-0.007863663136959076,0.0003076463472098112,0.36755092253011323,changed,1
5,-64.85387193700886,-13.03006319615366,2017-08-11,0.357479989528656,0.03082888387143612,0.022779297083616257,-0.02053225040435791,0.24796098470687866,-0.1848548948764801,0.03318754956126213,-0.007863663136959076,0.0003076463472098112,0.3757373179648805,changed,1
5,-64.85387193700886,-13.03006319615366,2017-08-17,0.0,0.03082888387143612,0.022779297083616257,-0.02053225040435791,0.24796098470687866,-0.1848548948764801,0.03318754956126213,-0.007863663136959076,0.0003076463472098112,0.381573751579654,changed,1
5,-64.85387193700886,-13.03006319615366,2017-08-23,0.3784349858760834,0.03082888387143612,0.022779297083616257,-0.02053225040435791,0.24796098470687866,-0.1848548948764801,0.03318754956126213,-0.007863663136959076,0.0003076463472098112,0.385678450150487,changed,1
5,-64.85387193700886,-13.03006319615366,2017-08-29,0.0,0.03082888387143612,0.022779297083616257,-0.02053225040435791,0.24796098470687866,-0.1848548948764801,0.03318754956126213,-0.007863663136959076,0.0003076463472098112,0.3886619492929355,changed,1
5,-64.85387193700886,-13.03006319615366,2017-09-04,0.0,0.03082888387143612,0.022779297083616257,-0.02053225040435791,0.24796098470687866,-0.1848548948764801,0.03318754956126213,-0.007863663136959076,0.0003076463472098112,0.39106739865799395,changed,1
5,-64.85387193700886,-13.03006319615366,2017-09-10,0.3720549941062927,0.03082888387143612,0.022779297083616257,-0.02053225040435791,0.24796098470687866,-0.1848548948764801,0.03318754956126213,-0.007863663136959076,0.0003076463472098112,0.3933210378471359,changed,1
5,-64.85387193700886,-13.03006319615366,2017-09-16,0.0,0.03082888387143612,0.022779297083616257,-0.02053225040435791,0.24796098470687866,-0.1848548948764801,0.03318754956126213,-0.007863663136959076,0.0003076463472098112,0.39569702597532236,changed,1
5,-64.85387193700886,-13.03006319615366,2017-09-22,0.0,0.03082888387143612,0.022779297083616257,-0.02053225040435791,0.24796098470687866,-0.1848548948764801,0.03318754956126213,-0.007863663136959076,0.0003076463472098112,0.3982996160628244,changed,1
5,-64.85387193700886,-13.03006319615366,2017-09-28,0.0,0.03082888387143612,0.022779297083616257,-0.02053225040435791,0.24796098470687866,-0.1848548948764801,0.03318754956126213,-0.007863663136959076,0.0003076463472098112,0.40106386135857164,changed,1
5,-64.85387193700886,-13.03006319615366,2017-10-04,0.41828250885009766,0.03082888387143612,0.022779297083616257,-0.02053225040435791,0.24796098470687866,-0.1848548948764801,0.03318754956126213,-0.007863663136959076,0.0003076463472098112,0.4037732716897626,changed,1
5,-64.85387193700886,-13.03006319615366,2017-10-10,0.41341501474380493,0.03082888387143612,0.022779297083616257,-0.02053225040435791,0.24796098470687866,-0.1848548948764801,0.03318754956126213,-0.007863663136959076,0.0003076463472098112,0.40609330034113766,changed,1
5,-64.85387193700886,-13.03006319615366,2017-10-16,0.0,0.03082888387143612,0.022779297083616257,-0.02053225040435791,0.24796098470687866,-0.1848548948764801,0.03318754956126213,-0.007863663136959076,0.0003076463472098112,0.40761543053951754,changed,1
5,-64.85387193700886,-13.03006319615366,2017-10-22,0.43835750222206116,0.03082888387143612,0.022779297083616257,-0.02053225040435791,0.24796098470687866,-0.1848548948764801,0.03318754956126213,-0.007863663136959076,0.0003076463472098112,0.40790809193497507,changed,1
5,-64.85387193700886,-13.03006319615366,2017-10-28,0.45771750807762146,0.03082888387143612,0.022779297083616257,-0.02053225040435791,0.24796098470687866,-0.1848548948764801,0.03318754956126213,-0.007863663136959076,0.0003076463472098112,0.4065686200919454,changed,1
5,-64.85387193700886,-13.03006319615366,2017-11-03,0.35893750190734863,0.03082888387143612,0.022779297083616257,-0.02053225040435791,0.24796098470687866,-0.1848548948764801,0.03318754956126213,-0.007863663136959076,0.0003076463472098112,0.40327049347095256,changed,1
5,-64.85387193700886,-13.03006319615366,2017-11-09,0.0,0.03082888387143612,0.022779297083616257,-0.02053225040435791,0.24796098470687866,-0.1848548948764801,0.03318754956126213,-0.007863663136959076,0.0003076463472098112,0.39780169474080784,changed,1
5,-64.85387193700886,-13.03006319615366,2017-11-15,0.0,0.03082888387143612,0.022779297083616257,-0.02053225040435791,0.24796098470687866,-0.1848548948764801,0.03318754956126213,-0.007863663136959076,0.0003076463472098112,0.390090163792259,changed,1
5,-64.85387193700886,-13.03006319615366,2017-11-21,0.41880500316619873,0.03082888387143612,0.022779297083616257,-0.02053225040435791,0.24796098470687866,-0.1848548948764801,0.03318754956126213,-0.007863663136959076,0.0003076463472098112,0.38021334694983244,changed,1
5,-64.85387193700886,-13.03006319615366,2017-11-27,0.0,0.03082888387143612,0.022779297083616257,-0.02053225040435791,0.24796098470687866,-0.1848548948764801,0.03318754956126213,-0.007863663136959076,0.0003076463472098112,0.36839187593431466,changed,1
5,-64.85387193700886,-13.03006319615366,2017-12-03,0.0,0.03082888387143612,0.022779297083616257,-0.02053225040435791,0.24796098470687866,-0.1848548948764801,0.03318754956126213,-0.007863663136959076,0.0003076463472098112,0.3549678105910228,changed,1
5,-64.85387193700886,-13.03006319615366,2017-12-09,0.0,0.03082888387143612,0.022779297083616257,-0.02053225040435791,0.24796098470687866,-0.1848548948764801,0.03318754956126213,-0.007863663136959076,0.0003076463472098112,0.3403696314364676,changed,1
5,-64.85387193700886,-13.03006319615366,2017-12-15,0.0,0.03082888387143612,0.022779297083616257,-0.02053225040435791,0.24796098470687866,-0.1848548948764801,0.03318754956126213,-0.007863663136959076,0.0003076463472098112,0.32506831879696385,changed,1
5,-64.85387193700886,-13.03006319615366,2017-12-21,0.0,0.03082888387143612,0.022779297083616257,-0.02053225040435791,0.24796098470687866,-0.1848548948764801,0.03318754956126213,-0.007863663136959076,0.0003076463472098112,0.3095291111981142,changed,1
5,-64.85387193700886,-13.03006319615366,2017-12-27,0.0,0.03082888387143612,0.022779297083616257,-0.02053225040435791,0.24796098470687866,-0.1848548948764801,0.03318754956126213,-0.007863663136959076,0.0003076463472098112,0.29416362274185226,changed,1
5,-64.85387193700886,-13.03006319615366,2018-01-02,0.0,0.03082888387143612,0.022779297083616257,-0.02053225040435791,0.24796098470687866,-0.1848548948764801,0.03318754956126213,-0.007863663136959076,0.0003076463472098112,0.27928831978861146,changed,1
5,-64.85387193700886,-13.03006319615366,2018-01-07,0.0,0.03082888387143612,0.022779297083616257,-0.02053225040435791,0.24796098470687866,-0.1848548948764801,0.03318754956126213,-0.007863663136959076,0.0003076463472098112,0.26740826230778003,changed,1
5,-64.85387193700886,-13.03006319615366,2018-01-13,0.0,0.03082888387143612,0.022779297083616257,-0.02053225040435791,0.24796098470687866,-0.1848548948764801,0.03318754956126213,-0.007863663136959076,0.0003076463472098112,0.25382250765720105,changed,1
5,-64.85387193700886,-13.03006319615366,2018-01-19,0.0,0.03082888387143612,0.022779297083616257,-0.02053225040435791,0.24796098470687866,-0.1848548948764801,0.03318754956126213,-0.007863663136959076,0.0003076463472098112,0.24089261432070397,changed,1
5,-64.85387193700886,-13.03006319615366,2018-01-25,0.0,0.03082888387143612,0.022779297083616257,-0.02053225040435791,0.24796098470687866,-0.1848548948764801,0.03318754956126213,-0.007863663136959076,0.0003076463472098112,0.2284124993072506,changed,1
5,-64.85387193700886,-13.03006319615366,2018-01-31,0.0,0.03082888387143612,0.022779297083616257,-0.02053225040435791,0.24796098470687866,-0.1848548948764801,0.03318754956126213,-0.007863663136959076,0.0003076463472098112,0.21607281314878712,changed,1
5,-64.85387193700886,-13.03006319615366,2018-02-06,0.0,0.03082888387143612,0.022779297083616257,-0.02053225040435791,0.24796098470687866,-0.1848548948764801,0.03318754956126213,-0.007863663136959076,0.0003076463472098112,0.20350307082282204,changed,1
5,-64.85387193700886,-13.03006319615366,2018-02-12,0.01983500085771084,0.03082888387143612,0.022779297083616257,-0.02053225040435791,0.24796098470687866,-0.1848548948764801,0.03318754956126213,-0.007863663136959076,0.0003076463472098112,0.19032265917470093,changed,1
5,-64.85387193700886,-13.03006319615366,2018-02-18,0.0,0.03082888387143612,0.022779297083616257,-0.02053225040435791,0.24796098470687866,-0.1848548948764801,0.03318754956126213,-0.007863663136959076,0.0003076463472098112,0.176196323324202,changed,1
5,-64.85387193700886,-13.03006319615366,2018-02-24,0.0,0.03082888387143612,0.022779297083616257,-0.02053225040435791,0.24796098470687866,-0.1848548948764801,0.03318754956126213,-0.007863663136959076,0.0003076463472098112,0.16088824029506676,changed,1
5,-64.85387193700886,-13.03006319615366,2018-03-02,0.0,0.03082888387143612,0.022779297083616257,-0.02053225040435791,0.24796098470687866,-0.1848548948764801,0.03318754956126213,-0.007863663136959076,0.0003076463472098112,0.14430881393233955,changed,1
5,-64.85387193700886,-13.03006319615366,2018-03-08,0.0,0.03082888387143612,0.022779297083616257,-0.02053225040435791,0.24796098470687866,-0.1848548948764801,0.03318754956126213,-0.007863663136959076,0.0003076463472098112,0.12654961209893484,changed,1
5,-64.85387193700886,-13.03006319615366,2018-03-14,0.0,0.03082888387143612,0.022779297083616257,-0.02053225040435791,0.24796098470687866,-0.1848548948764801,0.03318754956126213,-0.007863663136959076,0.0003076463472098112,0.10790239021051179,changed,1
5,-64.85387193700886,-13.03006319615366,2018-03-20,0.003307499922811985,0.03082888387143612,0.022779297083616257,-0.02053225040435791,0.24796098470687866,-0.1848548948764801,0.03318754956126213,-0.007863663136959076,0.0003076463472098112,0.08885890049481893,changed,1
5,-64.85387193700886,-13.03006319615366,2018-03-26,0.0,0.03082888387143612,0.022779297083616257,-0.02053225040435791,0.24796098470687866,-0.1848548948764801,0.03318754956126213,-0.007863663136959076,0.0003076463472098112,0.07009170338024479,changed,1
5,-64.85387193700886,-13.03006319615366,2018-04-01,0.0,0.03082888387143612,0.022779297083616257,-0.02053225040435791,0.24796098470687866,-0.1848548948764801,0.03318754956126213,-0.007863663136959076,0.0003076463472098112,0.05241624278759903,changed,1
5,-64.85387193700886,-13.03006319615366,2018-04-07,0.0,0.03082888387143612,0.022779297083616257,-0.02053225040435791,0.24796098470687866,-0.1848548948764801,0.03318754956126213,-0.007863663136959076,0.0003076463472098112,0.036736903194128645,changed,1
5,-64.85387193700886,-13.03006319615366,2018-04-13,0.0,0.03082888387143612,0.022779297083616257,-0.02053225040435791,0.24796098470687866,-0.1848548948764801,0.03318754956126213,-0.007863663136959076,0.0003076463472098112,0.02398179271849743,changed,1
5,-64.85387193700886,-13.03006319615366,2018-04-19,0.0,0.03082888387143612,0.022779297083616257,-0.02053225040435791,0.24796098470687866,-0.1848548948764801,0.03318754956126213,-0.007863663136959076,0.0003076463472098112,0.015031456703197,changed,1
5,-64.85387193700886,-13.03006319615366,2018-04-25,0.0003924999909941107,0.03082888387143612,0.022779297083616257,-0.02053225040435791,0.24796098470687866,-0.1848548948764801,0.03318754956126213,-0.007863663136959076,0.0003076463472098112,0.010647418009527343,changed,1
5,-64.85387193700886,-13.03006319615366,2018-05-01,0.0,0.03082888387143612,0.022779297083616257,-0.02053225040435791,0.24796098470687866,-0.1848548948764801,0.03318754956126213,-0.007863663136959076,0.0003076463472098112,0.011407318088485996,changed,1
5,-64.85387193700886,-13.03006319615366,2018-05-07,0.0,0.03082888387143612,0.022779297083616257,-0.02053225040435791,0.24796098470687866,-0.1848548948764801,0.03318754956126213,-0.007863663136959076,0.0003076463472098112,0.01765232431427477,changed,1
5,-64.85387193700886,-13.03006319615366,2018-05-13,0.0,0.03082888387143612,0.022779297083616257,-0.02053225040435791,0.24796098470687866,-0.1848548948764801,0.03318754956126213,-0.007863663136959076,0.0003076463472098112,0.029451139901991163,changed,1
5,-64.85387193700886,-13.03006319615366,2018-05-19,0.007157499901950359,0.03082888387143612,0.022779297083616257,-0.02053225040435791,0.24796098470687866,-0.1848548948764801,0.03318754956126213,-0.007863663136959076,0.0003076463472098112,0.04658478707710682,changed,1
5,-64.85387193700886,-13.03006319615366,2018-05-25,0.0014375000027939677,0.03082888387143612,0.022779297083616257,-0.02053225040435791,0.24796098470687866,-0.1848548948764801,0.03318754956126213,-0.007863663136959076,0.0003076463472098112,0.06855342213279386,changed,1
5,-64.85387193700886,-13.03006319615366,2018-05-31,0.012327499687671661,0.03082888387143612,0.022779297083616257,-0.02053225040435791,0.24796098470687866,-0.1848548948764801,0.03318754956126213,-0.007863663136959076,0.0003076463472098112,0.09460452437813183,changed,1
5,-64.85387193700886,-13.03006319615366,2018-06-06,0.0,0.03082888387143612,0.022779297083616257,-0.02053225040435791,0.24796098470687866,-0.1848548948764801,0.03318754956126213,-0.007863663136959076,0.0003076463472098112,0.12378095256259447,changed,1
5,-64.85387193700886,-13.03006319615366,2018-06-12,0.0,0.03082888387143612,0.022779297083616257,-0.02053225040435791,0.24796098470687866,-0.1848548948764801,0.03318754956126213,-0.007863663136959076,0.0003076463472098112,0.15498465508328185,changed,1
5,-64.85387193700886,-13.03006319615366,2018-06-18,0.0,0.03082888387143612,0.022779297083616257,-0.02053225040435791,0.24796098470687866,-0.1848548948764801,0.03318754956126213,-0.007863663136959076,0.0003076463472098112,0.1870503371040947,changed,1
5,-64.85387193700886,-13.03006319615366,2018-06-24,0.13063250482082367,0.03082888387143612,0.022779297083616257,-0.02053225040435791,0.24796098470687866,-0.1848548948764801,0.03318754956126213,-0.007863663136959076,0.0003076463472098112,0.21882369352485886,changed,1
5,-64.85387193700886,-13.03006319615366,2018-06-30,0.0,0.03082888387143612,0.022779297083616257,-0.02053225040435791,0.24796098470687866,-0.1848548948764801,0.03318754956126213,-0.007863663136959076,0.0003076463472098112,0.24923723750869098,changed,1
5,-64.85387193700886,-13.03006319615366,2018-07-06,0.3285500109195709,0.03082888387143612,0.022779297083616257,-0.02053225040435791,0.24796098470687866,-0.1848548948764801,0.03318754956126213,-0.007863663136959076,0.0003076463472098112,0.27737726257242357,changed,1
5,-64.85387193700886,-13.03006319615366,2018-07-12,0.3744474947452545,0.03082888387143612,0.022779297083616257,-0.02053225040435791,0.24796098470687866,-0.1848548948764801,0.03318754956126213,-0.007863663136959076,0.0003076463472098112,0.3025370530712168,changed,1
5,-64.85387193700886,-13.03006319615366,2018-07-18,0.3790949881076813,0.03082888387143612,0.022779297083616257,-0.02053225040435791,0.24796098470687866,-0.1848548948764801,0.03318754956126213,-0.007863663136959076,0.0003076463472098112,0.32425192155016114,changed,1
5,-64.85387193700886,-13.03006319615366,2018-07-24,0.0,0.03082888387143612,0.022779297083616257,-0.02053225040435791,0.24796098470687866,-0.1848548948764801,0.03318754956126213,-0.007863663136959076,0.0003076463472098112,0.3423132090006096,changed,1
5,-64.85387193700886,-13.03006319615366,2018-07-30,0.3825325071811676,0.03082888387143612,0.022779297083616257,-0.02053225040435791,0.24796098470687866,-0.1848548948764801,0.03318754956126213,-0.007863663136959076,0.0003076463472098112,0.35676129794163314,changed,1
5,-64.85387193700886,-13.03006319615366,2018-08-05,0.0,0.03082888387143612,0.022779297083616257,-0.02053225040435791,0.24796098470687866,-0.1848548948764801,0.03318754956126213,-0.007863663136959076,0.0003076463472098112,0.36785856887732304,changed,1
5,-64.85387193700886,-13.03006319615366,2018-08-11,0.3781050145626068,0.03082888387143612,0.022779297083616257,-0.02053225040435791,0.24796098470687866,-0.1848548948764801,0.03318754956126213,-0.007863663136959076,0.0003076463472098112,0.37604496431209034,changed,1
5,-64.85387193700886,-13.03006319615366,2018-08-17,0.0,0.03082888387143612,0.022779297083616257,-0.02053225040435791,0.24796098470687866,-0.1848548948764801,0.03318754956126213,-0.007863663136959076,0.0003076463472098112,0.3818813979268638,changed,1
5,-64.85387193700886,-13.03006319615366,2018-08-23,0.0,0.03082888387143612,0.022779297083616257,-0.02053225040435791,0.24796098470687866,-0.1848548948764801,0.03318754956126213,-0.007863663136959076,0.0003076463472098112,0.38598609649769683,changed,1
5,-64.85387193700886,-13.03006319615366,2018-08-29,0.0,0.03082888387143612,0.022779297083616257,-0.02053225040435791,0.24796098470687866,-0.1848548948764801,0.03318754956126213,-0.007863663136959076,0.0003076463472098112,0.3889695956401453,changed,1
5,-64.85387193700886,-13.03006319615366,2018-09-04,0.0,0.03082888387143612,0.022779297083616257,-0.02053225040435791,0.24796098470687866,-0.1848548948764801,0.03318754956126213,-0.007863663136959076,0.0003076463472098112,0.39137504500520376,changed,1
5,-64.85387193700886,-13.03006319615366,2018-09-10,0.0,0.03082888387143612,0.022779297083616257,-0.02053225040435791,0.24796098470687866,-0.1848548948764801,0.03318754956126213,-0.007863663136959076,0.0003076463472098112,0.3936286841943457,changed,1
5,-64.85387193700886,-13.03006319615366,2018-09-16,0.0,0.03082888387143612,0.022779297083616257,-0.02053225040435791,0.24796098470687866,-0.1848548948764801,0.03318754956126213,-0.007863663136959076,0.0003076463472098112,0.39600467232253217,changed,1
5,-64.85387193700886,-13.03006319615366,2018-09-22,0.0,0.03082888387143612,0.022779297083616257,-0.02053225040435791,0.24796098470687866,-0.1848548948764801,0.03318754956126213,-0.007863663136959076,0.0003076463472098112,0.3986072624100342,changed,1
5,-64.85387193700886,-13.03006319615366,2018-09-28,0.3910849988460541,0.03082888387143612,0.022779297083616257,-0.02053225040435791,0.24796098470687866,-0.1848548948764801,0.03318754956126213,-0.007863663136959076,0.0003076463472098112,0.40137150770578145,changed,1
5,-64.85387193700886,-13.03006319615366,2018-10-04,0.0,0.03082888387143612,0.022779297083616257,-0.02053225040435791,0.24796098470687866,-0.1848548948764801,0.03318754956126213,-0.007863663136959076,0.0003076463472098112,0.40408091803697244,changed,1
5,-64.85387193700886,-13.03006319615366,2018-10-10,0.0,0.03082888387143612,0.022779297083616257,-0.02053225040435791,0.24796098470687866,-0.1848548948764801,0.03318754956126213,-0.007863663136959076,0.0003076463472098112,0.4064009466883475,changed,1
5,-64.85387193700886,-13.03006319615366,2018-10-16,0.0,0.03082888387143612,0.022779297083616257,-0.02053225040435791,0.24796098470687866,-0.1848548948764801,0.03318754956126213,-0.007863663136959076,0.0003076463472098112,0.40792307688672735,changed,1
5,-64.85387193700886,-13.03006319615366,2018-10-22,0.0,0.03082888387143612,0.022779297083616257,-0.02053225040435791,0.24796098470687866,-0.1848548948764801,0.03318754956126213,-0.007863663136959076,0.0003076463472098112,0.4082157382821849,changed,1
5,-64.85387193700886,-13.03006319615366,2018-10-28,0.0,0.03082888387143612,0.022779297083616257,-0.02053225040435791,0.24796098470687866,-0.1848548948764801,0.03318754956126213,-0.007863663136959076,0.0003076463472098112,0.4068762664391552,changed,1
5,-64.85387193700886,-13.03006319615366,2018-11-03,0.0,0.03082888387143612,0.022779297083616257,-0.02053225040435791,0.24796098470687866,-0.1848548948764801,0.03318754956126213,-0.007863663136959076,0.0003076463472098112,0.4035781398181624,changed,1
5,-64.85387193700886,-13.03006319615366,2018-11-09,0.0,0.03082888387143612,0.022779297083616257,-0.02053225040435791,0.24796098470687866,-0.1848548948764801,0.03318754956126213,-0.007863663136959076,0.0003076463472098112,0.39810934108801765,changed,1
5,-64.85387193700886,-13.03006319615366,2018-11-15,0.0,0.03082888387143612,0.022779297083616257,-0.02053225040435791,0.24796098470687866,-0.1848548948764801,0.03318754956126213,-0.007863663136959076,0.0003076463472098112,0.39039781013946884,changed,1
5,-64.85387193700886,-13.03006319615366,2018-11-21,0.0,0.03082888387143612,0.022779297083616257,-0.02053225040435791,0.24796098470687866,-0.1848548948764801,0.03318754956126213,-0.007863663136959076,0.0003076463472098112,0.38052099329704225,changed,1
5,-64.85387193700886,-13.03006319615366,2018-11-27,0.0,0.03082888387143612,0.022779297083616257,-0.02053225040435791,0.24796098470687866,-0.1848548948764801,0.03318754956126213,-0.007863663136959076,0.0003076463472098112,0.36869952228152447,changed,1
5,-64.85387193700886,-13.03006319615366,2018-12-03,0.0,0.03082888387143612,0.022779297083616257,-0.02053225040435791,0.24796098470687866,-0.1848548948764801,0.03318754956126213,-0.007863663136959076,0.0003076463472098112,0.3552754569382326,changed,1
5,-64.85387193700886,-13.03006319615366,2018-12-09,0.0,0.03082888387143612,0.022779297083616257,-0.02053225040435791,0.24796098470687866,-0.1848548948764801,0.03318754956126213,-0.007863663136959076,0.0003076463472098112,0.3406772777836774,changed,1
5,-64.85387193700886,-13.03006319615366,2018-12-15,0.0,0.03082888387143612,0.022779297083616257,-0.02053225040435791,0.24796098470687866,-0.1848548948764801,0.03318754956126213,-0.007863663136959076,0.0003076463472098112,0.32537596514417366,changed,1
5,-64.85387193700886,-13.03006319615366,2018-12-21,0.0,0.03082888387143612,0.022779297083616257,-0.02053225040435791,0.24796098470687866,-0.1848548948764801,0.03318754956126213,-0.007863663136959076,0.0003076463472098112,0.309836757545324,changed,1
5,-64.85387193700886,-13.03006319615366,2018-12-27,0.0,0.03082888387143612,0.022779297083616257,-0.02053225040435791,0.24796098470687866,-0.1848548948764801,0.03318754956126213,-0.007863663136959076,0.0003076463472098112,0.29447126908906207,changed,1
5,-64.85387193700886,-13.03006319615366,2019-01-02,0.0,0.03082888387143612,0.022779297083616257,-0.02053225040435791,0.24796098470687866,-0.1848548948764801,0.03318754956126213,-0.007863663136959076,0.0003076463472098112,0.27959596613582127,changed,1
6,-60.38924497493483,-12.607855012617485,2016-01-07,0.0,0.004010888282209635,-0.004685693886131048,0.0,0.1437487155199051,-0.002895295387133956,0.0,0.0,-0.008443987928330898,0.1519071981531185,changed,1
6,-60.38924497493483,-12.607855012617485,2016-01-13,0.0,0.004010888282209635,-0.004685693886131048,0.0,0.1437487155199051,-0.002895295387133956,0.0,0.0,-0.008443987928330898,0.15170299200997492,changed,1
6,-60.38924497493483,-12.607855012617485,2016-01-19,0.0,0.004010888282209635,-0.004685693886131048,0.0,0.1437487155199051,-0.002895295387133956,0.0,0.0,-0.008443987928330898,0.15164604747843202,changed,1
6,-60.38924497493483,-12.607855012617485,2016-01-25,0.0,0.004010888282209635,-0.004685693886131048,0.0,0.1437487155199051,-0.002895295387133956,0.0,0.0,-0.008443987928330898,0.15171943225723067,changed,1
6,-60.38924497493483,-12.607855012617485,2016-01-31,0.0,0.004010888282209635,-0.004685693886131048,0.0,0.1437487155199051,-0.002895295387133956,0.0,0.0,-0.008443987928330898,0.15190074804809844,changed,1
6,-60.38924497493483,-12.607855012617485,2016-02-06,0.0,0.004010888282209635,-0.004685693886131048,0.0,0.1437487155199051,-0.002895295387133956,0.0,0.0,-0.008443987928330898,0.15216115552877546,changed,1
6,-60.38924497493483,-12.607855012617485,2016-02-12,0.0,0.004010888282209635,-0.004685693886131048,0.0,0.1437487155199051,-0.002895295387133956,0.0,0.0,-0.008443987928330898,0.1524708259346733,changed,1
6,-60.38924497493483,-12.607855012617485,2016-02-18,0.14020250737667084,0.004010888282209635,-0.004685693886131048,0.0,0.1437487155199051,-0.002895295387133956,0.0,0.0,-0.008443987928330898,0.15279426387086775,changed,1
6,-60.38924497493483,-12.607855012617485,2016-02-24,0.0,0.004010888282209635,-0.004685693886131048,0.0,0.1437487155199051,-0.002895295387133956,0.0,0.0,-0.008443987928330898,0.15309502169403388,changed,1
6,-60.38924497493483,-12.607855012617485,2016-03-01,0.0,0.004010888282209635,-0.004685693886131048,0.0,0.1437487155199051,-0.002895295387133956,0.0,0.0,-0.008443987928330898,0.15334045852139427,changed,1
6,-60.38924497493483,-12.607855012617485,2016-03-07,0.0,0.004010888282209635,-0.004685693886131048,0.0,0.1437487155199051,-0.002895295387133956,0.0,0.0,-0.008443987928330898,0.15349719349963611,changed,1
6,-60.38924497493483,-12.607855012617485,2016-03-13,0.0,0.004010888282209635,-0.004685693886131048,0.0,0.1437487155199051,-0.002895295387133956,0.0,0.0,-0.008443987928330898,0.15353573627722525,changed,1
6,-60.38924497493483,-12.607855012617485,2016-03-19,0.0,0.004010888282209635,-0.004685693886131048,0.0,0.1437487155199051,-0.002895295387133956,0.0,0.0,-0.008443987928330898,0.1534349542616905,changed,1
6,-60.38924497493483,-12.607855012617485,2016-03-25,0.0,0.004010888282209635,-0.004685693886131048,0.0,0.1437487155199051,-0.002895295387133956,0.0,0.0,-0.008443987928330898,0.15317703300179217,changed,1
6,-60.38924497493483,-12.607855012617485,2016-03-31,0.0,0.004010888282209635,-0.004685693886131048,0.0,0.1437487155199051,-0.002895295387133956,0.0,0.0,-0.008443987928330898,0.15275247150013727,changed,1
6,-60.38924497493483,-12.607855012617485,2016-04-06,0.0,0.004010888282209635,-0.004685693886131048,0.0,0.1437487155199051,-0.002895295387133956,0.0,0.0,-0.008443987928330898,0.1521585763662418,changed,1
6,-60.38924497493483,-12.607855012617485,2016-04-12,0.12818500399589539,0.004010888282209635,-0.004685693886131048,0.0,0.1437487155199051,-0.002895295387133956,0.0,0.0,-0.008443987928330898,0.15140380114188615,changed,1
6,-60.38924497493483,-12.607855012617485,2016-04-18,0.0,0.004010888282209635,-0.004685693886131048,0.0,0.1437487155199051,-0.002895295387133956,0.0,0.0,-0.008443987928330898,0.1505014283619758,changed,1
6,-60.38924497493483,-12.607855012617485,2016-04-24,0.0,0.004010888282209635,-0.004685693886131048,0.0,0.1437487155199051,-0.002895295387133956,0.0,0.0,-0.008443987928330898,0.14947217996611495,changed,1
6,-60.38924497493483,-12.607855012617485,2016-04-30,0.0,0.004010888282209635,-0.004685693886131048,0.0,0.1437487155199051,-0.002895295387133956,0.0,0.0,-0.008443987928330898,0.14834650224991247,changed,1
6,-60.38924497493483,-12.607855012617485,2016-05-06,0.12181875109672546,0.004010888282209635,-0.004685693886131048,0.0,0.1437487155199051,-0.002895295387133956,0.0,0.0,-0.008443987928330898,0.1471572794210157,changed,1
6,-60.38924497493483,-12.607855012617485,2016-05-12,0.11795499920845032,0.004010888282209635,-0.004685693886131048,0.0,0.1437487155199051,-0.002895295387133956,0.0,0.0,-0.008443987928330898,0.145942605712217,changed,1
6,-60.38924497493483,-12.607855012617485,2016-05-18,0.0,0.004010888282209635,-0.004685693886131048,0.0,0.1437487155199051,-0.002895295387133956,0.0,0.0,-0.008443987928330898,0.14474217887301394,changed,1
6,-60.38924497493483,-12.607855012617485,2016-05-24,0.0,0.004010888282209635,-0.004685693886131048,0.0,0.1437487155199051,-0.002895295387133956,0.0,0.0,-0.008443987928330898,0.14359975380607704,changed,1
6,-60.38924497493483,-12.607855012617485,2016-05-30,0.12642499804496765,0.004010888282209635,-0.004685693886131048,0.0,0.1437487155199051,-0.002895295387133956,0.0,0.0,-0.008443987928330898,0.1425552262284106,changed,1
6,-60.38924497493483,-12.607855012617485,2016-06-05,0.11699250340461731,0.004010888282209635,-0.004685693886131048,0.0,0.1437487155199051,-0.002895295387133956,0.0,0.0,-0.008443987928330898,0.141646013467742,changed,1
6,-60.38924497493483,-12.607855012617485,2016-06-11,0.0,0.004010888282209635,-0.004685693886131048,0.0,0.1437487155199051,-0.002895295387133956,0.0,0.0,-0.008443987928330898,0.1409085169432269,changed,1
6,-60.38924497493483,-12.607855012617485,2016-06-17,0.11212500184774399,0.004010888282209635,-0.004685693886131048,0.0,0.1437487155199051,-0.002895295387133956,0.0,0.0,-0.008443987928330898,0.14037046813649262,changed,1
6,-60.38924497493483,-12.607855012617485,2016-06-23,0.11454500257968903,0.004010888282209635,-0.004685693886131048,0.0,0.1437487155199051,-0.002895295387133956,0.0,0.0,-0.008443987928330898,0.14005276716856002,changed,1
6,-60.38924497493483,-12.607855012617485,2016-06-29,0.11449000239372253,0.004010888282209635,-0.004685693886131048,0.0,0.1437487155199051,-0.002895295387133956,0.0,0.0,-0.008443987928330898,0.1399715963927559,changed,1
6,-60.38924497493483,-12.607855012617485,2016-07-05,0.11240000277757645,0.004010888282209635,-0.004685693886131048,0.0,0.1437487155199051,-0.002895295387133956,0.0,0.0,-0.008443987928330898,0.1401315669221095,changed,1
6,-60.38924497493483,-12.607855012617485,2016-07-11,0.0,0.004010888282209635,-0.004685693886131048,0.0,0.1437487155199051,-0.002895295387133956,0.0,0.0,-0.008443987928330898,0.14052951892244753,changed,1
6,-60.38924497493483,-12.607855012617485,2016-07-17,0.11604374647140503,0.004010888282209635,-0.004685693886131048,0.0,0.1437487155199051,-0.002895295387133956,0.0,0.0,-0.008443987928330898,0.14115249352793274,changed,1
6,-60.38924497493483,-12.607855012617485,2016-07-23,0.10920999944210052,0.004010888282209635,-0.004685693886131048,0.0,0.1437487155199051,-0.002895295387133956,0.0,0.0,-0.008443987928330898,0.14198224530784367,changed,1
6,-60.38924497493483,-12.607855012617485,2016-07-29,0.0,0.004010888282209635,-0.004685693886131048,0.0,0.1437487155199051,-0.002895295387133956,0.0,0.0,-0.008443987928330898,0.14298979223713978,changed,1
6,-60.38924497493483,-12.607855012617485,2016-08-04,0.1323924958705902,0.004010888282209635,-0.004685693886131048,0.0,0.1437487155199051,-0.002895295387133956,0.0,0.0,-0.008443987928330898,0.14413955062490774,changed,1
6,-60.38924497493483,-12.607855012617485,2016-08-10,0.12249249964952469,0.004010888282209635,-0.004685693886131048,0.0,0.1437487155199051,-0.002895295387133956,0.0,0.0,-0.008443987928330898,0.145393741844625,changed,1
6,-60.38924497493483,-12.607855012617485,2016-08-16,0.12148874998092651,0.004010888282209635,-0.004685693886131048,0.0,0.1437487155199051,-0.002895295387133956,0.0,0.0,-0.008443987928330898,0.14670773677787802,changed,1
6,-60.38924497493483,-12.607855012617485,2016-08-22,0.0,0.004010888282209635,-0.004685693886131048,0.0,0.1437487155199051,-0.002895295387133956,0.0,0.0,-0.008443987928330898,0.1480348307024823,changed,1
6,-60.38924497493483,-12.607855012617485,2016-08-28,0.12997250258922577,0.004010888282209635,-0.004685693886131048,0.0,0.1437487155199051,-0.002895295387133956,0.0,0.0,-0.008443987928330898,0.14933109917462584,changed,1
6,-60.38924497493483,-12.607855012617485,2016-09-03,0.0,0.004010888282209635,-0.004685693886131048,0.0,0.1437487155199051,-0.002895295387133956,0.0,0.0,-0.008443987928330898,0.15055099011376044,changed,1
6,-60.38924497493483,-12.607855012617485,2016-09-09,0.1512024998664856,0.004010888282209635,-0.004685693886131048,0.0,0.1437487155199051,-0.002895295387133956,0.0,0.0,-0.008443987928330898,0.15165315524960493,changed,1
6,-60.38924497493483,-12.607855012617485,2016-09-15,0.15334750711917877,0.004010888282209635,-0.004685693886131048,0.0,0.1437487155199051,-0.002895295387133956,0.0,0.0,-0.008443987928330898,0.1525999705202382,changed,1
6,-60.38924497493483,-12.607855012617485,2016-09-21,0.0,0.004010888282209635,-0.004685693886131048,0.0,0.1437487155199051,-0.002895295387133956,0.0,0.0,-0.008443987928330898,0.15336303592691117,changed,1
6,-60.38924497493483,-12.607855012617485,2016-09-27,0.0,0.004010888282209635,-0.004685693886131048,0.0,0.1437487155199051,-0.002895295387133956,0.0,0.0,-0.008443987928330898,0.15391811632500707,changed,1
6,-60.38924497493483,-12.607855012617485,2016-10-03,0.0,0.004010888282209635,-0.004685693886131048,0.0,0.1437487155199051,-0.002895295387133956,0.0,0.0,-0.008443987928330898,0.15424905691092666,changed,1
6,-60.38924497493483,-12.607855012617485,2016-10-09,0.0,0.004010888282209635,-0.004685693886131048,0.0,0.1437487155199051,-0.002895295387133956,0.0,0.0,-0.008443987928330898,0.15435136392976204,changed,1
6,-60.38924497493483,-12.607855012617485,2016-10-15,0.0,0.004010888282209635,-0.004685693886131048,0.0,0.1437487155199051,-0.002895295387133956,0.0,0.0,-0.008443987928330898,0.1542261569429548,changed,1
6,-60.38924497493483,-12.607855012617485,2016-10-21,0.1720062494277954,0.004010888282209635,-0.004685693886131048,0.0,0.1437487155199051,-0.002895295387133956,0.0,0.0,-0.008443987928330898,0.15388407006256452,changed,1
6,-60.38924497493483,-12.607855012617485,2016-10-27,0.0,0.004010888282209635,-0.004685693886131048,0.0,0.1437487155199051,-0.002895295387133956,0.0,0.0,-0.008443987928330898,0.15334262233196558,changed,1
6,-60.38924497493483,-12.607855012617485,2016-11-02,0.0,0.004010888282209635,-0.004685693886131048,0.0,0.1437487155199051,-0.002895295387133956,0.0,0.0,-0.008443987928330898,0.1526294508927422,changed,1
6,-60.38924497493483,-12.607855012617485,2016-11-08,0.0,0.004010888282209635,-0.004685693886131048,0.0,0.1437487155199051,-0.002895295387133956,0.0,0.0,-0.008443987928330898,0.1517749538678893,changed,1
6,-60.38924497493483,-12.607855012617485,2016-11-14,0.0,0.004010888282209635,-0.004685693886131048,0.0,0.1437487155199051,-0.002895295387133956,0.0,0.0,-0.008443987928330898,0.15081397867372642,changed,1
6,-60.38924497493483,-12.607855012617485,2016-11-20,0.0,0.004010888282209635,-0.004685693886131048,0.0,0.1437487155199051,-0.002895295387133956,0.0,0.0,-0.008443987928330898,0.14978733814298265,changed,1
6,-60.38924497493483,-12.607855012617485,2016-11-26,0.0,0.004010888282209635,-0.004685693886131048,0.0,0.1437487155199051,-0.002895295387133956,0.0,0.0,-0.008443987928330898,0.14873394360909026,changed,1
6,-60.38924497493483,-12.607855012617485,2016-12-02,0.0,0.004010888282209635,-0.004685693886131048,0.0,0.1437487155199051,-0.002895295387133956,0.0,0.0,-0.008443987928330898,0.14769218472684809,changed,1
6,-60.38924497493483,-12.607855012617485,2016-12-08,0.0,0.004010888282209635,-0.004685693886131048,0.0,0.1437487155199051,-0.002895295387133956,0.0,0.0,-0.008443987928330898,0.14670134546401903,changed,1
6,-60.38924497493483,-12.607855012617485,2016-12-14,0.0,0.004010888282209635,-0.004685693886131048,0.0,0.1437487155199051,-0.002895295387133956,0.0,0.0,-0.008443987928330898,0.1457938567704451,changed,1
6,-60.38924497493483,-12.607855012617485,2016-12-20,0.0,0.004010888282209635,-0.004685693886131048,0.0,0.1437487155199051,-0.002895295387133956,0.0,0.0,-0.008443987928330898,0.1449980304189217,changed,1
6,-60.38924497493483,-12.607855012617485,2016-12-26,0.0,0.004010888282209635,-0.004685693886131048,0.0,0.1437487155199051,-0.002895295387133956,0.0,0.0,-0.008443987928330898,0.14433484830402973,changed,1
6,-60.38924497493483,-12.607855012617485,2017-01-01,0.11580999940633774,0.004010888282209635,-0.004685693886131048,0.0,0.1437487155199051,-0.002895295387133956,0.0,0.0,-0.008443987928330898,0.1438212115317611,changed,1
6,-60.38924497493483,-12.607855012617485,2017-01-07,0.0,0.004010888282209635,-0.004685693886131048,0.0,0.1437487155199051,-0.002895295387133956,0.0,0.0,-0.008443987928330898,0.1434617916299488,changed,1
6,-60.38924497493483,-12.607855012617485,2017-01-13,0.0,0.004010888282209635,-0.004685693886131048,0.0,0.1437487155199051,-0.002895295387133956,0.0,0.0,-0.008443987928330898,0.14325906200099847,changed,1
6,-60.38924497493483,-12.607855012617485,2017-01-19,0.0,0.004010888282209635,-0.004685693886131048,0.0,0.1437487155199051,-0.002895295387133956,0.0,0.0,-0.008443987928330898,0.14320226224810959,changed,1
6,-60.38924497493483,-12.607855012617485,2017-01-25,0.0,0.004010888282209635,-0.004685693886131048,0.0,0.1437487155199051,-0.002895295387133956,0.0,0.0,-0.008443987928330898,0.14327634485841756,changed,1
6,-60.38924497493483,-12.607855012617485,2017-01-31,0.0,0.004010888282209635,-0.004685693886131048,0.0,0.1437487155199051,-0.002895295387133956,0.0,0.0,-0.008443987928330898,0.14345969968247652,changed,1
6,-60.38924497493483,-12.607855012617485,2017-02-06,0.0,0.004010888282209635,-0.004685693886131048,0.0,0.1437487155199051,-0.002895295387133956,0.0,0.0,-0.008443987928330898,0.14372216890898198,changed,1
6,-60.38924497493483,-12.607855012617485,2017-02-12,0.0,0.004010888282209635,-0.004685693886131048,0.0,0.1437487155199051,-0.002895295387133956,0.0,0.0,-0.008443987928330898,0.1440325806310973,changed,1
6,-60.38924497493483,-12.607855012617485,2017-02-18,0.0,0.004010888282209635,-0.004685693886131048,0.0,0.1437487155199051,-0.002895295387133956,0.0,0.0,-0.008443987928330898,0.14435718675201797,changed,1
6,-60.38924497493483,-12.607855012617485,2017-02-24,0.0,0.004010888282209635,-0.004685693886131048,0.0,0.1437487155199051,-0.002895295387133956,0.0,0.0,-0.008443987928330898,0.14465821549480207,changed,1
6,-60.38924497493483,-12.607855012617485,2017-03-02,0.0,0.004010888282209635,-0.004685693886131048,0.0,0.1437487155199051,-0.002895295387133956,0.0,0.0,-0.008443987928330898,0.14490174763075808,changed,1
6,-60.38924497493483,-12.607855012617485,2017-03-08,0.0,0.004010888282209635,-0.004685693886131048,0.0,0.1437487155199051,-0.002895295387133956,0.0,0.0,-0.008443987928330898,0.14505628064324075,changed,1
6,-60.38924497493483,-12.607855012617485,2017-03-14,0.17328499257564545,0.004010888282209635,-0.004685693886131048,0.0,0.1437487155199051,-0.002895295387133956,0.0,0.0,-0.008443987928330898,0.14509119459152658,changed,1
6,-60.38924497493483,-12.607855012617485,2017-03-20,0.0,0.004010888282209635,-0.004685693886131048,0.0,0.1437487155199051,-0.002895295387133956,0.0,0.0,-0.008443987928330898,0.14498432289262073,changed,1
6,-60.38924497493483,-12.607855012617485,2017-03-26,0.0,0.004010888282209635,-0.004685693886131048,0.0,0.1437487155199051,-0.002895295387133956,0.0,0.0,-0.008443987928330898,0.14472001353902025,changed,1
6,-60.38924497493483,-12.607855012617485,2017-04-01,0.0,0.004010888282209635,-0.004685693886131048,0.0,0.1437487155199051,-0.002895295387133956,0.0,0.0,-0.008443987928330898,0.14428691040019467,changed,1
6,-60.38924497493483,-12.607855012617485,2017-04-07,0.0,0.004010888282209635,-0.004685693886131048,0.0,0.1437487155199051,-0.002895295387133956,0.0,0.0,-0.008443987928330898,0.14368468891126407,changed,1
6,-60.38924497493483,-12.607855012617485,2017-04-13,0.0,0.004010888282209635,-0.004685693886131048,0.0,0.1437487155199051,-0.002895295387133956,0.0,0.0,-0.008443987928330898,0.14292116942916422,changed,1
6,-60.38924497493483,-12.607855012617485,2017-04-19,0.0,0.004010888282209635,-0.004685693886131048,0.0,0.1437487155199051,-0.002895295387133956,0.0,0.0,-0.008443987928330898,0.14200907225839515,changed,1
6,-60.38924497493483,-12.607855012617485,2017-04-25,0.0,0.004010888282209635,-0.004685693886131048,0.0,0.1437487155199051,-0.002895295387133956,0.0,0.0,-0.008443987928330898,0.14097170193471412,changed,1
6,-60.38924497493483,-12.607855012617485,2017-05-01,0.0,0.004010888282209635,-0.004685693886131048,0.0,0.1437487155199051,-0.002895295387133956,0.0,0.0,-0.008443987928330898,0.13983901898829573,changed,1
6,-60.38924497493483,-12.607855012617485,2017-05-07,0.0,0.004010888282209635,-0.004685693886131048,0.0,0.1437487155199051,-0.002895295387133956,0.0,0.0,-0.008443987928330898,0.13864341693915067,changed,1
6,-60.38924497493483,-12.607855012617485,2017-05-13,0.12636999785900116,0.004010888282209635,-0.004685693886131048,0.0,0.1437487155199051,-0.002895295387133956,0.0,0.0,-0.008443987928330898,0.13742452493055282,changed,1
6,-60.38924497493483,-12.607855012617485,2017-05-19,0.0,0.004010888282209635,-0.004685693886131048,0.0,0.1437487155199051,-0.002895295387133956,0.0,0.0,-0.008443987928330898,0.13622454262484654,changed,1
6,-60.38924497493483,-12.607855012617485,2017-05-25,0.35085248947143555,0.004010888282209635,-0.004685693886131048,0.0,0.1437487155199051,-0.002895295387133956,0.0,0.0,-0.008443987928330898,0.13508344637182942,changed,1
6,-60.38924497493483,-12.607855012617485,2017-05-31,0.0,0.004010888282209635,-0.004685693886131048,0.0,0.1437487155199051,-0.002895295387133956,0.0,0.0,-0.008443987928330898,0.13404342114772577,changed,1
6,-60.38924497493483,-12.607855012617485,2017-06-06,0.10893499851226807,0.004010888282209635,-0.004685693886131048,0.0,0.1437487155199051,-0.002895295387133956,0.0,0.0,-0.008443987928330898,0.13314403269928637,changed,1
6,-60.38924497493483,-12.607855012617485,2017-06-12,0.0,0.004010888282209635,-0.004685693886131048,0.0,0.1437487155199051,-0.002895295387133956,0.0,0.0,-0.008443987928330898,0.13241749459868948,changed,1
6,-60.38924497493483,-12.607855012617485,2017-06-18,0.11421500146389008,0.004010888282209635,-0.004685693886131048,0.0,0.1437487155199051,-0.002895295387133956,0.0,0.0,-0.008443987928330898,0.1318933757422953,changed,1
6,-60.38924497493483,-12.607855012617485,2017-06-24,0.12323500216007233,0.004010888282209635,-0.004685693886131048,0.0,0.1437487155199051,-0.002895295387133956,0.0,0.0,-0.008443987928330898,0.1315942553875869,changed,1
6,-60.38924497493483,-12.607855012617485,2017-06-30,0.1090174987912178,0.004010888282209635,-0.004685693886131048,0.0,0.1437487155199051,-0.002895295387133956,0.0,0.0,-0.008443987928330898,0.13153166070699376,changed,1
6,-60.38924497493483,-12.607855012617485,2017-07-06,0.12191499769687653,0.004010888282209635,-0.004685693886131048,0.0,0.1437487155199051,-0.002895295387133956,0.0,0.0,-0.008443987928330898,0.13171160106481894,changed,1
6,-60.38924497493483,-12.607855012617485,2017-07-12,0.0,0.004010888282209635,-0.004685693886131048,0.0,0.1437487155199051,-0.002895295387133956,0.0,0.0,-0.008443987928330898,0.13213117626466678,changed,1
6,-60.38924497493483,-12.607855012617485,2017-07-18,0.11809250712394714,0.004010888282209635,-0.004685693886131048,0.0,0.1437487155199051,-0.002895295387133956,0.0,0.0,-0.008443987928330898,0.1327755487139561,changed,1
6,-60.38924497493483,-12.607855012617485,2017-07-24,0.118367500603199,0.004010888282209635,-0.004685693886131048,0.0,0.1437487155199051,-0.002895295387133956,0.0,0.0,-0.008443987928330898,0.13362455472743673,changed,1
6,-60.38924497493483,-12.607855012617485,2017-07-30,0.1260399967432022,0.004010888282209635,-0.004685693886131048,0.0,0.1437487155199051,-0.002895295387133956,0.0,0.0,-0.008443987928330898,0.13465038495953666,changed,1
6,-60.38924497493483,-12.607855012617485,2017-08-05,0.1234000027179718,0.004010888282209635,-0.004685693886131048,0.0,0.1437487155199051,-0.002895295387133956,0.0,0.0,-0.008443987928330898,0.13581557648646345,changed,1
6,-60.38924497493483,-12.607855012617485,2017-08-11,0.13290125131607056,0.004010888282209635,-0.004685693886131048,0.0,0.1437487155199051,-0.002895295387133956,0.0,0.0,-0.008443987928330898,0.13708055342424288,changed,1
6,-60.38924497493483,-12.607855012617485,2017-08-17,0.0,0.004010888282209635,-0.004685693886131048,0.0,0.1437487155199051,-0.002895295387133956,0.0,0.0,-0.008443987928330898,0.13840210245586893,changed,1
6,-60.38924497493483,-12.607855012617485,2017-08-23,0.0,0.004010888282209635,-0.004685693886131048,0.0,0.1437487155199051,-0.002895295387133956,0.0,0.0,-0.008443987928330898,0.13973199812526013,changed,1
6,-60.38924497493483,-12.607855012617485,2017-08-29,0.0,0.004010888282209635,-0.004685693886131048,0.0,0.1437487155199051,-0.002895295387133956,0.0,0.0,-0.008443987928330898,0.141024978888032,changed,1
6,-60.38924497493483,-12.607855012617485,2017-09-04,0.12890000641345978,0.004010888282209635,-0.004685693886131048,0.0,0.1437487155199051,-0.002895295387133956,0.0,0.0,-0.008443987928330898,0.14223745326750367,changed,1
6,-60.38924497493483,-12.607855012617485,2017-09-10,0.1380849927663803,0.004010888282209635,-0.004685693886131048,0.0,0.1437487155199051,-0.002895295387133956,0.0,0.0,-0.008443987928330898,0.14332612850206475,changed,1
6,-60.38924497493483,-12.607855012617485,2017-09-16,0.0,0.004010888282209635,-0.004685693886131048,0.0,0.1437487155199051,-0.002895295387133956,0.0,0.0,-0.008443987928330898,0.14425577894946212,changed,1
6,-60.38924497493483,-12.607855012617485,2017-09-22,0.14799875020980835,0.004010888282209635,-0.004685693886131048,0.0,0.1437487155199051,-0.002895295387133956,0.0,0.0,-0.008443987928330898,0.14499752208111072,changed,1
6,-60.38924497493483,-12.607855012617485,2017-09-28,0.0,0.004010888282209635,-0.004685693886131048,0.0,0.1437487155199051,-0.002895295387133956,0.0,0.0,-0.008443987928330898,0.14552683531317584,changed,1
6,-60.38924497493483,-12.607855012617485,2017-10-04,0.0,0.004010888282209635,-0.004685693886131048,0.0,0.1437487155199051,-0.002895295387133956,0.0,0.0,-0.008443987928330898,0.14583156511029471,changed,1
6,-60.38924497493483,-12.607855012617485,2017-10-10,0.0,0.004010888282209635,-0.004685693886131048,0.0,0.1437487155199051,-0.002895295387133956,0.0,0.0,-0.008443987928330898,0.14590413547871878,changed,1
6,-60.38924497493483,-12.607855012617485,2017-10-16,0.0,0.004010888282209635,-0.004685693886131048,0.0,0.1437487155199051,-0.002895295387133956,0.0,0.0,-0.008443987928330898,0.1457488545955826,changed,1
6,-60.38924497493483,-12.607855012617485,2017-10-22,0.14974500238895416,0.004010888282209635,-0.004685693886131048,0.0,0.1437487155199051,-0.002895295387133956,0.0,0.0,-0.008443987928330898,0.1453785527605602,changed,1
6,-60.38924497493483,-12.607855012617485,2017-10-28,0.1377274990081787,0.004010888282209635,-0.004685693886131048,0.0,0.1437487155199051,-0.002895295387133956,0.0,0.0,-0.008443987928330898,0.1448108696180272,changed,1
6,-60.38924497493483,-12.607855012617485,2017-11-03,0.0,0.004010888282209635,-0.004685693886131048,0.0,0.1437487155199051,-0.002895295387133956,0.0,0.0,-0.008443987928330898,0.14407349726440477,changed,1
6,-60.38924497493483,-12.607855012617485,2017-11-09,0.0,0.004010888282209635,-0.004685693886131048,0.0,0.1437487155199051,-0.002895295387133956,0.0,0.0,-0.008443987928330898,0.14319986286665073,changed,1
6,-60.38924497493483,-12.607855012617485,2017-11-15,0.0,0.004010888282209635,-0.004685693886131048,0.0,0.1437487155199051,-0.002895295387133956,0.0,0.0,-0.008443987928330898,0.14222458633850119,changed,1
6,-60.38924497493483,-12.607855012617485,2017-11-21,0.0,0.004010888282209635,-0.004685693886131048,0.0,0.1437487155199051,-0.002895295387133956,0.0,0.0,-0.008443987928330898,0.14118804630034013,changed,1
6,-60.38924497493483,-12.607855012617485,2017-11-27,0.0,0.004010888282209635,-0.004685693886131048,0.0,0.1437487155199051,-0.002895295387133956,0.0,0.0,-0.008443987928330898,0.1401315744347123,changed,1
6,-60.38924497493483,-12.607855012617485,2017-12-03,0.0,0.004010888282209635,-0.004685693886131048,0.0,0.1437487155199051,-0.002895295387133956,0.0,0.0,-0.008443987928330898,0.13909262763437544,changed,1
6,-60.38924497493483,-12.607855012617485,2017-12-09,0.0,0.004010888282209635,-0.004685693886131048,0.0,0.1437487155199051,-0.002895295387133956,0.0,0.0,-0.008443987928330898,0.13810928652928942,changed,1
6,-60.38924497493483,-12.607855012617485,2017-12-15,0.0,0.004010888282209635,-0.004685693886131048,0.0,0.1437487155199051,-0.002895295387133956,0.0,0.0,-0.008443987928330898,0.13721560050883916,changed,1
6,-60.38924497493483,-12.607855012617485,2017-12-21,0.0,0.004010888282209635,-0.004685693886131048,0.0,0.1437487155199051,-0.002895295387133956,0.0,0.0,-0.008443987928330898,0.13643712272067507,changed,1
6,-60.38924497493483,-12.607855012617485,2017-12-27,0.0,0.004010888282209635,-0.004685693886131048,0.0,0.1437487155199051,-0.002895295387133956,0.0,0.0,-0.008443987928330898,0.1357959686326362,changed,1
6,-60.38924497493483,-12.607855012617485,2018-01-02,0.0,0.004010888282209635,-0.004685693886131048,0.0,0.1437487155199051,-0.002895295387133956,0.0,0.0,-0.008443987928330898,0.13530689149897923,changed,1
6,-60.38924497493483,-12.607855012617485,2018-01-07,0.0,0.004010888282209635,-0.004685693886131048,0.0,0.1437487155199051,-0.002895295387133956,0.0,0.0,-0.008443987928330898,0.1350178037016179,changed,1
6,-60.38924497493483,-12.607855012617485,2018-01-13,0.0,0.004010888282209635,-0.004685693886131048,0.0,0.1437487155199051,-0.002895295387133956,0.0,0.0,-0.008443987928330898,0.13481507407266757,changed,1
6,-60.38924497493483,-12.607855012617485,2018-01-19,0.0,0.004010888282209635,-0.004685693886131048,0.0,0.1437487155199051,-0.002895295387133956,0.0,0.0,-0.008443987928330898,0.1347582743197787,changed,1
6,-60.38924497493483,-12.607855012617485,2018-01-25,0.0,0.004010888282209635,-0.004685693886131048,0.0,0.1437487155199051,-0.002895295387133956,0.0,0.0,-0.008443987928330898,0.13483235693008666,changed,1
6,-60.38924497493483,-12.607855012617485,2018-01-31,0.0,0.004010888282209635,-0.004685693886131048,0.0,0.1437487155199051,-0.002895295387133956,0.0,0.0,-0.008443987928330898,0.13501571175414562,changed,1
6,-60.38924497493483,-12.607855012617485,2018-02-06,0.0,0.004010888282209635,-0.004685693886131048,0.0,0.1437487155199051,-0.002895295387133956,0.0,0.0,-0.008443987928330898,0.13527818098065109,changed,1
6,-60.38924497493483,-12.607855012617485,2018-02-12,0.0,0.004010888282209635,-0.004685693886131048,0.0,0.1437487155199051,-0.002895295387133956,0.0,0.0,-0.008443987928330898,0.1355885927027664,changed,1
6,-60.38924497493483,-12.607855012617485,2018-02-18,0.0,0.004010888282209635,-0.004685693886131048,0.0,0.1437487155199051,-0.002895295387133956,0.0,0.0,-0.008443987928330898,0.13591319882368708,changed,1
6,-60.38924497493483,-12.607855012617485,2018-02-24,0.0,0.004010888282209635,-0.004685693886131048,0.0,0.1437487155199051,-0.002895295387133956,0.0,0.0,-0.008443987928330898,0.13621422756647117,changed,1
6,-60.38924497493483,-12.607855012617485,2018-03-02,0.0,0.004010888282209635,-0.004685693886131048,0.0,0.1437487155199051,-0.002895295387133956,0.0,0.0,-0.008443987928330898,0.13645775970242718,changed,1
6,-60.38924497493483,-12.607855012617485,2018-03-08,0.1270025074481964,0.004010888282209635,-0.004685693886131048,0.0,0.1437487155199051,-0.002895295387133956,0.0,0.0,-0.008443987928330898,0.13661229271490985,changed,1
6,-60.38924497493483,-12.607855012617485,2018-03-14,0.0,0.004010888282209635,-0.004685693886131048,0.0,0.1437487155199051,-0.002895295387133956,0.0,0.0,-0.008443987928330898,0.13664720666319569,changed,1
6,-60.38924497493483,-12.607855012617485,2018-03-20,0.0,0.004010888282209635,-0.004685693886131048,0.0,0.1437487155199051,-0.002895295387133956,0.0,0.0,-0.008443987928330898,0.13654033496428983,changed,1
6,-60.38924497493483,-12.607855012617485,2018-03-26,0.0,0.004010888282209635,-0.004685693886131048,0.0,0.1437487155199051,-0.002895295387133956,0.0,0.0,-0.008443987928330898,0.13627602561068936,changed,1
6,-60.38924497493483,-12.607855012617485,2018-04-01,0.0,0.004010888282209635,-0.004685693886131048,0.0,0.1437487155199051,-0.002895295387133956,0.0,0.0,-0.008443987928330898,0.13584292247186378,changed,1
6,-60.38924497493483,-12.607855012617485,2018-04-07,0.0,0.004010888282209635,-0.004685693886131048,0.0,0.1437487155199051,-0.002895295387133956,0.0,0.0,-0.008443987928330898,0.13524070098293317,changed,1
6,-60.38924497493483,-12.607855012617485,2018-04-13,0.0,0.004010888282209635,-0.004685693886131048,0.0,0.1437487155199051,-0.002895295387133956,0.0,0.0,-0.008443987928330898,0.13447718150083332,changed,1
6,-60.38924497493483,-12.607855012617485,2018-04-19,0.0,0.004010888282209635,-0.004685693886131048,0.0,0.1437487155199051,-0.002895295387133956,0.0,0.0,-0.008443987928330898,0.13356508433006425,changed,1
6,-60.38924497493483,-12.607855012617485,2018-04-25,0.12216249853372574,0.004010888282209635,-0.004685693886131048,0.0,0.1437487155199051,-0.002895295387133956,0.0,0.0,-0.008443987928330898,0.13252771400638322,changed,1
6,-60.38924497493483,-12.607855012617485,2018-05-01,0.0,0.004010888282209635,-0.004685693886131048,0.0,0.1437487155199051,-0.002895295387133956,0.0,0.0,-0.008443987928330898,0.13139503105996483,changed,1
6,-60.38924497493483,-12.607855012617485,2018-05-07,0.0,0.004010888282209635,-0.004685693886131048,0.0,0.1437487155199051,-0.002895295387133956,0.0,0.0,-0.008443987928330898,0.13019942901081977,changed,1
6,-60.38924497493483,-12.607855012617485,2018-05-13,0.13009625673294067,0.004010888282209635,-0.004685693886131048,0.0,0.1437487155199051,-0.002895295387133956,0.0,0.0,-0.008443987928330898,0.12898053700222192,changed,1
6,-60.38924497493483,-12.607855012617485,2018-05-19,0.0,0.004010888282209635,-0.004685693886131048,0.0,0.1437487155199051,-0.002895295387133956,0.0,0.0,-0.008443987928330898,0.12778055469651564,changed,1
6,-60.38924497493483,-12.607855012617485,2018-05-25,0.11460000276565552,0.004010888282209635,-0.004685693886131048,0.0,0.1437487155199051,-0.002895295387133956,0.0,0.0,-0.008443987928330898,0.12663945844349853,changed,1
6,-60.38924497493483,-12.607855012617485,2018-05-31,0.0,0.004010888282209635,-0.004685693886131048,0.0,0.1437487155199051,-0.002895295387133956,0.0,0.0,-0.008443987928330898,0.12559943321939487,changed,1
6,-60.38924497493483,-12.607855012617485,2018-06-06,0.12128250300884247,0.004010888282209635,-0.004685693886131048,0.0,0.1437487155199051,-0.002895295387133956,0.0,0.0,-0.008443987928330898,0.12470004477095548,changed,1
6,-60.38924497493483,-12.607855012617485,2018-06-12,0.12496750056743622,0.004010888282209635,-0.004685693886131048,0.0,0.1437487155199051,-0.002895295387133956,0.0,0.0,-0.008443987928330898,0.12397350667035859,changed,1
6,-60.38924497493483,-12.607855012617485,2018-06-18,0.11231750249862671,0.004010888282209635,-0.004685693886131048,0.0,0.1437487155199051,-0.002895295387133956,0.0,0.0,-0.008443987928330898,0.12344938781396439,changed,1
6,-60.38924497493483,-12.607855012617485,2018-06-24,0.0,0.004010888282209635,-0.004685693886131048,0.0,0.1437487155199051,-0.002895295387133956,0.0,0.0,-0.008443987928330898,0.123150267459256,changed,1
6,-60.38924497493483,-12.607855012617485,2018-06-30,0.11383000016212463,0.004010888282209635,-0.004685693886131048,0.0,0.1437487155199051,-0.002895295387133956,0.0,0.0,-0.008443987928330898,0.12308767277866287,changed,1
6,-60.38924497493483,-12.607855012617485,2018-07-06,0.11798249930143356,0.004010888282209635,-0.004685693886131048,0.0,0.1437487155199051,-0.002895295387133956,0.0,0.0,-0.008443987928330898,0.12326761313648804,changed,1
6,-60.38924497493483,-12.607855012617485,2018-07-12,0.12287750095129013,0.004010888282209635,-0.004685693886131048,0.0,0.1437487155199051,-0.002895295387133956,0.0,0.0,-0.008443987928330898,0.12368718833633588,changed,1
6,-60.38924497493483,-12.607855012617485,2018-07-18,0.0,0.004010888282209635,-0.004685693886131048,0.0,0.1437487155199051,-0.002895295387133956,0.0,0.0,-0.008443987928330898,0.12433156078562521,changed,1
6,-60.38924497493483,-12.607855012617485,2018-07-24,0.12474749982357025,0.004010888282209635,-0.004685693886131048,0.0,0.1437487155199051,-0.002895295387133956,0.0,0.0,-0.008443987928330898,0.12518056679910583,changed,1
6,-60.38924497493483,-12.607855012617485,2018-07-30,0.12510499358177185,0.004010888282209635,-0.004685693886131048,0.0,0.1437487155199051,-0.002895295387133956,0.0,0.0,-0.008443987928330898,0.12620639703120576,changed,1
6,-60.38924497493483,-12.607855012617485,2018-08-05,0.1262737512588501,0.004010888282209635,-0.004685693886131048,0.0,0.1437487155199051,-0.002895295387133956,0.0,0.0,-0.008443987928330898,0.12737158855813255,changed,1
6,-60.38924497493483,-12.607855012617485,2018-08-11,0.0,0.004010888282209635,-0.004685693886131048,0.0,0.1437487155199051,-0.002895295387133956,0.0,0.0,-0.008443987928330898,0.128636565495912,changed,1
6,-60.38924497493483,-12.607855012617485,2018-08-17,0.13006874918937683,0.004010888282209635,-0.004685693886131048,0.0,0.1437487155199051,-0.002895295387133956,0.0,0.0,-0.008443987928330898,0.12995811452753803,changed,1
6,-60.38924497493483,-12.607855012617485,2018-08-23,0.0,0.004010888282209635,-0.004685693886131048,0.0,0.1437487155199051,-0.002895295387133956,0.0,0.0,-0.008443987928330898,0.13128801019692923,changed,1
6,-60.38924497493483,-12.607855012617485,2018-08-29,0.13206249475479126,0.004010888282209635,-0.004685693886131048,0.0,0.1437487155199051,-0.002895295387133956,0.0,0.0,-0.008443987928330898,0.1325809909597011,changed,1
6,-60.38924497493483,-12.607855012617485,2018-09-04,0.0,0.004010888282209635,-0.004685693886131048,0.0,0.1437487155199051,-0.002895295387133956,0.0,0.0,-0.008443987928330898,0.13379346533917277,changed,1
6,-60.38924497493483,-12.607855012617485,2018-09-10,0.14854875206947327,0.004010888282209635,-0.004685693886131048,0.0,0.1437487155199051,-0.002895295387133956,0.0,0.0,-0.008443987928330898,0.13488214057373385,changed,1
6,-60.38924497493483,-12.607855012617485,2018-09-16,0.1468849927186966,0.004010888282209635,-0.004685693886131048,0.0,0.1437487155199051,-0.002895295387133956,0.0,0.0,-0.008443987928330898,0.13581179102113122,changed,1
6,-60.38924497493483,-12.607855012617485,2018-09-22,0.0,0.004010888282209635,-0.004685693886131048,0.0,0.1437487155199051,-0.002895295387133956,0.0,0.0,-0.008443987928330898,0.13655353415277982,changed,1
6,-60.38924497493483,-12.607855012617485,2018-09-28,0.0,0.004010888282209635,-0.004685693886131048,0.0,0.1437487155199051,-0.002895295387133956,0.0,0.0,-0.008443987928330898,0.13708284738484494,changed,1
6,-60.38924497493483,-12.607855012617485,2018-10-04,0.0,0.004010888282209635,-0.004685693886131048,0.0,0.1437487155199051,-0.002895295387133956,0.0,0.0,-0.008443987928330898,0.13738757718196382,changed,1
6,-60.38924497493483,-12.607855012617485,2018-10-10,0.15805000066757202,0.004010888282209635,-0.004685693886131048,0.0,0.1437487155199051,-0.002895295387133956,0.0,0.0,-0.008443987928330898,0.13746014755038788,changed,1
6,-60.38924497493483,-12.607855012617485,2018-10-16,0.0,0.004010888282209635,-0.004685693886131048,0.0,0.1437487155199051,-0.002895295387133956,0.0,0.0,-0.008443987928330898,0.1373048666672517,changed,1
6,-60.38924497493483,-12.607855012617485,2018-10-22,0.0,0.004010888282209635,-0.004685693886131048,0.0,0.1437487155199051,-0.002895295387133956,0.0,0.0,-0.008443987928330898,0.1369345648322293,changed,1
6,-60.38924497493483,-12.607855012617485,2018-10-28,0.0,0.004010888282209635,-0.004685693886131048,0.0,0.1437487155199051,-0.002895295387133956,0.0,0.0,-0.008443987928330898,0.1363668816896963,changed,1
6,-60.38924497493483,-12.607855012617485,2018-11-03,0.0,0.004010888282209635,-0.004685693886131048,0.0,0.1437487155199051,-0.002895295387133956,0.0,0.0,-0.008443987928330898,0.13562950933607387,changed,1
6,-60.38924497493483,-12.607855012617485,2018-11-09,0.0,0.004010888282209635,-0.004685693886131048,0.0,0.1437487155199051,-0.002895295387133956,0.0,0.0,-0.008443987928330898,0.13475587493831984,changed,1
6,-60.38924497493483,-12.607855012617485,2018-11-15,0.0,0.004010888282209635,-0.004685693886131048,0.0,0.1437487155199051,-0.002895295387133956,0.0,0.0,-0.008443987928330898,0.1337805984101703,changed,1
6,-60.38924497493483,-12.607855012617485,2018-11-21,0.0,0.004010888282209635,-0.004685693886131048,0.0,0.1437487155199051,-0.002895295387133956,0.0,0.0,-0.008443987928330898,0.13274405837200923,changed,1
6,-60.38924497493483,-12.607855012617485,2018-11-27,0.0,0.004010888282209635,-0.004685693886131048,0.0,0.1437487155199051,-0.002895295387133956,0.0,0.0,-0.008443987928330898,0.1316875865063814,changed,1
6,-60.38924497493483,-12.607855012617485,2018-12-03,0.0,0.004010888282209635,-0.004685693886131048,0.0,0.1437487155199051,-0.002895295387133956,0.0,0.0,-0.008443987928330898,0.13064863970604454,changed,1
6,-60.38924497493483,-12.607855012617485,2018-12-09,0.0,0.004010888282209635,-0.004685693886131048,0.0,0.1437487155199051,-0.002895295387133956,0.0,0.0,-0.008443987928330898,0.12966529860095852,changed,1
6,-60.38924497493483,-12.607855012617485,2018-12-15,0.0,0.004010888282209635,-0.004685693886131048,0.0,0.1437487155199051,-0.002895295387133956,0.0,0.0,-0.008443987928330898,0.12877161258050826,changed,1
6,-60.38924497493483,-12.607855012617485,2018-12-21,0.0,0.004010888282209635,-0.004685693886131048,0.0,0.1437487155199051,-0.002895295387133956,0.0,0.0,-0.008443987928330898,0.12799313479234417,changed,1
6,-60.38924497493483,-12.607855012617485,2018-12-27,0.0,0.004010888282209635,-0.004685693886131048,0.0,0.1437487155199051,-0.002895295387133956,0.0,0.0,-0.008443987928330898,0.1273519807043053,changed,1
6,-60.38924497493483,-12.607855012617485,2019-01-02,0.0,0.004010888282209635,-0.004685693886131048,0.0,0.1437487155199051,-0.002895295387133956,0.0,0.0,-0.008443987928330898,0.12686290357064833,changed,1
7,-59.98500309708105,-13.101928418883222,2016-01-07,0.0,0.009289758279919624,-0.004865638911724091,0.0,0.17674584686756134,-0.005771542899310589,0.0,0.0,0.00024022128491196781,0.18220331110320778,changed,1
7,-59.98500309708105,-13.101928418883222,2016-01-13,0.0,0.009289758279919624,-0.004865638911724091,0.0,0.17674584686756134,-0.005771542899310589,0.0,0.0,0.00024022128491196781,0.18177722650977574,changed,1
7,-59.98500309708105,-13.101928418883222,2016-01-19,0.0,0.009289758279919624,-0.004865638911724091,0.0,0.17674584686756134,-0.005771542899310589,0.0,0.0,0.00024022128491196781,0.18145577917014655,changed,1
7,-59.98500309708105,-13.101928418883222,2016-01-25,0.0,0.009289758279919624,-0.004865638911724091,0.0,0.17674584686756134,-0.005771542899310589,0.0,0.0,0.00024022128491196781,0.18122682807997456,changed,1
7,-59.98500309708105,-13.101928418883222,2016-01-31,0.0,0.009289758279919624,-0.004865638911724091,0.0,0.17674584686756134,-0.005771542899310589,0.0,0.0,0.00024022128491196781,0.18107191150851762,changed,1
7,-59.98500309708105,-13.101928418883222,2016-02-06,0.0,0.009289758279919624,-0.004865638911724091,0.0,0.17674584686756134,-0.005771542899310589,0.0,0.0,0.00024022128491196781,0.18096738285389585,changed,1
7,-59.98500309708105,-13.101928418883222,2016-02-12,0.0,0.009289758279919624,-0.004865638911724091,0.0,0.17674584686756134,-0.005771542899310589,0.0,0.0,0.00024022128491196781,0.18088561645105444,changed,1
7,-59.98500309708105,-13.101928418883222,2016-02-18,0.0,0.009289758279919624,-0.004865638911724091,0.0,0.17674584686756134,-0.005771542899310589,0.0,0.0,0.00024022128491196781,0.18079669055597203,changed,1
7,-59.98500309708105,-13.101928418883222,2016-02-24,0.0,0.009289758279919624,-0.004865638911724091,0.0,0.17674584686756134,-0.005771542899310589,0.0,0.0,0.00024022128491196781,0.18066992215431676,changed,1
7,-59.98500309708105,-13.101928418883222,2016-03-01,0.0,0.009289758279919624,-0.004865638911724091,0.0,0.17674584686756134,-0.005771542899310589,0.0,0.0,0.00024022128491196781,0.18047544573403568,changed,1
7,-59.98500309708105,-13.101928418883222,2016-03-07,0.0,0.009289758279919624,-0.004865638911724091,0.0,0.17674584686756134,-0.005771542899310589,0.0,0.0,0.00024022128491196781,0.1801860236402653,changed,1
7,-59.98500309708105,-13.101928418883222,2016-03-13,0.0,0.009289758279919624,-0.004865638911724091,0.0,0.17674584686756134,-0.005771542899310589,0.0,0.0,0.00024022128491196781,0.17977848714124894,changed,1
7,-59.98500309708105,-13.101928418883222,2016-03-19,0.0,0.009289758279919624,-0.004865638911724091,0.0,0.17674584686756134,-0.005771542899310589,0.0,0.0,0.00024022128491196781,0.17923501115084386,changed,1
7,-59.98500309708105,-13.101928418883222,2016-03-25,0.0,0.009289758279919624,-0.004865638911724091,0.0,0.17674584686756134,-0.005771542899310589,0.0,0.0,0.00024022128491196781,0.17854441038187874,changed,1
7,-59.98500309708105,-13.101928418883222,2016-03-31,0.0,0.009289758279919624,-0.004865638911724091,0.0,0.17674584686756134,-0.005771542899310589,0.0,0.0,0.00024022128491196781,0.17770286238846109,changed,1
7,-59.98500309708105,-13.101928418883222,2016-04-06,0.0,0.009289758279919624,-0.004865638911724091,0.0,0.17674584686756134,-0.005771542899310589,0.0,0.0,0.00024022128491196781,0.17671447942731883,changed,1
7,-59.98500309708105,-13.101928418883222,2016-04-12,0.21129000186920166,0.009289758279919624,-0.004865638911724091,0.0,0.17674584686756134,-0.005771542899310589,0.0,0.0,0.00024022128491196781,0.17559135362648187,changed,1
7,-59.98500309708105,-13.101928418883222,2016-04-18,0.0,0.009289758279919624,-0.004865638911724091,0.0,0.17674584686756134,-0.005771542899310589,0.0,0.0,0.00024022128491196781,0.17435353693141598,changed,1
7,-59.98500309708105,-13.101928418883222,2016-04-24,0.0,0.009289758279919624,-0.004865638911724091,0.0,0.17674584686756134,-0.005771542899310589,0.0,0.0,0.00024022128491196781,0.17302839733666414,changed,1
7,-59.98500309708105,-13.101928418883222,2016-04-30,0.0,0.009289758279919624,-0.004865638911724091,0.0,0.17674584686756134,-0.005771542899310589,0.0,0.0,0.00024022128491196781,0.171649641608428,changed,1
7,-59.98500309708105,-13.101928418883222,2016-05-06,0.18241499364376068,0.009289758279919624,-0.004865638911724091,0.0,0.17674584686756134,-0.005771542899310589,0.0,0.0,0.00024022128491196781,0.17025630352054966,changed,1
7,-59.98500309708105,-13.101928418883222,2016-05-12,0.18838250637054443,0.009289758279919624,-0.004865638911724091,0.0,0.17674584686756134,-0.005771542899310589,0.0,0.0,0.00024022128491196781,0.1688911817394556,changed,1
7,-59.98500309708105,-13.101928418883222,2016-05-18,0.0,0.009289758279919624,-0.004865638911724091,0.0,0.17674584686756134,-0.005771542899310589,0.0,0.0,0.00024022128491196781,0.16759926016295582,changed,1
7,-59.98500309708105,-13.101928418883222,2016-05-24,0.0,0.009289758279919624,-0.004865638911724091,0.0,0.17674584686756134,-0.005771542899310589,0.0,0.0,0.00024022128491196781,0.16642583006659345,changed,1
7,-59.98500309708105,-13.101928418883222,2016-05-30,0.18315750360488892,0.009289758279919624,-0.004865638911724091,0.0,0.17674584686756134,-0.005771542899310589,0.0,0.0,0.00024022128491196781,0.16541484382794358,changed,1
7,-59.98500309708105,-13.101928418883222,2016-06-05,0.0,0.009289758279919624,-0.004865638911724091,0.0,0.17674584686756134,-0.005771542899310589,0.0,0.0,0.00024022128491196781,0.16460703736408283,changed,1
7,-59.98500309708105,-13.101928418883222,2016-06-11,0.0,0.009289758279919624,-0.004865638911724091,0.0,0.17674584686756134,-0.005771542899310589,0.0,0.0,0.00024022128491196781,0.16403813894178132,changed,1
7,-59.98500309708105,-13.101928418883222,2016-06-17,0.18491749465465546,0.009289758279919624,-0.004865638911724091,0.0,0.17674584686756134,-0.005771542899310589,0.0,0.0,0.00024022128491196781,0.16373751924289473,changed,1
7,-59.98500309708105,-13.101928418883222,2016-06-23,0.1812874972820282,0.009289758279919624,-0.004865638911724091,0.0,0.17674584686756134,-0.005771542899310589,0.0,0.0,0.00024022128491196781,0.16372680702869444,changed,1
7,-59.98500309708105,-13.101928418883222,2016-06-29,0.18065500259399414,0.009289758279919624,-0.004865638911724091,0.0,0.17674584686756134,-0.005771542899310589,0.0,0.0,0.00024022128491196781,0.1640187968038706,changed,1
7,-59.98500309708105,-13.101928418883222,2016-07-05,0.0,0.009289758279919624,-0.004865638911724091,0.0,0.17674584686756134,-0.005771542899310589,0.0,0.0,0.00024022128491196781,0.16461694988741465,changed,1
7,-59.98500309708105,-13.101928418883222,2016-07-11,0.0,0.009289758279919624,-0.004865638911724091,0.0,0.17674584686756134,-0.005771542899310589,0.0,0.0,0.00024022128491196781,0.16551496739923058,changed,1
7,-59.98500309708105,-13.101928418883222,2016-07-17,0.0,0.009289758279919624,-0.004865638911724091,0.0,0.17674584686756134,-0.005771542899310589,0.0,0.0,0.00024022128491196781,0.16669691555999508,changed,1
7,-59.98500309708105,-13.101928418883222,2016-07-23,0.19817249476909637,0.009289758279919624,-0.004865638911724091,0.0,0.17674584686756134,-0.005771542899310589,0.0,0.0,0.00024022128491196781,0.1681375510306069,changed,1
7,-59.98500309708105,-13.101928418883222,2016-07-29,0.0,0.009289758279919624,-0.004865638911724091,0.0,0.17674584686756134,-0.005771542899310589,0.0,0.0,0.00024022128491196781,0.16980330253804526,changed,1
7,-59.98500309708105,-13.101928418883222,2016-08-04,0.21659749746322632,0.009289758279919624,-0.004865638911724091,0.0,0.17674584686756134,-0.005771542899310589,0.0,0.0,0.00024022128491196781,0.17165331476703238,changed,1
7,-59.98500309708105,-13.101928418883222,2016-08-10,0.2079624980688095,0.009289758279919624,-0.004865638911724091,0.0,0.17674584686756134,-0.005771542899310589,0.0,0.0,0.00024022128491196781,0.17364077784416848,changed,1
7,-59.98500309708105,-13.101928418883222,2016-08-16,0.2053775042295456,0.009289758279919624,-0.004865638911724091,0.0,0.17674584686756134,-0.005771542899310589,0.0,0.0,0.00024022128491196781,0.17571474784290123,changed,1
7,-59.98500309708105,-13.101928418883222,2016-08-22,0.0,0.009289758279919624,-0.004865638911724091,0.0,0.17674584686756134,-0.005771542899310589,0.0,0.0,0.00024022128491196781,0.17782186729730376,changed,1
7,-59.98500309708105,-13.101928418883222,2016-08-28,0.20752249658107758,0.009289758279919624,-0.004865638911724091,0.0,0.17674584686756134,-0.005771542899310589,0.0,0.0,0.00024022128491196781,0.17990817071253196,changed,1
7,-59.98500309708105,-13.101928418883222,2016-09-03,0.0,0.009289758279919624,-0.004865638911724091,0.0,0.17674584686756134,-0.005771542899310589,0.0,0.0,0.00024022128491196781,0.18192117216997228,changed,1
7,-59.98500309708105,-13.101928418883222,2016-09-09,0.21998000144958496,0.009289758279919624,-0.004865638911724091,0.0,0.17674584686756134,-0.005771542899310589,0.0,0.0,0.00024022128491196781,0.18381158633622624,changed,1
7,-59.98500309708105,-13.101928418883222,2016-09-15,0.0,0.009289758279919624,-0.004865638911724091,0.0,0.17674584686756134,-0.005771542899310589,0.0,0.0,0.00024022128491196781,0.18553509903816412,changed,1
7,-59.98500309708105,-13.101928418883222,2016-09-21,0.0,0.009289758279919624,-0.004865638911724091,0.0,0.17674584686756134,-0.005771542899310589,0.0,0.0,0.00024022128491196781,0.1870537463884972,changed,1
7,-59.98500309708105,-13.101928418883222,2016-09-27,0.0,0.009289758279919624,-0.004865638911724091,0.0,0.17674584686756134,-0.005771542899310589,0.0,0.0,0.00024022128491196781,0.18833732522190766,changed,1
7,-59.98500309708105,-13.101928418883222,2016-10-03,0.0,0.009289758279919624,-0.004865638911724091,0.0,0.17674584686756134,-0.005771542899310589,0.0,0.0,0.00024022128491196781,0.1893642260781336,changed,1
7,-59.98500309708105,-13.101928418883222,2016-10-09,0.0,0.009289758279919624,-0.004865638911724091,0.0,0.17674584686756134,-0.005771542899310589,0.0,0.0,0.00024022128491196781,0.19012191409941281,changed,1
7,-59.98500309708105,-13.101928418883222,2016-10-15,0.0,0.009289758279919624,-0.004865638911724091,0.0,0.17674584686756134,-0.005771542899310589,0.0,0.0,0.00024022128491196781,0.19060730785121197,changed,1
7,-59.98500309708105,-13.101928418883222,2016-10-21,0.2187425047159195,0.009289758279919624,-0.004865638911724091,0.0,0.17674584686756134,-0.005771542899310589,0.0,0.0,0.00024022128491196781,0.19082648855410206,changed,1
7,-59.98500309708105,-13.101928418883222,2016-10-27,0.0,0.009289758279919624,-0.004865638911724091,0.0,0.17674584686756134,-0.005771542899310589,0.0,0.0,0.00024022128491196781,0.1907942207491911,changed,1
7,-59.98500309708105,-13.101928418883222,2016-11-02,0.0,0.009289758279919624,-0.004865638911724091,0.0,0.17674584686756134,-0.005771542899310589,0.0,0.0,0.00024022128491196781,0.19053295957562016,changed,1
7,-59.98500309708105,-13.101928418883222,2016-11-08,0.0,0.009289758279919624,-0.004865638911724091,0.0,0.17674584686756134,-0.005771542899310589,0.0,0.0,0.00024022128491196781,0.19007185146213146,changed,1
7,-59.98500309708105,-13.101928418883222,2016-11-14,0.0,0.009289758279919624,-0.004865638911724091,0.0,0.17674584686756134,-0.005771542899310589,0.0,0.0,0.00024022128491196781,0.18944522566742883,changed,1
7,-59.98500309708105,-13.101928418883222,2016-11-20,0.0,0.009289758279919624,-0.004865638911724091,0.0,0.17674584686756134,-0.005771542899310589,0.0,0.0,0.00024022128491196781,0.18869090158856844,changed,1
7,-59.98500309708105,-13.101928418883222,2016-11-26,0.0,0.009289758279919624,-0.004865638911724091,0.0,0.17674584686756134,-0.005771542899310589,0.0,0.0,0.00024022128491196781,0.18784864153791875,changed,1
7,-59.98500309708105,-13.101928418883222,2016-12-02,0.0,0.009289758279919624,-0.004865638911724091,0.0,0.17674584686756134,-0.005771542899310589,0.0,0.0,0.00024022128491196781,0.18695830486439471,changed,1
7,-59.98500309708105,-13.101928418883222,2016-12-08,0.0,0.009289758279919624,-0.004865638911724091,0.0,0.17674584686756134,-0.005771542899310589,0.0,0.0,0.00024022128491196781,0.18605802918209782,changed,1
7,-59.98500309708105,-13.101928418883222,2016-12-14,0.0,0.009289758279919624,-0.004865638911724091,0.0,0.17674584686756134,-0.005771542899310589,0.0,0.0,0.00024022128491196781,0.18518278884530015,changed,1
7,-59.98500309708105,-13.101928418883222,2016-12-20,0.0,0.009289758279919624,-0.004865638911724091,0.0,0.17674584686756134,-0.005771542899310589,0.0,0.0,0.00024022128491196781,0.18436283362959943,changed,1
7,-59.98500309708105,-13.101928418883222,2016-12-26,0.0,0.009289758279919624,-0.004865638911724091,0.0,0.17674584686756134,-0.005771542899310589,0.0,0.0,0.00024022128491196781,0.18362254521029928,changed,1
7,-59.98500309708105,-13.101928418883222,2017-01-01,0.0,0.009289758279919624,-0.004865638911724091,0.0,0.17674584686756134,-0.005771542899310589,0.0,0.0,0.00024022128491196781,0.18297939481272457,changed,1
7,-59.98500309708105,-13.101928418883222,2017-01-07,0.0,0.009289758279919624,-0.004865638911724091,0.0,0.17674584686756134,-0.005771542899310589,0.0,0.0,0.00024022128491196781,0.18244223376295807,changed,1
7,-59.98500309708105,-13.101928418883222,2017-01-13,0.0,0.009289758279919624,-0.004865638911724091,0.0,0.17674584686756134,-0.005771542899310589,0.0,0.0,0.00024022128491196781,0.1820153881393858,changed,1
7,-59.98500309708105,-13.101928418883222,2017-01-19,0.0,0.009289758279919624,-0.004865638911724091,0.0,0.17674584686756134,-0.005771542899310589,0.0,0.0,0.00024022128491196781,0.1816937594478863,changed,1
7,-59.98500309708105,-13.101928418883222,2017-01-25,0.0,0.009289758279919624,-0.004865638911724091,0.0,0.17674584686756134,-0.005771542899310589,0.0,0.0,0.00024022128491196781,0.18146500482380193,changed,1
7,-59.98500309708105,-13.101928418883222,2017-01-31,0.0,0.009289758279919624,-0.004865638911724091,0.0,0.17674584686756134,-0.005771542899310589,0.0,0.0,0.00024022128491196781,0.18131042456929253,changed,1
7,-59.98500309708105,-13.101928418883222,2017-02-06,0.0,0.009289758279919624,-0.004865638911724091,0.0,0.17674584686756134,-0.005771542899310589,0.0,0.0,0.00024022128491196781,0.1812061495573677,changed,1
7,-59.98500309708105,-13.101928418883222,2017-02-12,0.0,0.009289758279919624,-0.004865638911724091,0.0,0.17674584686756134,-0.005771542899310589,0.0,0.0,0.00024022128491196781,0.1811243098481526,changed,1
7,-59.98500309708105,-13.101928418883222,2017-02-18,0.0,0.009289758279919624,-0.004865638911724091,0.0,0.17674584686756134,-0.005771542899310589,0.0,0.0,0.00024022128491196781,0.18103465207186986,changed,1
7,-59.98500309708105,-13.101928418883222,2017-02-24,0.0,0.009289758279919624,-0.004865638911724091,0.0,0.17674584686756134,-0.005771542899310589,0.0,0.0,0.00024022128491196781,0.18090627112306779,changed,1
7,-59.98500309708105,-13.101928418883222,2017-03-02,0.0,0.009289758279919624,-0.004865638911724091,0.0,0.17674584686756134,-0.005771542899310589,0.0,0.0,0.00024022128491196781,0.18070912884134915,changed,1
7,-59.98500309708105,-13.101928418883222,2017-03-08,0.0,0.009289758279919624,-0.004865638911724091,0.0,0.17674584686756134,-0.005771542899310589,0.0,0.0,0.00024022128491196781,0.18041579128229412,changed,1
7,-59.98500309708105,-13.101928418883222,2017-03-14,0.21062999963760376,0.009289758279919624,-0.004865638911724091,0.0,0.17674584686756134,-0.005771542899310589,0.0,0.0,0.00024022128491196781,0.18000306973791314,changed,1
7,-59.98500309708105,-13.101928418883222,2017-03-20,0.0,0.009289758279919624,-0.004865638911724091,0.0,0.17674584686756134,-0.005771542899310589,0.0,0.0,0.00024022128491196781,0.17945321424720637,changed,1
7,-59.98500309708105,-13.101928418883222,2017-03-26,0.0,0.009289758279919624,-0.004865638911724091,0.0,0.17674584686756134,-0.005771542899310589,0.0,0.0,0.00024022128491196781,0.17875513218077882,changed,1
7,-59.98500309708105,-13.101928418883222,2017-04-01,0.0,0.009289758279919624,-0.004865638911724091,0.0,0.17674584686756134,-0.005771542899310589,0.0,0.0,0.00024022128491196781,0.17790531610595473,changed,1
7,-59.98500309708105,-13.101928418883222,2017-04-07,0.0,0.009289758279919624,-0.004865638911724091,0.0,0.17674584686756134,-0.005771542899310589,0.0,0.0,0.00024022128491196781,0.17690817590262525,changed,1
7,-59.98500309708105,-13.101928418883222,2017-04-13,0.0,0.009289758279919624,-0.004865638911724091,0.0,0.17674584686756134,-0.005771542899310589,0.0,0.0,0.00024022128491196781,0.17577627774185028,changed,1
7,-59.98500309708105,-13.101928418883222,2017-04-19,0.0,0.009289758279919624,-0.004865638911724091,0.0,0.17674584686756134,-0.005771542899310589,0.0,0.0,0.00024022128491196781,0.17453021383717143,changed,1
7,-59.98500309708105,-13.101928418883222,2017-04-25,0.0,0.009289758279919624,-0.004865638911724091,0.0,0.17674584686756134,-0.005771542899310589,0.0,0.0,0.00024022128491196781,0.17319785273627186,changed,1
7,-59.98500309708105,-13.101928418883222,2017-05-01,0.0,0.009289758279919624,-0.004865638911724091,0.0,0.17674584686756134,-0.005771542899310589,0.0,0.0,0.00024022128491196781,0.17181350759206715,changed,1
7,-59.98500309708105,-13.101928418883222,2017-05-07,0.17782250046730042,0.009289758279919624,-0.004865638911724091,0.0,0.17674584686756134,-0.005771542899310589,0.0,0.0,0.00024022128491196781,0.17041680454282232,changed,1
7,-59.98500309708105,-13.101928418883222,2017-05-13,0.0,0.009289758279919624,-0.004865638911724091,0.0,0.17674584686756134,-0.005771542899310589,0.0,0.0,0.00024022128491196781,0.1690510310650537,changed,1
7,-59.98500309708105,-13.101928418883222,2017-05-19,0.0,0.009289758279919624,-0.004865638911724091,0.0,0.17674584686756134,-0.005771542899310589,0.0,0.0,0.00024022128491196781,0.16776155712954463,changed,1
7,-59.98500309708105,-13.101928418883222,2017-05-25,0.0,0.009289758279919624,-0.004865638911724091,0.0,0.17674584686756134,-0.005771542899310589,0.0,0.0,0.00024022128491196781,0.1665941262880795,changed,1
7,-59.98500309708105,-13.101928418883222,2017-05-31,0.0,0.009289758279919624,-0.004865638911724091,0.0,0.17674584686756134,-0.005771542899310589,0.0,0.0,0.00024022128491196781,0.16559284016610482,changed,1
7,-59.98500309708105,-13.101928418883222,2017-06-06,0.0,0.009289758279919624,-0.004865638911724091,0.0,0.17674584686756134,-0.005771542899310589,0.0,0.0,0.00024022128491196781,0.16479842783235094,changed,1
7,-59.98500309708105,-13.101928418883222,2017-06-12,0.0,0.009289758279919624,-0.004865638911724091,0.0,0.17674584686756134,-0.005771542899310589,0.0,0.0,0.00024022128491196781,0.16424662311539287,changed,1
7,-59.98500309708105,-13.101928418883222,2017-06-18,0.17669500410556793,0.009289758279919624,-0.004865638911724091,0.0,0.17674584686756134,-0.005771542899310589,0.0,0.0,0.00024022128491196781,0.16396645298029336,changed,1
7,-59.98500309708105,-13.101928418883222,2017-06-24,0.0,0.009289758279919624,-0.004865638911724091,0.0,0.17674584686756134,-0.005771542899310589,0.0,0.0,0.00024022128491196781,0.1639790319374196,changed,1
7,-59.98500309708105,-13.101928418883222,2017-06-30,0.0,0.009289758279919624,-0.004865638911724091,0.0,0.17674584686756134,-0.005771542899310589,0.0,0.0,0.00024022128491196781,0.16429665511392158,changed,1
7,-59.98500309708105,-13.101928418883222,2017-07-06,0.0,0.009289758279919624,-0.004865638911724091,0.0,0.17674584686756134,-0.005771542899310589,0.0,0.0,0.00024022128491196781,0.16492196715425245,changed,1
7,-59.98500309708105,-13.101928418883222,2017-07-12,0.0,0.009289758279919624,-0.004865638911724091,0.0,0.17674584686756134,-0.005771542899310589,0.0,0.0,0.00024022128491196781,0.16584776576631707,changed,1
7,-59.98500309708105,-13.101928418883222,2017-07-18,0.18849250674247742,0.009289758279919624,-0.004865638911724091,0.0,0.17674584686756134,-0.005771542899310589,0.0,0.0,0.00024022128491196781,0.16705718977425604,changed,1
7,-59.98500309708105,-13.101928418883222,2017-07-24,0.0,0.009289758279919624,-0.004865638911724091,0.0,0.17674584686756134,-0.005771542899310589,0.0,0.0,0.00024022128491196781,0.16852402464538543,changed,1
7,-59.98500309708105,-13.101928418883222,2017-07-30,0.18640249967575073,0.009289758279919624,-0.004865638911724091,0.0,0.17674584686756134,-0.005771542899310589,0.0,0.0,0.00024022128491196781,0.17021363880870438,changed,1
7,-59.98500309708105,-13.101928418883222,2017-08-05,0.20595499873161316,0.009289758279919624,-0.004865638911724091,0.0,0.17674584686756134,-0.005771542899310589,0.0,0.0,0.00024022128491196781,0.17208424516317783,changed,1
7,-59.98500309708105,-13.101928418883222,2017-08-11,0.20565250515937805,0.009289758279919624,-0.004865638911724091,0.0,0.17674584686756134,-0.005771542899310589,0.0,0.0,0.00024022128491196781,0.17408818923759917,changed,1
7,-59.98500309708105,-13.101928418883222,2017-08-17,0.0,0.009289758279919624,-0.004865638911724091,0.0,0.17674584686756134,-0.005771542899310589,0.0,0.0,0.00024022128491196781,0.17617372187608238,changed,1
7,-59.98500309708105,-13.101928418883222,2017-08-23,0.0,0.009289758279919624,-0.004865638911724091,0.0,0.17674584686756134,-0.005771542899310589,0.0,0.0,0.00024022128491196781,0.1782869342742916,changed,1
7,-59.98500309708105,-13.101928418883222,2017-08-29,0.2164050042629242,0.009289758279919624,-0.004865638911724091,0.0,0.17674584686756134,-0.005771542899310589,0.0,0.0,0.00024022128491196781,0.18037350412333297,changed,1
7,-59.98500309708105,-13.101928418883222,2017-09-04,0.0,0.009289758279919624,-0.004865638911724091,0.0,0.17674584686756134,-0.005771542899310589,0.0,0.0,0.00024022128491196781,0.18238072019765456,changed,1
7,-59.98500309708105,-13.101928418883222,2017-09-10,0.0,0.009289758279919624,-0.004865638911724091,0.0,0.17674584686756134,-0.005771542899310589,0.0,0.0,0.00024022128491196781,0.1842594219155158,changed,1
7,-59.98500309708105,-13.101928418883222,2017-09-16,0.0,0.009289758279919624,-0.004865638911724091,0.0,0.17674584686756134,-0.005771542899310589,0.0,0.0,0.00024022128491196781,0.18596553949555622,changed,1
7,-59.98500309708105,-13.101928418883222,2017-09-22,0.21662500500679016,0.009289758279919624,-0.004865638911724091,0.0,0.17674584686756134,-0.005771542899310589,0.0,0.0,0.00024022128491196781,0.18746166779464282,changed,1
7,-59.98500309708105,-13.101928418883222,2017-09-28,0.0,0.009289758279919624,-0.004865638911724091,0.0,0.17674584686756134,-0.005771542899310589,0.0,0.0,0.00024022128491196781,0.18871837592543558,changed,1
7,-59.98500309708105,-13.101928418883222,2017-10-04,0.0,0.009289758279919624,-0.004865638911724091,0.0,0.17674584686756134,-0.005771542899310589,0.0,0.0,0.00024022128491196781,0.18971489013271703,changed,1
7,-59.98500309708105,-13.101928418883222,2017-10-10,0.0,0.009289758279919624,-0.004865638911724091,0.0,0.17674584686756134,-0.005771542899310589,0.0,0.0,0.00024022128491196781,0.19043986498378668,changed,1
7,-59.98500309708105,-13.101928418883222,2017-10-16,0.0,0.009289758279919624,-0.004865638911724091,0.0,0.17674584686756134,-0.005771542899310589,0.0,0.0,0.00024022128491196781,0.19089133295304286,changed,1
7,-59.98500309708105,-13.101928418883222,2017-10-22,0.0,0.009289758279919624,-0.004865638911724091,0.0,0.17674584686756134,-0.005771542899310589,0.0,0.0,0.00024022128491196781,0.19107656891533448,changed,1
7,-59.98500309708105,-13.101928418883222,2017-10-28,0.0,0.009289758279919624,-0.004865638911724091,0.0,0.17674584686756134,-0.005771542899310589,0.0,0.0,0.00024022128491196781,0.19101158729024043,changed,1
7,-59.98500309708105,-13.101928418883222,2017-11-03,0.0,0.009289758279919624,-0.004865638911724091,0.0,0.17674584686756134,-0.005771542899310589,0.0,0.0,0.00024022128491196781,0.1907200361863433,changed,1
7,-59.98500309708105,-13.101928418883222,2017-11-09,0.0,0.009289758279919624,-0.004865638911724091,0.0,0.17674584686756134,-0.005771542899310589,0.0,0.0,0.00024022128491196781,0.19023205479412353,changed,1
7,-59.98500309708105,-13.101928418883222,2017-11-15,0.0,0.009289758279919624,-0.004865638911724091,0.0,0.17674584686756134,-0.005771542899310589,0.0,0.0,0.00024022128491196781,0.18958289524456368,changed,1
7,-59.98500309708105,-13.101928418883222,2017-11-21,0.0,0.009289758279919624,-0.004865638911724091,0.0,0.17674584686756134,-0.005771542899310589,0.0,0.0,0.00024022128491196781,0.1888110941459864,changed,1
7,-59.98500309708105,-13.101928418883222,2017-11-27,0.0,0.009289758279919624,-0.004865638911724091,0.0,0.17674584686756134,-0.005771542899310589,0.0,0.0,0.00024022128491196781,0.18795680672837511,changed,1
7,-59.98500309708105,-13.101928418883222,2017-12-03,0.0,0.009289758279919624,-0.004865638911724091,0.0,0.17674584686756134,-0.005771542899310589,0.0,0.0,0.00024022128491196781,0.1870601113193981,changed,1
7,-59.98500309708105,-13.101928418883222,2017-12-09,0.0,0.009289758279919624,-0.004865638911724091,0.0,0.17674584686756134,-0.005771542899310589,0.0,0.0,0.00024022128491196781,0.1861590920015813,changed,1
7,-59.98500309708105,-13.101928418883222,2017-12-15,0.0,0.009289758279919624,-0.004865638911724091,0.0,0.17674584686756134,-0.005771542899310589,0.0,0.0,0.00024022128491196781,0.18528830843491462,changed,1
7,-59.98500309708105,-13.101928418883222,2017-12-21,0.0,0.009289758279919624,-0.004865638911724091,0.0,0.17674584686756134,-0.005771542899310589,0.0,0.0,0.00024022128491196781,0.18447745496848805,changed,1
7,-59.98500309708105,-13.101928418883222,2017-12-27,0.0,0.009289758279919624,-0.004865638911724091,0.0,0.17674584686756134,-0.005771542899310589,0.0,0.0,0.00024022128491196781,0.1837500059533791,changed,1
7,-59.98500309708105,-13.101928418883222,2018-01-02,0.0,0.009289758279919624,-0.004865638911724091,0.0,0.17674584686756134,-0.005771542899310589,0.0,0.0,0.00024022128491196781,0.1831224203980612,changed,1
7,-59.98500309708105,-13.101928418883222,2018-01-07,0.0,0.009289758279919624,-0.004865638911724091,0.0,0.17674584686756134,-0.005771542899310589,0.0,0.0,0.00024022128491196781,0.18268245504787003,changed,1
7,-59.98500309708105,-13.101928418883222,2018-01-13,0.0,0.009289758279919624,-0.004865638911724091,0.0,0.17674584686756134,-0.005771542899310589,0.0,0.0,0.00024022128491196781,0.18225560942429778,changed,1
7,-59.98500309708105,-13.101928418883222,2018-01-19,0.0,0.009289758279919624,-0.004865638911724091,0.0,0.17674584686756134,-0.005771542899310589,0.0,0.0,0.00024022128491196781,0.18193398073279826,changed,1
7,-59.98500309708105,-13.101928418883222,2018-01-25,0.0,0.009289758279919624,-0.004865638911724091,0.0,0.17674584686756134,-0.005771542899310589,0.0,0.0,0.00024022128491196781,0.1817052261087139,changed,1
7,-59.98500309708105,-13.101928418883222,2018-01-31,0.0,0.009289758279919624,-0.004865638911724091,0.0,0.17674584686756134,-0.005771542899310589,0.0,0.0,0.00024022128491196781,0.1815506458542045,changed,1
7,-59.98500309708105,-13.101928418883222,2018-02-06,0.0,0.009289758279919624,-0.004865638911724091,0.0,0.17674584686756134,-0.005771542899310589,0.0,0.0,0.00024022128491196781,0.18144637084227966,changed,1
7,-59.98500309708105,-13.101928418883222,2018-02-12,0.0,0.009289758279919624,-0.004865638911724091,0.0,0.17674584686756134,-0.005771542899310589,0.0,0.0,0.00024022128491196781,0.18136453113306455,changed,1
7,-59.98500309708105,-13.101928418883222,2018-02-18,0.0,0.009289758279919624,-0.004865638911724091,0.0,0.17674584686756134,-0.005771542899310589,0.0,0.0,0.00024022128491196781,0.18127487335678183,changed,1
7,-59.98500309708105,-13.101928418883222,2018-02-24,0.0,0.009289758279919624,-0.004865638911724091,0.0,0.17674584686756134,-0.005771542899310589,0.0,0.0,0.00024022128491196781,0.18114649240797975,changed,1
7,-59.98500309708105,-13.101928418883222,2018-03-02,0.0,0.009289758279919624,-0.004865638911724091,0.0,0.17674584686756134,-0.005771542899310589,0.0,0.0,0.00024022128491196781,0.18094935012626112,changed,1
7,-59.98500309708105,-13.101928418883222,2018-03-08,0.0,0.009289758279919624,-0.004865638911724091,0.0,0.17674584686756134,-0.005771542899310589,0.0,0.0,0.00024022128491196781,0.1806560125672061,changed,1
7,-59.98500309708105,-13.101928418883222,2018-03-14,0.0,0.009289758279919624,-0.004865638911724091,0.0,0.17674584686756134,-0.005771542899310589,0.0,0.0,0.00024022128491196781,0.1802432910228251,changed,1
7,-59.98500309708105,-13.101928418883222,2018-03-20,0.0,0.009289758279919624,-0.004865638911724091,0.0,0.17674584686756134,-0.005771542899310589,0.0,0.0,0.00024022128491196781,0.17969343553211833,changed,1
7,-59.98500309708105,-13.101928418883222,2018-03-26,0.0,0.009289758279919624,-0.004865638911724091,0.0,0.17674584686756134,-0.005771542899310589,0.0,0.0,0.00024022128491196781,0.1789953534656908,changed,1
7,-59.98500309708105,-13.101928418883222,2018-04-01,0.0,0.009289758279919624,-0.004865638911724091,0.0,0.17674584686756134,-0.005771542899310589,0.0,0.0,0.00024022128491196781,0.1781455373908667,changed,1
7,-59.98500309708105,-13.101928418883222,2018-04-07,0.0,0.009289758279919624,-0.004865638911724091,0.0,0.17674584686756134,-0.005771542899310589,0.0,0.0,0.00024022128491196781,0.17714839718753722,changed,1
7,-59.98500309708105,-13.101928418883222,2018-04-13,0.0,0.009289758279919624,-0.004865638911724091,0.0,0.17674584686756134,-0.005771542899310589,0.0,0.0,0.00024022128491196781,0.17601649902676225,changed,1
7,-59.98500309708105,-13.101928418883222,2018-04-19,0.0,0.009289758279919624,-0.004865638911724091,0.0,0.17674584686756134,-0.005771542899310589,0.0,0.0,0.00024022128491196781,0.1747704351220834,changed,1
7,-59.98500309708105,-13.101928418883222,2018-04-25,0.17947250604629517,0.009289758279919624,-0.004865638911724091,0.0,0.17674584686756134,-0.005771542899310589,0.0,0.0,0.00024022128491196781,0.17343807402118383,changed,1
7,-59.98500309708105,-13.101928418883222,2018-05-01,0.0,0.009289758279919624,-0.004865638911724091,0.0,0.17674584686756134,-0.005771542899310589,0.0,0.0,0.00024022128491196781,0.17205372887697912,changed,1
7,-59.98500309708105,-13.101928418883222,2018-05-07,0.0,0.009289758279919624,-0.004865638911724091,0.0,0.17674584686756134,-0.005771542899310589,0.0,0.0,0.00024022128491196781,0.1706570258277343,changed,1
7,-59.98500309708105,-13.101928418883222,2018-05-13,0.17724500596523285,0.009289758279919624,-0.004865638911724091,0.0,0.17674584686756134,-0.005771542899310589,0.0,0.0,0.00024022128491196781,0.16929125234996567,changed,1
7,-59.98500309708105,-13.101928418883222,2018-05-19,0.0,0.009289758279919624,-0.004865638911724091,0.0,0.17674584686756134,-0.005771542899310589,0.0,0.0,0.00024022128491196781,0.1680017784144566,changed,1
7,-59.98500309708105,-13.101928418883222,2018-05-25,0.17688749730587006,0.009289758279919624,-0.004865638911724091,0.0,0.17674584686756134,-0.005771542899310589,0.0,0.0,0.00024022128491196781,0.16683434757299148,changed,1
7,-59.98500309708105,-13.101928418883222,2018-05-31,0.0,0.009289758279919624,-0.004865638911724091,0.0,0.17674584686756134,-0.005771542899310589,0.0,0.0,0.00024022128491196781,0.16583306145101678,changed,1
7,-59.98500309708105,-13.101928418883222,2018-06-06,0.21222500503063202,0.009289758279919624,-0.004865638911724091,0.0,0.17674584686756134,-0.005771542899310589,0.0,0.0,0.00024022128491196781,0.1650386491172629,changed,1
7,-59.98500309708105,-13.101928418883222,2018-06-12,0.1689399927854538,0.009289758279919624,-0.004865638911724091,0.0,0.17674584686756134,-0.005771542899310589,0.0,0.0,0.00024022128491196781,0.16448684440030484,changed,1
7,-59.98500309708105,-13.101928418883222,2018-06-18,0.16566750407218933,0.009289758279919624,-0.004865638911724091,0.0,0.17674584686756134,-0.005771542899310589,0.0,0.0,0.00024022128491196781,0.16420667426520533,changed,1
7,-59.98500309708105,-13.101928418883222,2018-06-24,0.0,0.009289758279919624,-0.004865638911724091,0.0,0.17674584686756134,-0.005771542899310589,0.0,0.0,0.00024022128491196781,0.16421925322233158,changed,1
7,-59.98500309708105,-13.101928418883222,2018-06-30,0.17922499775886536,0.009289758279919624,-0.004865638911724091,0.0,0.17674584686756134,-0.005771542899310589,0.0,0.0,0.00024022128491196781,0.16453687639883355,changed,1
7,-59.98500309708105,-13.101928418883222,2018-07-06,0.17328499257564545,0.009289758279919624,-0.004865638911724091,0.0,0.17674584686756134,-0.005771542899310589,0.0,0.0,0.00024022128491196781,0.16516218843916441,changed,1
7,-59.98500309708105,-13.101928418883222,2018-07-12,0.17730000615119934,0.009289758279919624,-0.004865638911724091,0.0,0.17674584686756134,-0.005771542899310589,0.0,0.0,0.00024022128491196781,0.16608798705122904,changed,1
7,-59.98500309708105,-13.101928418883222,2018-07-18,0.0,0.009289758279919624,-0.004865638911724091,0.0,0.17674584686756134,-0.005771542899310589,0.0,0.0,0.00024022128491196781,0.167297411059168,changed,1
7,-59.98500309708105,-13.101928418883222,2018-07-24,0.17927999794483185,0.009289758279919624,-0.004865638911724091,0.0,0.17674584686756134,-0.005771542899310589,0.0,0.0,0.00024022128491196781,0.1687642459302974,changed,1
7,-59.98500309708105,-13.101928418883222,2018-07-30,0.0,0.009289758279919624,-0.004865638911724091,0.0,0.17674584686756134,-0.005771542899310589,0.0,0.0,0.00024022128491196781,0.17045386009361635,changed,1
7,-59.98500309708105,-13.101928418883222,2018-08-05,0.19588999450206757,0.009289758279919624,-0.004865638911724091,0.0,0.17674584686756134,-0.005771542899310589,0.0,0.0,0.00024022128491196781,0.1723244664480898,changed,1
7,-59.98500309708105,-13.101928418883222,2018-08-11,0.0,0.009289758279919624,-0.004865638911724091,0.0,0.17674584686756134,-0.005771542899310589,0.0,0.0,0.00024022128491196781,0.17432841052251113,changed,1
7,-59.98500309708105,-13.101928418883222,2018-08-17,0.1863200068473816,0.009289758279919624,-0.004865638911724091,0.0,0.17674584686756134,-0.005771542899310589,0.0,0.0,0.00024022128491196781,0.17641394316099435,changed,1
7,-59.98500309708105,-13.101928418883222,2018-08-23,0.0,0.009289758279919624,-0.004865638911724091,0.0,0.17674584686756134,-0.005771542899310589,0.0,0.0,0.00024022128491196781,0.17852715555920357,changed,1
7,-59.98500309708105,-13.101928418883222,2018-08-29,0.20551499724388123,0.009289758279919624,-0.004865638911724091,0.0,0.17674584686756134,-0.005771542899310589,0.0,0.0,0.00024022128491196781,0.18061372540824494,changed,1
7,-59.98500309708105,-13.101928418883222,2018-09-04,0.0,0.009289758279919624,-0.004865638911724091,0.0,0.17674584686756134,-0.005771542899310589,0.0,0.0,0.00024022128491196781,0.18262094148256652,changed,1
7,-59.98500309708105,-13.101928418883222,2018-09-10,0.20389249920845032,0.009289758279919624,-0.004865638911724091,0.0,0.17674584686756134,-0.005771542899310589,0.0,0.0,0.00024022128491196781,0.18449964320042778,changed,1
7,-59.98500309708105,-13.101928418883222,2018-09-16,0.0,0.009289758279919624,-0.004865638911724091,0.0,0.17674584686756134,-0.005771542899310589,0.0,0.0,0.00024022128491196781,0.1862057607804682,changed,1
7,-59.98500309708105,-13.101928418883222,2018-09-22,0.0,0.009289758279919624,-0.004865638911724091,0.0,0.17674584686756134,-0.005771542899310589,0.0,0.0,0.00024022128491196781,0.1877018890795548,changed,1
7,-59.98500309708105,-13.101928418883222,2018-09-28,0.0,0.009289758279919624,-0.004865638911724091,0.0,0.17674584686756134,-0.005771542899310589,0.0,0.0,0.00024022128491196781,0.18895859721034755,changed,1
7,-59.98500309708105,-13.101928418883222,2018-10-04,0.0,0.009289758279919624,-0.004865638911724091,0.0,0.17674584686756134,-0.005771542899310589,0.0,0.0,0.00024022128491196781,0.189955111417629,changed,1
7,-59.98500309708105,-13.101928418883222,2018-10-10,0.0,0.009289758279919624,-0.004865638911724091,0.0,0.17674584686756134,-0.005771542899310589,0.0,0.0,0.00024022128491196781,0.19068008626869865,changed,1
7,-59.98500309708105,-13.101928418883222,2018-10-16,0.0,0.009289758279919624,-0.004865638911724091,0.0,0.17674584686756134,-0.005771542899310589,0.0,0.0,0.00024022128491196781,0.19113155423795483,changed,1
7,-59.98500309708105,-13.101928418883222,2018-10-22,0.0,0.009289758279919624,-0.004865638911724091,0.0,0.17674584686756134,-0.005771542899310589,0.0,0.0,0.00024022128491196781,0.19131679020024644,changed,1
7,-59.98500309708105,-13.101928418883222,2018-10-28,0.0,0.009289758279919624,-0.004865638911724091,0.0,0.17674584686756134,-0.005771542899310589,0.0,0.0,0.00024022128491196781,0.1912518085751524,changed,1
7,-59.98500309708105,-13.101928418883222,2018-11-03,0.0,0.009289758279919624,-0.004865638911724091,0.0,0.17674584686756134,-0.005771542899310589,0.0,0.0,0.00024022128491196781,0.19096025747125528,changed,1
7,-59.98500309708105,-13.101928418883222,2018-11-09,0.0,0.009289758279919624,-0.004865638911724091,0.0,0.17674584686756134,-0.005771542899310589,0.0,0.0,0.00024022128491196781,0.1904722760790355,changed,1
7,-59.98500309708105,-13.101928418883222,2018-11-15,0.0,0.009289758279919624,-0.004865638911724091,0.0,0.17674584686756134,-0.005771542899310589,0.0,0.0,0.00024022128491196781,0.18982311652947564,changed,1
7,-59.98500309708105,-13.101928418883222,2018-11-21,0.0,0.009289758279919624,-0.004865638911724091,0.0,0.17674584686756134,-0.005771542899310589,0.0,0.0,0.00024022128491196781,0.18905131543089837,changed,1
7,-59.98500309708105,-13.101928418883222,2018-11-27,0.0,0.009289758279919624,-0.004865638911724091,0.0,0.17674584686756134,-0.005771542899310589,0.0,0.0,0.00024022128491196781,0.18819702801328708,changed,1
7,-59.98500309708105,-13.101928418883222,2018-12-03,0.0,0.009289758279919624,-0.004865638911724091,0.0,0.17674584686756134,-0.005771542899310589,0.0,0.0,0.00024022128491196781,0.18730033260431006,changed,1
7,-59.98500309708105,-13.101928418883222,2018-12-09,0.0,0.009289758279919624,-0.004865638911724091,0.0,0.17674584686756134,-0.005771542899310589,0.0,0.0,0.00024022128491196781,0.18639931328649326,changed,1
7,-59.98500309708105,-13.101928418883222,2018-12-15,0.0,0.009289758279919624,-0.004865638911724091,0.0,0.17674584686756134,-0.005771542899310589,0.0,0.0,0.00024022128491196781,0.18552852971982658,changed,1
7,-59.98500309708105,-13.101928418883222,2018-12-21,0.0,0.009289758279919624,-0.004865638911724091,0.0,0.17674584686756134,-0.005771542899310589,0.0,0.0,0.00024022128491196781,0.18471767625340002,changed,1
7,-59.98500309708105,-13.101928418883222,2018-12-27,0.0,0.009289758279919624,-0.004865638911724091,0.0,0.17674584686756134,-0.005771542899310589,0.0,0.0,0.00024022128491196781,0.18399022723829106,changed,1
7,-59.98500309708105,-13.101928418883222,2019-01-02,0.0,0.009289758279919624,-0.004865638911724091,0.0,0.17674584686756134,-0.005771542899310589,0.0,0.0,0.00024022128491196781,0.18336264168297317,changed,1
8,-61.4043412459899,-13.353456698436688,2016-01-07,0.0,-0.01638225093483925,-0.0015196017920970917,0.005794688127934933,0.2808888256549835,-0.04037494584918022,0.02183145098388195,0.003931476268917322,0.0,0.27013605298320864,changed,1
8,-61.4043412459899,-13.353456698436688,2016-01-13,0.0,-0.01638225093483925,-0.0015196017920970917,0.005794688127934933,0.2808888256549835,-0.04037494584918022,0.02183145098388195,0.003931476268917322,0.0,0.2709450556573051,changed,1
8,-61.4043412459899,-13.353456698436688,2016-01-19,0.0,-0.01638225093483925,-0.0015196017920970917,0.005794688127934933,0.2808888256549835,-0.04037494584918022,0.02183145098388195,0.003931476268917322,0.0,0.2710375827135946,changed,1
8,-61.4043412459899,-13.353456698436688,2016-01-25,0.0,-0.01638225093483925,-0.0015196017920970917,0.005794688127934933,0.2808888256549835,-0.04037494584918022,0.02183145098388195,0.003931476268917322,0.0,0.2703157821376141,changed,1
8,-61.4043412459899,-13.353456698436688,2016-01-31,0.0,-0.01638225093483925,-0.0015196017920970917,0.005794688127934933,0.2808888256549835,-0.04037494584918022,0.02183145098388195,0.003931476268917322,0.0,0.2687585095699425,changed,1
8,-61.4043412459899,-13.353456698436688,2016-02-06,0.0,-0.01638225093483925,-0.0015196017920970917,0.005794688127934933,0.2808888256549835,-0.04037494584918022,0.02183145098388195,0.003931476268917322,0.0,0.266418323024718,changed,1
8,-61.4043412459899,-13.353456698436688,2016-02-12,0.0,-0.01638225093483925,-0.0015196017920970917,0.005794688127934933,0.2808888256549835,-0.04037494584918022,0.02183145098388195,0.003931476268917322,0.0,0.2634126248847823,changed,1
8,-61.4043412459899,-13.353456698436688,2016-02-18,0.0,-0.01638225093483925,-0.0015196017920970917,0.005794688127934933,0.2808888256549835,-0.04037494584918022,0.02183145098388195,0.003931476268917322,0.0,0.2599100142016276,changed,1
8,-61.4043412459899,-13.353456698436688,2016-02-24,0.0,-0.01638225093483925,-0.0015196017920970917,0.005794688127934933,0.2808888256549835,-0.04037494584918022,0.02183145098388195,0.003931476268917322,0.0,0.2561133190080821,changed,1
8,-61.4043412459899,-13.353456698436688,2016-03-01,0.0,-0.01638225093483925,-0.0015196017920970917,0.005794688127934933,0.2808888256549835,-0.04037494584918022,0.02183145098388195,0.003931476268917322,0.0,0.2522410476122821,changed,1
8,-61.4043412459899,-13.353456698436688,2016-03-07,0.0,-0.01638225093483925,-0.0015196017920970917,0.005794688127934933,0.2808888256549835,-0.04037494584918022,0.02183145098388195,0.003931476268917322,0.0,0.24850900806097864,changed,1
8,-61.4043412459899,-13.353456698436688,2016-03-13,0.0,-0.01638225093483925,-0.0015196017920970917,0.005794688127934933,0.2808888256549835,-0.04037494584918022,0.02183145098388195,0.003931476268917322,0.0,0.24511379022059393,changed,1
8,-61.4043412459899,-13.353456698436688,2016-03-19,0.0,-0.01638225093483925,-0.0015196017920970917,0.005794688127934933,0.2808888256549835,-0.04037494584918022,0.02183145098388195,0.003931476268917322,0.0,0.24221955509597565,changed,1
8,-61.4043412459899,-13.353456698436688,2016-03-25,0.0,-0.01638225093483925,-0.0015196017920970917,0.005794688127934933,0.2808888256549835,-0.04037494584918022,0.02183145098388195,0.003931476268917322,0.0,0.23994911717438935,changed,1
8,-61.4043412459899,-13.353456698436688,2016-03-31,0.0,-0.01638225093483925,-0.0015196017920970917,0.005794688127934933,0.2808888256549835,-0.04037494584918022,0.02183145098388195,0.003931476268917322,0.0,0.23837994064005413,changed,1
8,-61.4043412459899,-13.353456698436688,2016-04-06,0.0,-0.01638225093483925,-0.0015196017920970917,0.005794688127934933,0.2808888256549835,-0.04037494584918022,0.02183145098388195,0.003931476268917322,0.0,0.23754505412957475,changed,1
8,-61.4043412459899,-13.353456698436688,2016-04-12,0.0,-0.01638225093483925,-0.0015196017920970917,0.005794688127934933,0.2808888256549835,-0.04037494584918022,0.02183145098388195,0.003931476268917322,0.0,0.23743843688329022,changed,1
8,-61.4043412459899,-13.353456698436688,2016-04-18,0.0,-0.01638225093483925,-0.0015196017920970917,0.005794688127934933,0.2808888256549835,-0.04037494584918022,0.02183145098388195,0.003931476268917322,0.0,0.23802397913061854,changed,1
8,-61.4043412459899,-13.353456698436688,2016-04-24,0.0,-0.01638225093483925,-0.0015196017920970917,0.005794688127934933,0.2808888256549835,-0.04037494584918022,0.02183145098388195,0.003931476268917322,0.0,0.2392467251421349,changed,1
8,-61.4043412459899,-13.353456698436688,2016-04-30,0.0,-0.01638225093483925,-0.0015196017920970917,0.005794688127934933,0.2808888256549835,-0.04037494584918022,0.02183145098388195,0.003931476268917322,0.0,0.24104498684216735,changed,1
8,-61.4043412459899,-13.353456698436688,2016-05-06,0.36944249272346497,-0.01638225093483925,-0.0015196017920970917,0.005794688127934933,0.2808888256549835,-0.04037494584918022,0.02183145098388195,0.003931476268917322,0.0,0.24336178688110308,changed,1
8,-61.4043412459899,-13.353456698436688,2016-05-12,0.4133875072002411,-0.01638225093483925,-0.0015196017920970917,0.005794688127934933,0.2808888256549835,-0.04037494584918022,0.02183145098388195,0.003931476268917322,0.0,0.24615422328723074,changed,1
8,-61.4043412459899,-13.353456698436688,2016-05-18,0.0,-0.01638225093483925,-0.0015196017920970917,0.005794688127934933,0.2808888256549835,-0.04037494584918022,0.02183145098388195,0.003931476268917322,0.0,0.24939964288912034,changed,1
8,-61.4043412459899,-13.353456698436688,2016-05-24,0.0,-0.01638225093483925,-0.0015196017920970917,0.005794688127934933,0.2808888256549835,-0.04037494584918022,0.02183145098388195,0.003931476268917322,0.0,0.2530977900403032,changed,1
8,-61.4043412459899,-13.353456698436688,2016-05-30,0.0,-0.01638225093483925,-0.0015196017920970917,0.005794688127934933,0.2808888256549835,-0.04037494584918022,0.02183145098388195,0.003931476268917322,0.0,0.2572686766658854,changed,1
8,-61.4043412459899,-13.353456698436688,2016-06-05,0.32929250597953796,-0.01638225093483925,-0.0015196017920970917,0.005794688127934933,0.2808888256549835,-0.04037494584918022,0.02183145098388195,0.003931476268917322,0.0,0.2619463141477584,changed,1
8,-61.4043412459899,-13.353456698436688,2016-06-11,0.0,-0.01638225093483925,-0.0015196017920970917,0.005794688127934933,0.2808888256549835,-0.04037494584918022,0.02183145098388195,0.003931476268917322,0.0,0.26716898827718927,changed,1
8,-61.4043412459899,-13.353456698436688,2016-06-17,0.0,-0.01638225093483925,-0.0015196017920970917,0.005794688127934933,0.2808888256549835,-0.04037494584918022,0.02183145098388195,0.003931476268917322,0.0,0.2729671296621335,changed,1
8,-61.4043412459899,-13.353456698436688,2016-06-23,0.0,-0.01638225093483925,-0.0015196017920970917,0.005794688127934933,0.2808888256549835,-0.04037494584918022,0.02183145098388195,0.003931476268917322,0.0,0.2793501763216203,changed,1
8,-61.4043412459899,-13.353456698436688,2016-06-29,0.29997751116752625,-0.01638225093483925,-0.0015196017920970917,0.005794688127934933,0.2808888256549835,-0.04037494584918022,0.02183145098388195,0.003931476268917322,0.0,0.286293979960867,changed,1
8,-61.4043412459899,-13.353456698436688,2016-07-05,0.30897000432014465,-0.01638225093483925,-0.0015196017920970917,0.005794688127934933,0.2808888256549835,-0.04037494584918022,0.02183145098388195,0.003931476268917322,0.0,0.29373031274367395,changed,1
8,-61.4043412459899,-13.353456698436688,2016-07-11,0.0,-0.01638225093483925,-0.0015196017920970917,0.005794688127934933,0.2808888256549835,-0.04037494584918022,0.02183145098388195,0.003931476268917322,0.0,0.3015398822854656,changed,1
8,-61.4043412459899,-13.353456698436688,2016-07-17,0.3089424967765808,-0.01638225093483925,-0.0015196017920970917,0.005794688127934933,0.2808888256549835,-0.04037494584918022,0.02183145098388195,0.003931476268917322,0.0,0.3095499721735115,changed,1
8,-61.4043412459899,-13.353456698436688,2016-07-23,0.32269251346588135,-0.01638225093483925,-0.0015196017920970917,0.005794688127934933,0.2808888256549835,-0.04037494584918022,0.02183145098388195,0.003931476268917322,0.0,0.3175373777906867,changed,1
8,-61.4043412459899,-13.353456698436688,2016-07-29,0.3453800082206726,-0.01638225093483925,-0.0015196017920970917,0.005794688127934933,0.2808888256549835,-0.04037494584918022,0.02183145098388195,0.003931476268917322,0.0,0.32523683524584535,changed,1
8,-61.4043412459899,-13.353456698436688,2016-08-04,0.0,-0.01638225093483925,-0.0015196017920970917,0.005794688127934933,0.2808888256549835,-0.04037494584918022,0.02183145098388195,0.003931476268917322,0.0,0.33235455561667393,changed,1
8,-61.4043412459899,-13.353456698436688,2016-08-10,0.34703001379966736,-0.01638225093483925,-0.0015196017920970917,0.005794688127934933,0.2808888256549835,-0.04037494584918022,0.02183145098388195,0.003931476268917322,0.0,0.338585991150497,changed,1
8,-61.4043412459899,-13.353456698436688,2016-08-16,0.365262508392334,-0.01638225093483925,-0.0015196017920970917,0.005794688127934933,0.2808888256549835,-0.04037494584918022,0.02183145098388195,0.003931476268917322,0.0,0.34363647970496247,changed,1
8,-61.4043412459899,-13.353456698436688,2016-08-22,0.0,-0.01638225093483925,-0.0015196017920970917,0.005794688127934933,0.2808888256549835,-0.04037494584918022,0.02183145098388195,0.003931476268917322,0.0,0.34724307768089263,changed,1
8,-61.4043412459899,-13.353456698436688,2016-08-28,0.0,-0.01638225093483925,-0.0015196017920970917,0.005794688127934933,0.2808888256549835,-0.04037494584918022,0.02183145098388195,0.003931476268917322,0.0,0.3491957222437455,changed,1
8,-61.4043412459899,-13.353456698436688,2016-09-03,0.0,-0.01638225093483925,-0.0015196017920970917,0.005794688127934933,0.2808888256549835,-0.04037494584918022,0.02183145098388195,0.003931476268917322,0.0,0.34935578642980414,changed,1
8,-61.4043412459899,-13.353456698436688,2016-09-09,0.0,-0.01638225093483925,-0.0015196017920970917,0.005794688127934933,0.2808888256549835,-0.04037494584918022,0.02183145098388195,0.003931476268917322,0.0,0.3476703014020402,changed,1
8,-61.4043412459899,-13.353456698436688,2016-09-15,0.4133324921131134,-0.01638225093483925,-0.0015196017920970917,0.005794688127934933,0.2808888256549835,-0.04037494584918022,0.02183145098388195,0.003931476268917322,0.0,0.3441804365941339,changed,1
8,-61.4043412459899,-13.353456698436688,2016-09-21,0.0,-0.01638225093483925,-0.0015196017920970917,0.005794688127934933,0.2808888256549835,-0.04037494584918022,0.02183145098388195,0.003931476268917322,0.0,0.3390232204828356,changed,1
8,-61.4043412459899,-13.353456698436688,2016-09-27,0.0,-0.01638225093483925,-0.0015196017920970917,0.005794688127934933,0.2808888256549835,-0.04037494584918022,0.02183145098388195,0.003931476268917322,0.0,0.33242615056045677,changed,1
8,-61.4043412459899,-13.353456698436688,2016-10-03,0.0,-0.01638225093483925,-0.0015196017920970917,0.005794688127934933,0.2808888256549835,-0.04037494584918022,0.02183145098388195,0.003931476268917322,0.0,0.3246948515334343,changed,1
8,-61.4043412459899,-13.353456698436688,2016-10-09,0.0,-0.01638225093483925,-0.0015196017920970917,0.005794688127934933,0.2808888256549835,-0.04037494584918022,0.02183145098388195,0.003931476268917322,0.0,0.31619457885569413,changed,1
8,-61.4043412459899,-13.353456698436688,2016-10-15,0.0,-0.01638225093483925,-0.0015196017920970917,0.005794688127934933,0.2808888256549835,-0.04037494584918022,0.02183145098388195,0.003931476268917322,0.0,0.30732694503827457,changed,1
8,-61.4043412459899,-13.353456698436688,2016-10-21,0.40508249402046204,-0.01638225093483925,-0.0015196017920970917,0.005794688127934933,0.2808888256549835,-0.04037494584918022,0.02183145098388195,0.003931476268917322,0.0,0.29850360071533516,changed,1
8,-61.4043412459899,-13.353456698436688,2016-10-27,0.0,-0.01638225093483925,-0.0015196017920970917,0.005794688127934933,0.2808888256549835,-0.04037494584918022,0.02183145098388195,0.003931476268917322,0.0,0.29011894392920345,changed,1
8,-61.4043412459899,-13.353456698436688,2016-11-02,0.2580674886703491,-0.01638225093483925,-0.0015196017920970917,0.005794688127934933,0.2808888256549835,-0.04037494584918022,0.02183145098388195,0.003931476268917322,0.0,0.28252401923323084,changed,1
8,-61.4043412459899,-13.353456698436688,2016-11-08,0.0,-0.01638225093483925,-0.0015196017920970917,0.005794688127934933,0.2808888256549835,-0.04037494584918022,0.02183145098388195,0.003931476268917322,0.0,0.2760036492767486,changed,1
8,-61.4043412459899,-13.353456698436688,2016-11-14,0.0,-0.01638225093483925,-0.0015196017920970917,0.005794688127934933,0.2808888256549835,-0.04037494584918022,0.02183145098388195,0.003931476268917322,0.0,0.27075867632845196,changed,1
8,-61.4043412459899,-13.353456698436688,2016-11-20,0.0,-0.01638225093483925,-0.0015196017920970917,0.005794688127934933,0.2808888256549835,-0.04037494584918022,0.02183145098388195,0.003931476268917322,0.0,0.266894636554508,changed,1
8,-61.4043412459899,-13.353456698436688,2016-11-26,0.0,-0.01638225093483925,-0.0015196017920970917,0.005794688127934933,0.2808888256549835,-0.04037494584918022,0.02183145098388195,0.003931476268917322,0.0,0.2644177602469542,changed,1
8,-61.4043412459899,-13.353456698436688,2016-12-02,0.0,-0.01638225093483925,-0.0015196017920970917,0.005794688127934933,0.2808888256549835,-0.04037494584918022,0.02183145098388195,0.003931476268917322,0.0,0.2632385223906283,changed,1
8,-61.4043412459899,-13.353456698436688,2016-12-08,0.0,-0.01638225093483925,-0.0015196017920970917,0.005794688127934933,0.2808888256549835,-0.04037494584918022,0.02183145098388195,0.003931476268917322,0.0,0.26318235274558033,changed,1
8,-61.4043412459899,-13.353456698436688,2016-12-14,0.0,-0.01638225093483925,-0.0015196017920970917,0.005794688127934933,0.2808888256549835,-0.04037494584918022,0.02183145098388195,0.003931476268917322,0.0,0.2640065164337841,changed,1
8,-61.4043412459899,-13.353456698436688,2016-12-20,0.0,-0.01638225093483925,-0.0015196017920970917,0.005794688127934933,0.2808888256549835,-0.04037494584918022,0.02183145098388195,0.003931476268917322,0.0,0.2654216732937348,changed,1
8,-61.4043412459899,-13.353456698436688,2016-12-26,0.0,-0.01638225093483925,-0.0015196017920970917,0.005794688127934933,0.2808888256549835,-0.04037494584918022,0.02183145098388195,0.003931476268917322,0.0,0.2671162602571764,changed,1
8,-61.4043412459899,-13.353456698436688,2017-01-01,0.3193100094795227,-0.01638225093483925,-0.0015196017920970917,0.005794688127934933,0.2808888256549835,-0.04037494584918022,0.02183145098388195,0.003931476268917322,0.0,0.2687816610559747,changed,1
8,-61.4043412459899,-13.353456698436688,2017-01-07,0.0,-0.01638225093483925,-0.0015196017920970917,0.005794688127934933,0.2808888256549835,-0.04037494584918022,0.02183145098388195,0.003931476268917322,0.0,0.27013910836217647,changed,1
8,-61.4043412459899,-13.353456698436688,2017-01-13,0.0,-0.01638225093483925,-0.0015196017920970917,0.005794688127934933,0.2808888256549835,-0.04037494584918022,0.02183145098388195,0.003931476268917322,0.0,0.2709476385384906,changed,1
8,-61.4043412459899,-13.353456698436688,2017-01-19,0.0,-0.01638225093483925,-0.0015196017920970917,0.005794688127934933,0.2808888256549835,-0.04037494584918022,0.02183145098388195,0.003931476268917322,0.0,0.271035051250926,changed,1
8,-61.4043412459899,-13.353456698436688,2017-01-25,0.0,-0.01638225093483925,-0.0015196017920970917,0.005794688127934933,0.2808888256549835,-0.04037494584918022,0.02183145098388195,0.003931476268917322,0.0,0.27030321318041595,changed,1
8,-61.4043412459899,-13.353456698436688,2017-01-31,0.0,-0.01638225093483925,-0.0015196017920970917,0.005794688127934933,0.2808888256549835,-0.04037494584918022,0.02183145098388195,0.003931476268917322,0.0,0.2687315405060742,changed,1
8,-61.4043412459899,-13.353456698436688,2017-02-06,0.0,-0.01638225093483925,-0.0015196017920970917,0.005794688127934933,0.2808888256549835,-0.04037494584918022,0.02183145098388195,0.003931476268917322,0.0,0.2663738924991961,changed,1
8,-61.4043412459899,-13.353456698436688,2017-02-12,0.0,-0.01638225093483925,-0.0015196017920970917,0.005794688127934933,0.2808888256549835,-0.04037494584918022,0.02183145098388195,0.003931476268917322,0.0,0.26334952020281943,changed,1
8,-61.4043412459899,-13.353456698436688,2017-02-18,0.0,-0.01638225093483925,-0.0015196017920970917,0.005794688127934933,0.2808888256549835,-0.04037494584918022,0.02183145098388195,0.003931476268917322,0.0,0.25982916893038277,changed,1
8,-61.4043412459899,-13.353456698436688,2017-02-24,0.0,-0.01638225093483925,-0.0015196017920970917,0.005794688127934933,0.2808888256549835,-0.04037494584918022,0.02183145098388195,0.003931476268917322,0.0,0.2560178420867642,changed,1
8,-61.4043412459899,-13.353456698436688,2017-03-02,0.0,-0.01638225093483925,-0.0015196017920970917,0.005794688127934933,0.2808888256549835,-0.04037494584918022,0.02183145098388195,0.003931476268917322,0.0,0.2521359792235756,changed,1
8,-61.4043412459899,-13.353456698436688,2017-03-08,0.0,-0.01638225093483925,-0.0015196017920970917,0.005794688127934933,0.2808888256549835,-0.04037494584918022,0.02183145098388195,0.003931476268917322,0.0,0.24840084670552995,changed,1
8,-61.4043412459899,-13.353456698436688,2017-03-14,0.22867000102996826,-0.01638225093483925,-0.0015196017920970917,0.005794688127934933,0.2808888256549835,-0.04037494584918022,0.02183145098388195,0.003931476268917322,0.0,0.24500988290958045,changed,1
8,-61.4043412459899,-13.353456698436688,2017-03-20,0.0,-0.01638225093483925,-0.0015196017920970917,0.005794688127934933,0.2808888256549835,-0.04037494584918022,0.02183145098388195,0.003931476268917322,0.0,0.24212738474353754,changed,1
8,-61.4043412459899,-13.353456698436688,2017-03-26,0.0,-0.01638225093483925,-0.0015196017920970917,0.005794688127934933,0.2808888256549835,-0.04037494584918022,0.02183145098388195,0.003931476268917322,0.0,0.23987565264349336,changed,1
8,-61.4043412459899,-13.353456698436688,2017-04-01,0.0,-0.01638225093483925,-0.0015196017920970917,0.005794688127934933,0.2808888256549835,-0.04037494584918022,0.02183145098388195,0.003931476268917322,0.0,0.23833108320103136,changed,1
8,-61.4043412459899,-13.353456698436688,2017-04-07,0.0,-0.01638225093483925,-0.0015196017920970917,0.005794688127934933,0.2808888256549835,-0.04037494584918022,0.02183145098388195,0.003931476268917322,0.0,0.23752528767761566,changed,1
8,-61.4043412459899,-13.353456698436688,2017-04-13,0.0,-0.01638225093483925,-0.0015196017920970917,0.005794688127934933,0.2808888256549835,-0.04037494584918022,0.02183145098388195,0.003931476268917322,0.0,0.23745071462499343,changed,1
8,-61.4043412459899,-13.353456698436688,2017-04-19,0.0,-0.01638225093483925,-0.0015196017920970917,0.005794688127934933,0.2808888256549835,-0.04037494584918022,0.02183145098388195,0.003931476268917322,0.0,0.23806984027554223,changed,1
8,-61.4043412459899,-13.353456698436688,2017-04-25,0.0,-0.01638225093483925,-0.0015196017920970917,0.005794688127934933,0.2808888256549835,-0.04037494584918022,0.02183145098388195,0.003931476268917322,0.0,0.23932666437722822,changed,1
8,-61.4043412459899,-13.353456698436688,2017-05-01,0.0,-0.01638225093483925,-0.0015196017920970917,0.005794688127934933,0.2808888256549835,-0.04037494584918022,0.02183145098388195,0.003931476268917322,0.0,0.24115897338659836,changed,1
8,-61.4043412459899,-13.353456698436688,2017-05-07,0.0,-0.01638225093483925,-0.0015196017920970917,0.005794688127934933,0.2808888256549835,-0.04037494584918022,0.02183145098388195,0.003931476268917322,0.0,0.24350986875425884,changed,1
8,-61.4043412459899,-13.353456698436688,2017-05-13,0.2318049967288971,0.1303986757993698,0.0,0.0,0.3285306692123413,0.010813642293214798,0.02791627310216427,0.0,0.02587711438536644,0.21124729256149488,changed,1
8,-61.4043412459899,-13.353456698436688,2017-05-19,0.0,0.1303986757993698,0.0,0.0,0.3285306692123413,0.010813642293214798,0.02791627310216427,0.0,0.02587711438536644,0.2007142177619493,changed,1
8,-61.4043412459899,-13.353456698436688,2017-05-25,0.0,0.1303986757993698,0.0,0.0,0.3285306692123413,0.010813642293214798,0.02791627310216427,0.0,0.02587711438536644,0.19229210305702904,changed,1
8,-61.4043412459899,-13.353456698436688,2017-05-31,0.0,0.1303986757993698,0.0,0.0,0.3285306692123413,0.010813642293214798,0.02791627310216427,0.0,0.02587711438536644,0.1860461520556974,changed,1
8,-61.4043412459899,-13.353456698436688,2017-06-06,0.16082750260829926,0.1303986757993698,0.0,0.0,0.3285306692123413,0.010813642293214798,0.02791627310216427,0.0,0.02587711438536644,0.18198167002773147,changed,1
8,-61.4043412459899,-13.353456698436688,2017-06-12,0.0,0.1303986757993698,0.0,0.0,0.3285306692123413,0.010813642293214798,0.02791627310216427,0.0,0.02587711438536644,0.18005614549045246,changed,1
8,-61.4043412459899,-13.353456698436688,2017-06-18,0.16220250725746155,0.1303986757993698,0.0,0.0,0.3285306692123413,0.010813642293214798,0.02791627310216427,0.0,0.02587711438536644,0.18016489460730223,changed,1
8,-61.4043412459899,-13.353456698436688,2017-06-24,0.15937000513076782,0.1303986757993698,0.0,0.0,0.3285306692123413,0.010813642293214798,0.02791627310216427,0.0,0.02587711438536644,0.18215703407150408,changed,1
8,-61.4043412459899,-13.353456698436688,2017-06-30,0.1742749959230423,0.1303986757993698,0.0,0.0,0.3285306692123413,0.010813642293214798,0.02791627310216427,0.0,0.02587711438536644,0.1858529415485055,changed,1
8,-61.4043412459899,-13.353456698436688,2017-07-06,0.0,0.1303986757993698,0.0,0.0,0.3285306692123413,0.010813642293214798,0.02791627310216427,0.0,0.02587711438536644,0.1910344792695119,changed,1
8,-61.4043412459899,-13.353456698436688,2017-07-12,0.0,0.1303986757993698,0.0,0.0,0.3285306692123413,0.010813642293214798,0.02791627310216427,0.0,0.02587711438536644,0.19746442458050223,changed,1
8,-61.4043412459899,-13.353456698436688,2017-07-18,0.21602000296115875,0.1303986757993698,0.0,0.0,0.3285306692123413,0.010813642293214798,0.02791627310216427,0.0,0.02587711438536644,0.2049062413658569,changed,1
8,-61.4043412459899,-13.353456698436688,2017-07-24,0.23892749845981598,0.1303986757993698,0.0,0.0,0.3285306692123413,0.010813642293214798,0.02791627310216427,0.0,0.02587711438536644,0.21311530526580424,changed,1
8,-61.4043412459899,-13.353456698436688,2017-07-30,0.0,0.1303986757993698,0.0,0.0,0.3285306692123413,0.010813642293214798,0.02791627310216427,0.0,0.02587711438536644,0.2218580778292205,changed,1
8,-61.4043412459899,-13.353456698436688,2017-08-05,0.0,0.1303986757993698,0.0,0.0,0.3285306692123413,0.010813642293214798,0.02791627310216427,0.0,0.02587711438536644,0.23093024948813923,changed,1
8,-61.4043412459899,-13.353456698436688,2017-08-11,0.2699199914932251,0.1303986757993698,0.0,0.0,0.3285306692123413,0.010813642293214798,0.02791627310216427,0.0,0.02587711438536644,0.2401452746281384,changed,1
8,-61.4043412459899,-13.353456698436688,2017-08-17,0.0,0.1303986757993698,0.0,0.0,0.3285306692123413,0.010813642293214798,0.02791627310216427,0.0,0.02587711438536644,0.24934963280786937,changed,1
8,-61.4043412459899,-13.353456698436688,2017-08-23,0.0,0.1303986757993698,0.0,0.0,0.3285306692123413,0.010813642293214798,0.02791627310216427,0.0,0.02587711438536644,0.25843637113023055,changed,1
8,-61.4043412459899,-13.353456698436688,2017-08-29,0.0,0.1303986757993698,0.0,0.0,0.3285306692123413,0.010813642293214798,0.02791627310216427,0.0,0.02587711438536644,0.26732813236228525,changed,1
8,-61.4043412459899,-13.353456698436688,2017-09-04,0.25672000646591187,0.1303986757993698,0.0,0.0,0.3285306692123413,0.010813642293214798,0.02791627310216427,0.0,0.02587711438536644,0.27598671820934684,changed,1
8,-61.4043412459899,-13.353456698436688,2017-09-10,0.26161500811576843,0.1303986757993698,0.0,0.0,0.3285306692123413,0.010813642293214798,0.02791627310216427,0.0,0.02587711438536644,0.2844205435602146,changed,1
8,-61.4043412459899,-13.353456698436688,2017-09-16,0.0,0.1303986757993698,0.0,0.0,0.3285306692123413,0.010813642293214798,0.02791627310216427,0.0,0.02587711438536644,0.2926618589424377,changed,1
8,-61.4043412459899,-13.353456698436688,2017-09-22,0.25358501076698303,0.1303986757993698,0.0,0.0,0.3285306692123413,0.010813642293214798,0.02791627310216427,0.0,0.02587711438536644,0.3007707167597214,changed,1
8,-61.4043412459899,-13.353456698436688,2017-09-28,0.0,0.1303986757993698,0.0,0.0,0.3285306692123413,0.010813642293214798,0.02791627310216427,0.0,0.02587711438536644,0.3088375356752546,changed,1
8,-61.4043412459899,-13.353456698436688,2017-10-04,0.0,0.1303986757993698,0.0,0.0,0.3285306692123413,0.010813642293214798,0.02791627310216427,0.0,0.02587711438536644,0.3169530455464861,changed,1
8,-61.4043412459899,-13.353456698436688,2017-10-10,0.0,0.1303986757993698,0.0,0.0,0.3285306692123413,0.010813642293214798,0.02791627310216427,0.0,0.02587711438536644,0.325224921761391,changed,1
8,-61.4043412459899,-13.353456698436688,2017-10-16,0.0,0.1303986757993698,0.0,0.0,0.3285306692123413,0.010813642293214798,0.02791627310216427,0.0,0.02587711438536644,0.33374680904739884,changed,1
8,-61.4043412459899,-13.353456698436688,2017-10-22,0.34917500615119934,0.1303986757993698,0.0,0.0,0.3285306692123413,0.010813642293214798,0.02791627310216427,0.0,0.02587711438536644,0.34259908463578215,changed,1
8,-61.4043412459899,-13.353456698436688,2017-10-28,0.3417224884033203,0.1303986757993698,0.0,0.0,0.3285306692123413,0.010813642293214798,0.02791627310216427,0.0,0.02587711438536644,0.35185023407676164,changed,1
8,-61.4043412459899,-13.353456698436688,2017-11-03,0.0,0.1303986757993698,0.0,0.0,0.3285306692123413,0.010813642293214798,0.02791627310216427,0.0,0.02587711438536644,0.3615307618449627,changed,1
8,-61.4043412459899,-13.353456698436688,2017-11-09,0.0,0.1303986757993698,0.0,0.0,0.3285306692123413,0.010813642293214798,0.02791627310216427,0.0,0.02587711438536644,0.3716368736129626,changed,1
8,-61.4043412459899,-13.353456698436688,2017-11-15,0.0,0.1303986757993698,0.0,0.0,0.3285306692123413,0.010813642293214798,0.02791627310216427,0.0,0.02587711438536644,0.3821358286251738,changed,1
8,-61.4043412459899,-13.353456698436688,2017-11-21,0.0,0.1303986757993698,0.0,0.0,0.3285306692123413,0.010813642293214798,0.02791627310216427,0.0,0.02587711438536644,0.39294462764239035,changed,1
8,-61.4043412459899,-13.353456698436688,2017-11-27,0.0,0.1303986757993698,0.0,0.0,0.3285306692123413,0.010813642293214798,0.02791627310216427,0.0,0.02587711438536644,0.40393918589434785,changed,1
8,-61.4043412459899,-13.353456698436688,2017-12-03,0.0,0.1303986757993698,0.0,0.0,0.3285306692123413,0.010813642293214798,0.02791627310216427,0.0,0.02587711438536644,0.41496556844197563,changed,1
8,-61.4043412459899,-13.353456698436688,2017-12-09,0.0,0.1303986757993698,0.0,0.0,0.3285306692123413,0.010813642293214798,0.02791627310216427,0.0,0.02587711438536644,0.4258247160208719,changed,1
8,-61.4043412459899,-13.353456698436688,2017-12-15,0.0,0.1303986757993698,0.0,0.0,0.3285306692123413,0.010813642293214798,0.02791627310216427,0.0,0.02587711438536644,0.43628757108821803,changed,1
8,-61.4043412459899,-13.353456698436688,2017-12-21,0.0,0.1303986757993698,0.0,0.0,0.3285306692123413,0.010813642293214798,0.02791627310216427,0.0,0.02587711438536644,0.4461118198032423,changed,1
8,-61.4043412459899,-13.353456698436688,2017-12-27,0.0,0.1303986757993698,0.0,0.0,0.3285306692123413,0.010813642293214798,0.02791627310216427,0.0,0.02587711438536644,0.4550316405567616,changed,1
8,-61.4043412459899,-13.353456698436688,2018-01-02,0.0,0.1303986757993698,0.0,0.0,0.3285306692123413,0.010813642293214798,0.02791627310216427,0.0,0.02587711438536644,0.4627768327675066,changed,1
8,-61.4043412459899,-13.353456698436688,2018-01-07,0.0,0.1303986757993698,0.0,0.0,0.3285306692123413,0.010813642293214798,0.02791627310216427,0.0,0.02587711438536644,0.4681517787995391,changed,1
8,-61.4043412459899,-13.353456698436688,2018-01-13,0.0,0.1303986757993698,0.0,0.0,0.3285306692123413,0.010813642293214798,0.02791627310216427,0.0,0.02587711438536644,0.4730830344407911,changed,1
8,-61.4043412459899,-13.353456698436688,2018-01-19,0.0,0.1303986757993698,0.0,0.0,0.3285306692123413,0.010813642293214798,0.02791627310216427,0.0,0.02587711438536644,0.4761569499049887,changed,1
8,-61.4043412459899,-13.353456698436688,2018-01-25,0.0,0.1303986757993698,0.0,0.0,0.3285306692123413,0.010813642293214798,0.02791627310216427,0.0,0.02587711438536644,0.47718267056070374,changed,1
8,-61.4043412459899,-13.353456698436688,2018-01-31,0.0,0.1303986757993698,0.0,0.0,0.3285306692123413,0.010813642293214798,0.02791627310216427,0.0,0.02587711438536644,0.4760131189091441,changed,1
8,-61.4043412459899,-13.353456698436688,2018-02-06,0.0,0.1303986757993698,0.0,0.0,0.3285306692123413,0.010813642293214798,0.02791627310216427,0.0,0.02587711438536644,0.4725618806598987,changed,1
8,-61.4043412459899,-13.353456698436688,2018-02-12,0.0,0.1303986757993698,0.0,0.0,0.3285306692123413,0.010813642293214798,0.02791627310216427,0.0,0.02587711438536644,0.46678988869195503,changed,1
8,-61.4043412459899,-13.353456698436688,2018-02-18,0.0,0.1303986757993698,0.0,0.0,0.3285306692123413,0.010813642293214798,0.02791627310216427,0.0,0.02587711438536644,0.4587185926158137,changed,1
8,-61.4043412459899,-13.353456698436688,2018-02-24,0.0,0.1303986757993698,0.0,0.0,0.3285306692123413,0.010813642293214798,0.02791627310216427,0.0,0.02587711438536644,0.4484408781847131,changed,1
8,-61.4043412459899,-13.353456698436688,2018-03-02,0.0,0.1303986757993698,0.0,0.0,0.3285306692123413,0.010813642293214798,0.02791627310216427,0.0,0.02587711438536644,0.43610144533798245,changed,1
8,-61.4043412459899,-13.353456698436688,2018-03-08,0.32670751214027405,0.1303986757993698,0.0,0.0,0.3285306692123413,0.010813642293214798,0.02791627310216427,0.0,0.02587711438536644,0.4219031897226502,changed,1
8,-61.4043412459899,-13.353456698436688,2018-03-14,0.0,0.1303986757993698,0.0,0.0,0.3285306692123413,0.010813642293214798,0.02791627310216427,0.0,0.02587711438536644,0.4061115601342159,changed,1
8,-61.4043412459899,-13.353456698436688,2018-03-20,0.0,0.1303986757993698,0.0,0.0,0.3285306692123413,0.010813642293214798,0.02791627310216427,0.0,0.02587711438536644,0.3890284329896406,changed,1
8,-61.4043412459899,-13.353456698436688,2018-03-26,0.0,0.1303986757993698,0.0,0.0,0.3285306692123413,0.010813642293214798,0.02791627310216427,0.0,0.02587711438536644,0.37099271812855655,changed,1
8,-61.4043412459899,-13.353456698436688,2018-04-01,0.0,0.1303986757993698,0.0,0.0,0.3285306692123413,0.010813642293214798,0.02791627310216427,0.0,0.02587711438536644,0.352379584085396,changed,1
8,-61.4043412459899,-13.353456698436688,2018-04-07,0.0,0.1303986757993698,0.0,0.0,0.3285306692123413,0.010813642293214798,0.02791627310216427,0.0,0.02587711438536644,0.33357025012807756,changed,1
8,-61.4043412459899,-13.353456698436688,2018-04-13,0.0,0.1303986757993698,0.0,0.0,0.3285306692123413,0.010813642293214798,0.02791627310216427,0.0,0.02587711438536644,0.3149496545974097,changed,1
8,-61.4043412459899,-13.353456698436688,2018-04-19,0.0,0.1303986757993698,0.0,0.0,0.3285306692123413,0.010813642293214798,0.02791627310216427,0.0,0.02587711438536644,0.2969040089388121,changed,1
8,-61.4043412459899,-13.353456698436688,2018-04-25,0.0,0.1303986757993698,0.0,0.0,0.3285306692123413,0.010813642293214798,0.02791627310216427,0.0,0.02587711438536644,0.27979027698084236,changed,1
8,-61.4043412459899,-13.353456698436688,2018-05-01,0.0,0.1303986757993698,0.0,0.0,0.3285306692123413,0.010813642293214798,0.02791627310216427,0.0,0.02587711438536644,0.2639348697348787,changed,1
8,-61.4043412459899,-13.353456698436688,2018-05-07,0.0,0.1303986757993698,0.0,0.0,0.3285306692123413,0.010813642293214798,0.02791627310216427,0.0,0.02587711438536644,0.24963353667786436,changed,1
8,-61.4043412459899,-13.353456698436688,2018-05-13,0.20163750648498535,0.1303986757993698,0.0,0.0,0.3285306692123413,0.010813642293214798,0.02791627310216427,0.0,0.02587711438536644,0.23712440694686132,changed,1
8,-61.4043412459899,-13.353456698436688,2018-05-19,0.0,0.1303986757993698,0.0,0.0,0.3285306692123413,0.010813642293214798,0.02791627310216427,0.0,0.02587711438536644,0.22659133214731575,changed,1
8,-61.4043412459899,-13.353456698436688,2018-05-25,0.20254500210285187,0.1303986757993698,0.0,0.0,0.3285306692123413,0.010813642293214798,0.02791627310216427,0.0,0.02587711438536644,0.21816921744239548,changed,1
8,-61.4043412459899,-13.353456698436688,2018-05-31,0.0,0.1303986757993698,0.0,0.0,0.3285306692123413,0.010813642293214798,0.02791627310216427,0.0,0.02587711438536644,0.21192326644106385,changed,1
8,-61.4043412459899,-13.353456698436688,2018-06-06,0.21698249876499176,0.1303986757993698,0.0,0.0,0.3285306692123413,0.010813642293214798,0.02791627310216427,0.0,0.02587711438536644,0.2078587844130979,changed,1
8,-61.4043412459899,-13.353456698436688,2018-06-12,0.21464499831199646,0.1303986757993698,0.0,0.0,0.3285306692123413,0.010813642293214798,0.02791627310216427,0.0,0.02587711438536644,0.2059332598758189,changed,1
8,-61.4043412459899,-13.353456698436688,2018-06-18,0.237745001912117,0.1303986757993698,0.0,0.0,0.3285306692123413,0.010813642293214798,0.02791627310216427,0.0,0.02587711438536644,0.20604200899266867,changed,1
8,-61.4043412459899,-13.353456698436688,2018-06-24,0.0,0.1303986757993698,0.0,0.0,0.3285306692123413,0.010813642293214798,0.02791627310216427,0.0,0.02587711438536644,0.20803414845687052,changed,1
8,-61.4043412459899,-13.353456698436688,2018-06-30,0.28075501322746277,-0.01324569620192051,0.0,0.0,0.27775776386260986,-0.09280403703451157,0.0,0.0,-0.007615069393068552,0.29197038777011564,changed,1
8,-61.4043412459899,-13.353456698436688,2018-07-06,0.3111425042152405,-0.01324569620192051,0.0,0.0,0.27775776386260986,-0.09280403703451157,0.0,0.0,-0.007615069393068552,0.30141379772187205,changed,1
8,-61.4043412459899,-13.353456698436688,2018-07-12,0.0,-0.01324569620192051,0.0,0.0,0.27775776386260986,-0.09280403703451157,0.0,0.0,-0.007615069393068552,0.31065765687464253,changed,1
8,-61.4043412459899,-13.353456698436688,2018-07-18,0.0,-0.01324569620192051,0.0,0.0,0.27775776386260986,-0.09280403703451157,0.0,0.0,-0.007615069393068552,0.319600253478022,changed,1
8,-61.4043412459899,-13.353456698436688,2018-07-24,0.32778000831604004,-0.01324569620192051,0.0,0.0,0.27775776386260986,-0.09280403703451157,0.0,0.0,-0.007615069393068552,0.3281458675528177,changed,1
8,-61.4043412459899,-13.353456698436688,2018-07-30,0.3232424855232239,-0.01324569620192051,0.0,0.0,0.27775776386260986,-0.09280403703451157,0.0,0.0,-0.007615069393068552,0.3362030057376427,changed,1
8,-61.4043412459899,-13.353456698436688,2018-08-05,0.0,-0.01324569620192051,0.0,0.0,0.27775776386260986,-0.09280403703451157,0.0,0.0,-0.007615069393068552,0.3436826115942657,changed,1
8,-61.4043412459899,-13.353456698436688,2018-08-11,0.0,-0.01324569620192051,0.0,0.0,0.27775776386260986,-0.09280403703451157,0.0,0.0,-0.007615069393068552,0.3505045498934408,changed,1
8,-61.4043412459899,-13.353456698436688,2018-08-17,0.3936150074005127,-0.01324569620192051,0.0,0.0,0.27775776386260986,-0.09280403703451157,0.0,0.0,-0.007615069393068552,0.3565957049829577,changed,1
8,-61.4043412459899,-13.353456698436688,2018-08-23,0.0,-0.01324569620192051,0.0,0.0,0.27775776386260986,-0.09280403703451157,0.0,0.0,-0.007615069393068552,0.36188796617620944,changed,1
8,-61.4043412459899,-13.353456698436688,2018-08-29,0.38099250197410583,-0.01324569620192051,0.0,0.0,0.27775776386260986,-0.09280403703451157,0.0,0.0,-0.007615069393068552,0.36632452122457304,changed,1
8,-61.4043412459899,-13.353456698436688,2018-09-04,0.0,-0.01324569620192051,0.0,0.0,0.27775776386260986,-0.09280403703451157,0.0,0.0,-0.007615069393068552,0.3698576813135534,changed,1
8,-61.4043412459899,-13.353456698436688,2018-09-10,0.4094274938106537,-0.01324569620192051,0.0,0.0,0.27775776386260986,-0.09280403703451157,0.0,0.0,-0.007615069393068552,0.3724465867333062,changed,1
8,-61.4043412459899,-13.353456698436688,2018-09-16,0.4012874960899353,-0.01324569620192051,0.0,0.0,0.27775776386260986,-0.09280403703451157,0.0,0.0,-0.007615069393068552,0.3740632550240984,changed,1
8,-61.4043412459899,-13.353456698436688,2018-09-22,0.0,-0.01324569620192051,0.0,0.0,0.27775776386260986,-0.09280403703451157,0.0,0.0,-0.007615069393068552,0.37469002924986006,changed,1
8,-61.4043412459899,-13.353456698436688,2018-09-28,0.0,-0.01324569620192051,0.0,0.0,0.27775776386260986,-0.09280403703451157,0.0,0.0,-0.007615069393068552,0.3743170553211622,changed,1
8,-61.4043412459899,-13.353456698436688,2018-10-04,0.0,-0.01324569620192051,0.0,0.0,0.27775776386260986,-0.09280403703451157,0.0,0.0,-0.007615069393068552,0.3729488205115463,changed,1
8,-61.4043412459899,-13.353456698436688,2018-10-10,0.3292100131511688,-0.01324569620192051,0.0,0.0,0.27775776386260986,-0.09280403703451157,0.0,0.0,-0.007615069393068552,0.3705967287113596,changed,1
8,-61.4043412459899,-13.353456698436688,2018-10-16,0.2906549870967865,-0.01324569620192051,0.0,0.0,0.27775776386260986,-0.09280403703451157,0.0,0.0,-0.007615069393068552,0.3672854403560265,changed,1
8,-61.4043412459899,-13.353456698436688,2018-10-22,0.0,-0.01324569620192051,0.0,0.0,0.27775776386260986,-0.09280403703451157,0.0,0.0,-0.007615069393068552,0.3630498360105547,changed,1
8,-61.4043412459899,-13.353456698436688,2018-10-28,0.0,-0.01324569620192051,0.0,0.0,0.27775776386260986,-0.09280403703451157,0.0,0.0,-0.007615069393068552,0.3579318749039042,changed,1
8,-61.4043412459899,-13.353456698436688,2018-11-03,0.3004724979400635,-0.01324569620192051,0.0,0.0,0.27775776386260986,-0.09280403703451157,0.0,0.0,-0.007615069393068552,0.3519857035595474,changed,1
8,-61.4043412459899,-13.353456698436688,2018-11-09,0.0,-0.01324569620192051,0.0,0.0,0.27775776386260986,-0.09280403703451157,0.0,0.0,-0.007615069393068552,0.34527428303086016,changed,1
8,-61.4043412459899,-13.353456698436688,2018-11-15,0.0,-0.01324569620192051,0.0,0.0,0.27775776386260986,-0.09280403703451157,0.0,0.0,-0.007615069393068552,0.33786596161050175,changed,1
8,-61.4043412459899,-13.353456698436688,2018-11-21,0.0,-0.01324569620192051,0.0,0.0,0.27775776386260986,-0.09280403703451157,0.0,0.0,-0.007615069393068552,0.32983929416685165,changed,1
8,-61.4043412459899,-13.353456698436688,2018-11-27,0.0,-0.01324569620192051,0.0,0.0,0.27775776386260986,-0.09280403703451157,0.0,0.0,-0.007615069393068552,0.32127942537893284,changed,1
8,-61.4043412459899,-13.353456698436688,2018-12-03,0.0,-0.01324569620192051,0.0,0.0,0.27775776386260986,-0.09280403703451157,0.0,0.0,-0.007615069393068552,0.3122743947300737,changed,1
8,-61.4043412459899,-13.353456698436688,2018-12-09,0.0,-0.01324569620192051,0.0,0.0,0.27775776386260986,-0.09280403703451157,0.0,0.0,-0.007615069393068552,0.3029197811756158,changed,1
8,-61.4043412459899,-13.353456698436688,2018-12-15,0.0,-0.01324569620192051,0.0,0.0,0.27775776386260986,-0.09280403703451157,0.0,0.0,-0.007615069393068552,0.29331487496200914,changed,1
8,-61.4043412459899,-13.353456698436688,2018-12-21,0.0,-0.01324569620192051,0.0,0.0,0.27775776386260986,-0.09280403703451157,0.0,0.0,-0.007615069393068552,0.28355886859014956,changed,1
8,-61.4043412459899,-13.353456698436688,2018-12-27,0.0,-0.01324569620192051,0.0,0.0,0.27775776386260986,-0.09280403703451157,0.0,0.0,-0.007615069393068552,0.27375533135777386,changed,1
8,-61.4043412459899,-13.353456698436688,2019-01-02,0.0,-0.01324569620192051,0.0,0.0,0.27775776386260986,-0.09280403703451157,0.0,0.0,-0.007615069393068552,0.26400834887818436,changed,1
9,-60.38924497493483,-12.61683816545868,2016-01-07,0.0,0.0,0.0,0.004564613103866577,0.23542530834674835,-0.019266590476036072,0.0,0.0,-0.010330229997634888,0.2385732810776081,changed,1
9,-60.38924497493483,-12.61683816545868,2016-01-13,0.0,0.0,0.0,0.004564613103866577,0.23542530834674835,-0.019266590476036072,0.0,0.0,-0.010330229997634888,0.23581491011951017,changed,1
9,-60.38924497493483,-12.61683816545868,2016-01-19,0.0,0.0,0.0,0.004564613103866577,0.23542530834674835,-0.019266590476036072,0.0,0.0,-0.010330229997634888,0.23274715664005008,changed,1
9,-60.38924497493483,-12.61683816545868,2016-01-25,0.0,0.0,0.0,0.004564613103866577,0.23542530834674835,-0.019266590476036072,0.0,0.0,-0.010330229997634888,0.22948197796057146,changed,1
9,-60.38924497493483,-12.61683816545868,2016-01-31,0.0,0.0,0.0,0.004564613103866577,0.23542530834674835,-0.019266590476036072,0.0,0.0,-0.010330229997634888,0.22615652152711296,changed,1
9,-60.38924497493483,-12.61683816545868,2016-02-06,0.0,0.0,0.0,0.004564613103866577,0.23542530834674835,-0.019266590476036072,0.0,0.0,-0.010330229997634888,0.22291926449921728,changed,1
9,-60.38924497493483,-12.61683816545868,2016-02-12,0.0,0.0,0.0,0.004564613103866577,0.23542530834674835,-0.019266590476036072,0.0,0.0,-0.010330229997634888,0.2199224538775253,changed,1
9,-60.38924497493483,-12.61683816545868,2016-02-18,0.1803250014781952,0.0,0.0,0.004564613103866577,0.23542530834674835,-0.019266590476036072,0.0,0.0,-0.010330229997634888,0.2173018536734963,changed,1
9,-60.38924497493483,-12.61683816545868,2016-02-24,0.0,0.0,0.0,0.004564613103866577,0.23542530834674835,-0.019266590476036072,0.0,0.0,-0.010330229997634888,0.21516892799019338,changed,1
9,-60.38924497493483,-12.61683816545868,2016-03-01,0.0,0.0,0.0,0.004564613103866577,0.23542530834674835,-0.019266590476036072,0.0,0.0,-0.010330229997634888,0.21360522163957452,changed,1
9,-60.38924497493483,-12.61683816545868,2016-03-07,0.0,0.0,0.0,0.004564613103866577,0.23542530834674835,-0.019266590476036072,0.0,0.0,-0.010330229997634888,0.2126484353244713,changed,1
9,-60.38924497493483,-12.61683816545868,2016-03-13,0.0,0.0,0.0,0.004564613103866577,0.23542530834674835,-0.019266590476036072,0.0,0.0,-0.010330229997634888,0.2122935033883504,changed,1
9,-60.38924497493483,-12.61683816545868,2016-03-19,0.0,0.0,0.0,0.004564613103866577,0.23542530834674835,-0.019266590476036072,0.0,0.0,-0.010330229997634888,0.21249757736265362,changed,1
9,-60.38924497493483,-12.61683816545868,2016-03-25,0.0,0.0,0.0,0.004564613103866577,0.23542530834674835,-0.019266590476036072,0.0,0.0,-0.010330229997634888,0.21317741576457294,changed,1
9,-60.38924497493483,-12.61683816545868,2016-03-31,0.0,0.0,0.0,0.004564613103866577,0.23542530834674835,-0.019266590476036072,0.0,0.0,-0.010330229997634888,0.21422269271633332,changed,1
9,-60.38924497493483,-12.61683816545868,2016-04-06,0.1778775006532669,0.0,0.0,0.004564613103866577,0.23542530834674835,-0.019266590476036072,0.0,0.0,-0.010330229997634888,0.21550424281067615,changed,1
9,-60.38924497493483,-12.61683816545868,2016-04-12,0.16495250165462494,0.0,0.0,0.004564613103866577,0.23542530834674835,-0.019266590476036072,0.0,0.0,-0.010330229997634888,0.2168913565678734,changed,1
9,-60.38924497493483,-12.61683816545868,2016-04-18,0.0,0.0,0.0,0.004564613103866577,0.23542530834674835,-0.019266590476036072,0.0,0.0,-0.010330229997634888,0.21825679536202003,changed,1
9,-60.38924497493483,-12.61683816545868,2016-04-24,0.0,0.0,0.0,0.004564613103866577,0.23542530834674835,-0.019266590476036072,0.0,0.0,-0.010330229997634888,0.21949227433398288,changed,1
9,-60.38924497493483,-12.61683816545868,2016-04-30,0.0,0.0,0.0,0.004564613103866577,0.23542530834674835,-0.019266590476036072,0.0,0.0,-0.010330229997634888,0.22052197943707252,changed,1
9,-60.38924497493483,-12.61683816545868,2016-05-06,0.1880112588405609,0.0,0.0,0.004564613103866577,0.23542530834674835,-0.019266590476036072,0.0,0.0,-0.010330229997634888,0.22130184512633022,changed,1
9,-60.38924497493483,-12.61683816545868,2016-05-12,0.1604975014925003,0.0,0.0,0.004564613103866577,0.23542530834674835,-0.019266590476036072,0.0,0.0,-0.010330229997634888,0.22182789581201412,changed,1
9,-60.38924497493483,-12.61683816545868,2016-05-18,0.0,0.0,0.0,0.004564613103866577,0.23542530834674835,-0.019266590476036072,0.0,0.0,-0.010330229997634888,0.22213319727106295,changed,1
9,-60.38924497493483,-12.61683816545868,2016-05-24,0.0,0.0,0.0,0.004564613103866577,0.23542530834674835,-0.019266590476036072,0.0,0.0,-0.010330229997634888,0.2222885825000347,changed,1
9,-60.38924497493483,-12.61683816545868,2016-05-30,0.0,0.0,0.0,0.004564613103866577,0.23542530834674835,-0.019266590476036072,0.0,0.0,-0.010330229997634888,0.22238741270772344,changed,1
9,-60.38924497493483,-12.61683816545868,2016-06-05,0.19077500700950623,0.0,0.0,0.004564613103866577,0.23542530834674835,-0.019266590476036072,0.0,0.0,-0.010330229997634888,0.22253907258960925,changed,1
9,-60.38924497493483,-12.61683816545868,2016-06-11,0.0,0.0,0.0,0.004564613103866577,0.23542530834674835,-0.019266590476036072,0.0,0.0,-0.010330229997634888,0.2228608247193593,changed,1
9,-60.38924497493483,-12.61683816545868,2016-06-17,0.14908500015735626,0.0,0.0,0.004564613103866577,0.23542530834674835,-0.019266590476036072,0.0,0.0,-0.010330229997634888,0.22345783890394033,changed,1
9,-60.38924497493483,-12.61683816545868,2016-06-23,0.16041499376296997,0.0,0.0,0.004564613103866577,0.23542530834674835,-0.019266590476036072,0.0,0.0,-0.010330229997634888,0.22441526969597936,changed,1
9,-60.38924497493483,-12.61683816545868,2016-06-29,0.17377999424934387,0.0,0.0,0.004564613103866577,0.23542530834674835,-0.019266590476036072,0.0,0.0,-0.010330229997634888,0.22579216898014937,changed,1
9,-60.38924497493483,-12.61683816545868,2016-07-05,0.19971249997615814,0.0,0.0,0.004564613103866577,0.23542530834674835,-0.019266590476036072,0.0,0.0,-0.010330229997634888,0.22760683322117342,changed,1
9,-60.38924497493483,-12.61683816545868,2016-07-11,0.0,0.0,0.0,0.004564613103866577,0.23542530834674835,-0.019266590476036072,0.0,0.0,-0.010330229997634888,0.2298382354691726,changed,1
9,-60.38924497493483,-12.61683816545868,2016-07-17,0.17921124398708344,0.0,0.0,0.004564613103866577,0.23542530834674835,-0.019266590476036072,0.0,0.0,-0.010330229997634888,0.23242372582914994,changed,1
9,-60.38924497493483,-12.61683816545868,2016-07-23,0.20174750685691833,0.0,0.0,0.004564613103866577,0.23542530834674835,-0.019266590476036072,0.0,0.0,-0.010330229997634888,0.23526813127553314,changed,1
9,-60.38924497493483,-12.61683816545868,2016-07-29,0.0,0.0,0.0,0.004564613103866577,0.23542530834674835,-0.019266590476036072,0.0,0.0,-0.010330229997634888,0.23824371290216373,changed,1
9,-60.38924497493483,-12.61683816545868,2016-08-04,0.18241499364376068,0.0,0.0,0.004564613103866577,0.23542530834674835,-0.019266590476036072,0.0,0.0,-0.010330229997634888,0.241204245040036,changed,1
9,-60.38924497493483,-12.61683816545868,2016-08-10,0.1927412450313568,0.0,0.0,0.004564613103866577,0.23542530834674835,-0.019266590476036072,0.0,0.0,-0.010330229997634888,0.24400090806051544,changed,1
9,-60.38924497493483,-12.61683816545868,2016-08-16,0.17761623859405518,0.0,0.0,0.004564613103866577,0.23542530834674835,-0.019266590476036072,0.0,0.0,-0.010330229997634888,0.24648752303788513,changed,1
9,-60.38924497493483,-12.61683816545868,2016-08-22,0.0,0.0,0.0,0.004564613103866577,0.23542530834674835,-0.019266590476036072,0.0,0.0,-0.010330229997634888,0.2485366148480228,changed,1
9,-60.38924497493483,-12.61683816545868,2016-08-28,0.17688749730587006,0.0,0.0,0.004564613103866577,0.23542530834674835,-0.019266590476036072,0.0,0.0,-0.010330229997634888,0.2500538297906161,changed,1
9,-60.38924497493483,-12.61683816545868,2016-09-03,0.0,0.0,0.0,0.004564613103866577,0.23542530834674835,-0.019266590476036072,0.0,0.0,-0.010330229997634888,0.2509783410020505,changed,1
9,-60.38924497493483,-12.61683816545868,2016-09-09,0.20540499687194824,0.0,0.0,0.004564613103866577,0.23542530834674835,-0.019266590476036072,0.0,0.0,-0.010330229997634888,0.2512924702511947,changed,1
9,-60.38924497493483,-12.61683816545868,2016-09-15,0.09353499859571457,0.0,0.0,0.004564613103866577,0.23542530834674835,-0.019266590476036072,0.0,0.0,-0.010330229997634888,0.25101993822327273,changed,1
9,-60.38924497493483,-12.61683816545868,2016-09-21,0.0,0.0,0.0,0.004564613103866577,0.23542530834674835,-0.019266590476036072,0.0,0.0,-0.010330229997634888,0.25022778343835217,changed,1
9,-60.38924497493483,-12.61683816545868,2016-09-27,0.0,0.0,0.0,0.004564613103866577,0.23542530834674835,-0.019266590476036072,0.0,0.0,-0.010330229997634888,0.2490121085686554,changed,1
9,-60.38924497493483,-12.61683816545868,2016-10-03,0.0,0.0,0.0,0.004564613103866577,0.23542530834674835,-0.019266590476036072,0.0,0.0,-0.010330229997634888,0.24749223513011365,changed,1
9,-60.38924497493483,-12.61683816545868,2016-10-09,0.0,0.0,0.0,0.004564613103866577,0.23542530834674835,-0.019266590476036072,0.0,0.0,-0.010330229997634888,0.2458028302942168,changed,1
9,-60.38924497493483,-12.61683816545868,2016-10-15,0.0,0.0,0.0,0.004564613103866577,0.23542530834674835,-0.019266590476036072,0.0,0.0,-0.010330229997634888,0.24407378275643854,changed,1
9,-60.38924497493483,-12.61683816545868,2016-10-21,0.24258500337600708,0.0,0.0,0.004564613103866577,0.23542530834674835,-0.019266590476036072,0.0,0.0,-0.010330229997634888,0.24242295864634933,changed,1
9,-60.38924497493483,-12.61683816545868,2016-10-27,0.0,0.0,0.0,0.004564613103866577,0.23542530834674835,-0.019266590476036072,0.0,0.0,-0.010330229997634888,0.24094282992128058,changed,1
9,-60.38924497493483,-12.61683816545868,2016-11-02,0.0,0.0,0.0,0.004564613103866577,0.23542530834674835,-0.019266590476036072,0.0,0.0,-0.010330229997634888,0.23969713672768922,changed,1
9,-60.38924497493483,-12.61683816545868,2016-11-08,0.0,0.0,0.0,0.004564613103866577,0.23542530834674835,-0.019266590476036072,0.0,0.0,-0.010330229997634888,0.23870818169000962,changed,1
9,-60.38924497493483,-12.61683816545868,2016-11-14,0.0,0.0,0.0,0.004564613103866577,0.23542530834674835,-0.019266590476036072,0.0,0.0,-0.010330229997634888,0.23795921952218624,changed,1
9,-60.38924497493483,-12.61683816545868,2016-11-20,0.0,0.0,0.0,0.004564613103866577,0.23542530834674835,-0.019266590476036072,0.0,0.0,-0.010330229997634888,0.2374006927211143,changed,1
9,-60.38924497493483,-12.61683816545868,2016-11-26,0.0,0.0,0.0,0.004564613103866577,0.23542530834674835,-0.019266590476036072,0.0,0.0,-0.010330229997634888,0.23694872793021649,changed,1
9,-60.38924497493483,-12.61683816545868,2016-12-02,0.0,0.0,0.0,0.004564613103866577,0.23542530834674835,-0.019266590476036072,0.0,0.0,-0.010330229997634888,0.23649801708833118,changed,1
9,-60.38924497493483,-12.61683816545868,2016-12-08,0.0,0.0,0.0,0.004564613103866577,0.23542530834674835,-0.019266590476036072,0.0,0.0,-0.010330229997634888,0.23593683984457092,changed,1
9,-60.38924497493483,-12.61683816545868,2016-12-14,0.0,0.0,0.0,0.004564613103866577,0.23542530834674835,-0.019266590476036072,0.0,0.0,-0.010330229997634888,0.2351518155863257,changed,1
9,-60.38924497493483,-12.61683816545868,2016-12-20,0.0,0.0,0.0,0.004564613103866577,0.23542530834674835,-0.019266590476036072,0.0,0.0,-0.010330229997634888,0.23404514777193497,changed,1
9,-60.38924497493483,-12.61683816545868,2016-12-26,0.0,0.0,0.0,0.004564613103866577,0.23542530834674835,-0.019266590476036072,0.0,0.0,-0.010330229997634888,0.23254302313585196,changed,1
9,-60.38924497493483,-12.61683816545868,2017-01-01,0.2300724983215332,0.0,0.0,0.004564613103866577,0.23542530834674835,-0.019266590476036072,0.0,0.0,-0.010330229997634888,0.23060923814775428,changed,1
9,-60.38924497493483,-12.61683816545868,2017-01-07,0.0,0.0,0.0,0.004564613103866577,0.23542530834674835,-0.019266590476036072,0.0,0.0,-0.010330229997634888,0.2282352049375116,changed,1
9,-60.38924497493483,-12.61683816545868,2017-01-13,0.0,0.0,0.0,0.004564613103866577,0.23542530834674835,-0.019266590476036072,0.0,0.0,-0.010330229997634888,0.2254695531880313,changed,1
9,-60.38924497493483,-12.61683816545868,2017-01-19,0.0,0.0,0.0,0.004564613103866577,0.23542530834674835,-0.019266590476036072,0.0,0.0,-0.010330229997634888,0.22239084747709814,changed,1
9,-60.38924497493483,-12.61683816545868,2017-01-25,0.0,0.0,0.0,0.004564613103866577,0.23542530834674835,-0.019266590476036072,0.0,0.0,-0.010330229997634888,0.21911469462184519,changed,1
9,-60.38924497493483,-12.61683816545868,2017-01-31,0.0,0.0,0.0,0.004564613103866577,0.23542530834674835,-0.019266590476036072,0.0,0.0,-0.010330229997634888,0.21578080376904635,changed,1
9,-60.38924497493483,-12.61683816545868,2017-02-06,0.0,0.0,0.0,0.004564613103866577,0.23542530834674835,-0.019266590476036072,0.0,0.0,-0.010330229997634888,0.212537694305019,changed,1
9,-60.38924497493483,-12.61683816545868,2017-02-12,0.0,0.0,0.0,0.004564613103866577,0.23542530834674835,-0.019266590476036072,0.0,0.0,-0.010330229997634888,0.2095374800329255,changed,1
9,-60.38924497493483,-12.61683816545868,2017-02-18,0.0,0.0,0.0,0.004564613103866577,0.23542530834674835,-0.019266590476036072,0.0,0.0,-0.010330229997634888,0.2069192266663169,changed,1
9,-60.38924497493483,-12.61683816545868,2017-02-24,0.0,0.0,0.0,0.004564613103866577,0.23542530834674835,-0.019266590476036072,0.0,0.0,-0.010330229997634888,0.20479345007083793,changed,1
9,-60.38924497493483,-12.61683816545868,2017-03-02,0.0,0.0,0.0,0.004564613103866577,0.23542530834674835,-0.019266590476036072,0.0,0.0,-0.010330229997634888,0.20324019889026346,changed,1
9,-60.38924497493483,-12.61683816545868,2017-03-08,0.0,0.0,0.0,0.004564613103866577,0.23542530834674835,-0.019266590476036072,0.0,0.0,-0.010330229997634888,0.20229890822240915,changed,1
9,-60.38924497493483,-12.61683816545868,2017-03-14,0.19283750653266907,0.0,0.0,0.004564613103866577,0.23542530834674835,-0.019266590476036072,0.0,0.0,-0.010330229997634888,0.20196198461843107,changed,1
9,-60.38924497493483,-12.61683816545868,2017-03-20,0.0,0.0,0.0,0.004564613103866577,0.23542530834674835,-0.019266590476036072,0.0,0.0,-0.010330229997634888,0.20218368658647634,changed,1
9,-60.38924497493483,-12.61683816545868,2017-03-26,0.0,0.0,0.0,0.004564613103866577,0.23542530834674835,-0.019266590476036072,0.0,0.0,-0.010330229997634888,0.20288149241325648,changed,1
9,-60.38924497493483,-12.61683816545868,2017-04-01,0.0,0.0,0.0,0.004564613103866577,0.23542530834674835,-0.019266590476036072,0.0,0.0,-0.010330229997634888,0.20394078964305473,changed,1
9,-60.38924497493483,-12.61683816545868,2017-04-07,0.0,0.0,0.0,0.004564613103866577,0.23542530834674835,-0.019266590476036072,0.0,0.0,-0.010330229997634888,0.20523343474899347,changed,1
9,-60.38924497493483,-12.61683816545868,2017-04-13,0.0,0.0,0.0,0.004564613103866577,0.23542530834674835,-0.019266590476036072,0.0,0.0,-0.010330229997634888,0.20662642574738133,changed,1
9,-60.38924497493483,-12.61683816545868,2017-04-19,0.0,0.0,0.0,0.004564613103866577,0.23542530834674835,-0.019266590476036072,0.0,0.0,-0.010330229997634888,0.20799084904617793,changed,1
9,-60.38924497493483,-12.61683816545868,2017-04-25,0.0,0.0,0.0,0.004564613103866577,0.23542530834674835,-0.019266590476036072,0.0,0.0,-0.010330229997634888,0.2092212510400513,changed,1
9,-60.38924497493483,-12.61683816545868,2017-05-01,0.0,0.0,0.0,0.004564613103866577,0.23542530834674835,-0.019266590476036072,0.0,0.0,-0.010330229997634888,0.21024159410066456,changed,1
9,-60.38924497493483,-12.61683816545868,2017-05-07,0.0,0.0,0.0,0.004564613103866577,0.23542530834674835,-0.019266590476036072,0.0,0.0,-0.010330229997634888,0.21100824050888445,changed,1
9,-60.38924497493483,-12.61683816545868,2017-05-13,0.18582500517368317,0.0,0.0,0.004564613103866577,0.23542530834674835,-0.019266590476036072,0.0,0.0,-0.010330229997634888,0.2115206645414478,changed,1
9,-60.38924497493483,-12.61683816545868,2017-05-19,0.0,0.0,0.0,0.004564613103866577,0.23542530834674835,-0.019266590476036072,0.0,0.0,-0.010330229997634888,0.21181690559273658,changed,1
9,-60.38924497493483,-12.61683816545868,2017-05-25,0.19278250634670258,0.0,0.0,0.004564613103866577,0.23542530834674835,-0.019266590476036072,0.0,0.0,-0.010330229997634888,0.21196520124510432,changed,1
9,-60.38924497493483,-12.61683816545868,2017-05-31,0.0,0.0,0.0,0.004564613103866577,0.23542530834674835,-0.019266590476036072,0.0,0.0,-0.010330229997634888,0.2120635849481376,changed,1
9,-60.38924497493483,-12.61683816545868,2017-06-06,0.18013249337673187,0.0,0.0,0.004564613103866577,0.23542530834674835,-0.019266590476036072,0.0,0.0,-0.010330229997634888,0.21222553070309536,changed,1
9,-60.38924497493483,-12.61683816545868,2017-06-12,0.0,0.0,0.0,0.004564613103866577,0.23542530834674835,-0.019266590476036072,0.0,0.0,-0.010330229997634888,0.21256401435841932,changed,1
9,-60.38924497493483,-12.61683816545868,2017-06-18,0.1591774970293045,0.0,0.0,0.004564613103866577,0.23542530834674835,-0.019266590476036072,0.0,0.0,-0.010330229997634888,0.21318651254454446,changed,1
9,-60.38924497493483,-12.61683816545868,2017-06-24,0.1865675002336502,0.0,0.0,0.004564613103866577,0.23542530834674835,-0.019266590476036072,0.0,0.0,-0.010330229997634888,0.21417945372819647,changed,1
9,-60.38924497493483,-12.61683816545868,2017-06-30,0.18747499585151672,0.0,0.0,0.004564613103866577,0.23542530834674835,-0.019266590476036072,0.0,0.0,-0.010330229997634888,0.2155946116894481,changed,1
9,-60.38924497493483,-12.61683816545868,2017-07-06,0.15873749554157257,0.0,0.0,0.004564613103866577,0.23542530834674835,-0.019266590476036072,0.0,0.0,-0.010330229997634888,0.2174497422440858,changed,1
9,-60.38924497493483,-12.61683816545868,2017-07-12,0.0,0.0,0.0,0.004564613103866577,0.23542530834674835,-0.019266590476036072,0.0,0.0,-0.010330229997634888,0.21972144220258683,changed,1
9,-60.38924497493483,-12.61683816545868,2017-07-18,0.17826250195503235,0.0,0.0,0.004564613103866577,0.23542530834674835,-0.019266590476036072,0.0,0.0,-0.010330229997634888,0.22234192424341526,changed,1
9,-60.38924497493483,-12.61683816545868,2017-07-24,0.1883549988269806,0.0,0.0,0.004564613103866577,0.23542530834674835,-0.019266590476036072,0.0,0.0,-0.010330229997634888,0.22521101612711147,changed,1
9,-60.38924497493483,-12.61683816545868,2017-07-30,0.1725424975156784,0.0,0.0,0.004564613103866577,0.23542530834674835,-0.019266590476036072,0.0,0.0,-0.010330229997634888,0.22820028681741933,changed,1
9,-60.38924497493483,-12.61683816545868,2017-08-05,0.17875750362873077,0.0,0.0,0.004564613103866577,0.23542530834674835,-0.019266590476036072,0.0,0.0,-0.010330229997634888,0.23115991413485393,changed,1
9,-60.38924497493483,-12.61683816545868,2017-08-11,0.18945500254631042,0.0,0.0,0.004564613103866577,0.23542530834674835,-0.019266590476036072,0.0,0.0,-0.010330229997634888,0.23393864113955587,changed,1
9,-60.38924497493483,-12.61683816545868,2017-08-17,0.0,0.0,0.0,0.004564613103866577,0.23542530834674835,-0.019266590476036072,0.0,0.0,-0.010330229997634888,0.2363929712881765,changed,1
9,-60.38924497493483,-12.61683816545868,2017-08-23,0.0,0.0,0.0,0.004564613103866577,0.23542530834674835,-0.019266590476036072,0.0,0.0,-0.010330229997634888,0.23839572047105317,changed,1
9,-60.38924497493483,-12.61683816545868,2017-08-29,0.0,0.0,0.0,0.004564613103866577,0.23542530834674835,-0.019266590476036072,0.0,0.0,-0.010330229997634888,0.2398541226881541,changed,1
9,-60.38924497493483,-12.61683816545868,2017-09-04,0.20485499501228333,0.0,0.0,0.004564613103866577,0.23542530834674835,-0.019266590476036072,0.0,0.0,-0.010330229997634888,0.2407137992592645,changed,1
9,-60.38924497493483,-12.61683816545868,2017-09-10,0.20782500505447388,0.0,0.0,0.004564613103866577,0.23542530834674835,-0.019266590476036072,0.0,0.0,-0.010330229997634888,0.2409592101797564,changed,1
9,-60.38924497493483,-12.61683816545868,2017-09-16,0.0,0.0,0.0,0.004564613103866577,0.23542530834674835,-0.019266590476036072,0.0,0.0,-0.010330229997634888,0.24062156581877048,changed,1
9,-60.38924497493483,-12.61683816545868,2017-09-22,0.21105624735355377,0.0,0.0,0.004564613103866577,0.23542530834674835,-0.019266590476036072,0.0,0.0,-0.010330229997634888,0.2397714349800868,changed,1
9,-60.38924497493483,-12.61683816545868,2017-09-28,0.0,0.0,0.0,0.004564613103866577,0.23542530834674835,-0.019266590476036072,0.0,0.0,-0.010330229997634888,0.2385078063110826,changed,1
9,-60.38924497493483,-12.61683816545868,2017-10-04,0.0,0.0,0.0,0.004564613103866577,0.23542530834674835,-0.019266590476036072,0.0,0.0,-0.010330229997634888,0.23695684564990116,changed,1
9,-60.38924497493483,-12.61683816545868,2017-10-10,0.0,0.0,0.0,0.004564613103866577,0.23542530834674835,-0.019266590476036072,0.0,0.0,-0.010330229997634888,0.23524983156678836,changed,1
9,-60.38924497493483,-12.61683816545868,2017-10-16,0.0,0.0,0.0,0.004564613103866577,0.23542530834674835,-0.019266590476036072,0.0,0.0,-0.010330229997634888,0.23351921039413348,changed,1
9,-60.38924497493483,-12.61683816545868,2017-10-22,0.20672500133514404,0.0,0.0,0.004564613103866577,0.23542530834674835,-0.019266590476036072,0.0,0.0,-0.010330229997634888,0.23188248076394125,changed,1
9,-60.38924497493483,-12.61683816545868,2017-10-28,0.20424999296665192,0.0,0.0,0.004564613103866577,0.23542530834674835,-0.019266590476036072,0.0,0.0,-0.010330229997634888,0.23042768790874657,changed,1
9,-60.38924497493483,-12.61683816545868,2017-11-03,0.0,0.0,0.0,0.004564613103866577,0.23542530834674835,-0.019266590476036072,0.0,0.0,-0.010330229997634888,0.22921288623303315,changed,1
9,-60.38924497493483,-12.61683816545868,2017-11-09,0.0,0.0,0.0,0.004564613103866577,0.23542530834674835,-0.019266590476036072,0.0,0.0,-0.010330229997634888,0.22825764339045307,changed,1
9,-60.38924497493483,-12.61683816545868,2017-11-15,0.0,0.0,0.0,0.004564613103866577,0.23542530834674835,-0.019266590476036072,0.0,0.0,-0.010330229997634888,0.2275383833782616,changed,1
9,-60.38924497493483,-12.61683816545868,2017-11-21,0.0,0.0,0.0,0.004564613103866577,0.23542530834674835,-0.019266590476036072,0.0,0.0,-0.010330229997634888,0.22699897877367015,changed,1
9,-60.38924497493483,-12.61683816545868,2017-11-27,0.0,0.0,0.0,0.004564613103866577,0.23542530834674835,-0.019266590476036072,0.0,0.0,-0.010330229997634888,0.22655360080402565,changed,1
9,-60.38924497493483,-12.61683816545868,2017-12-03,0.0,0.0,0.0,0.004564613103866577,0.23542530834674835,-0.019266590476036072,0.0,0.0,-0.010330229997634888,0.22609253519821548,changed,1
9,-60.38924497493483,-12.61683816545868,2017-12-09,0.0,0.0,0.0,0.004564613103866577,0.23542530834674835,-0.019266590476036072,0.0,0.0,-0.010330229997634888,0.2255013835930595,changed,1
9,-60.38924497493483,-12.61683816545868,2017-12-15,0.0,0.0,0.0,0.004564613103866577,0.23542530834674835,-0.019266590476036072,0.0,0.0,-0.010330229997634888,0.2246698193161638,changed,1
9,-60.38924497493483,-12.61683816545868,2017-12-21,0.0,0.0,0.0,0.004564613103866577,0.23542530834674835,-0.019266590476036072,0.0,0.0,-0.010330229997634888,0.22350005455322708,changed,1
9,-60.38924497493483,-12.61683816545868,2017-12-27,0.0,0.0,0.0,0.004564613103866577,0.23542530834674835,-0.019266590476036072,0.0,0.0,-0.010330229997634888,0.22192516354185443,changed,1
9,-60.38924497493483,-12.61683816545868,2018-01-02,0.0,0.0,0.0,0.004564613103866577,0.23542530834674835,-0.019266590476036072,0.0,0.0,-0.010330229997634888,0.21991353771964856,changed,1
9,-60.38924497493483,-12.61683816545868,2018-01-07,0.0,0.0,0.0,0.004564613103866577,0.23542530834674835,-0.019266590476036072,0.0,0.0,-0.010330229997634888,0.2179049749398767,changed,1
9,-60.38924497493483,-12.61683816545868,2018-01-13,0.0,0.0,0.0,0.004564613103866577,0.23542530834674835,-0.019266590476036072,0.0,0.0,-0.010330229997634888,0.21513932319039641,changed,1
9,-60.38924497493483,-12.61683816545868,2018-01-19,0.0,0.0,0.0,0.004564613103866577,0.23542530834674835,-0.019266590476036072,0.0,0.0,-0.010330229997634888,0.21206061747946325,changed,1
9,-60.38924497493483,-12.61683816545868,2018-01-25,0.21920999884605408,0.0,0.0,0.004564613103866577,0.23542530834674835,-0.019266590476036072,0.0,0.0,-0.010330229997634888,0.2087844646242103,changed,1
9,-60.38924497493483,-12.61683816545868,2018-01-31,0.0,0.0,0.0,0.004564613103866577,0.23542530834674835,-0.019266590476036072,0.0,0.0,-0.010330229997634888,0.20545057377141146,changed,1
9,-60.38924497493483,-12.61683816545868,2018-02-06,0.0,0.0,0.0,0.004564613103866577,0.23542530834674835,-0.019266590476036072,0.0,0.0,-0.010330229997634888,0.20220746430738412,changed,1
9,-60.38924497493483,-12.61683816545868,2018-02-12,0.0,0.0,0.0,0.004564613103866577,0.23542530834674835,-0.019266590476036072,0.0,0.0,-0.010330229997634888,0.1992072500352906,changed,1
9,-60.38924497493483,-12.61683816545868,2018-02-18,0.0,0.0,0.0,0.004564613103866577,0.23542530834674835,-0.019266590476036072,0.0,0.0,-0.010330229997634888,0.19658899666868201,changed,1
9,-60.38924497493483,-12.61683816545868,2018-02-24,0.0,0.0,0.0,0.004564613103866577,0.23542530834674835,-0.019266590476036072,0.0,0.0,-0.010330229997634888,0.19446322007320305,changed,1
9,-60.38924497493483,-12.61683816545868,2018-03-02,0.0,0.0,0.0,0.004564613103866577,0.23542530834674835,-0.019266590476036072,0.0,0.0,-0.010330229997634888,0.19290996889262857,changed,1
9,-60.38924497493483,-12.61683816545868,2018-03-08,0.18942749500274658,0.0,0.0,0.004564613103866577,0.23542530834674835,-0.019266590476036072,0.0,0.0,-0.010330229997634888,0.19196867822477426,changed,1
9,-60.38924497493483,-12.61683816545868,2018-03-14,0.0,0.0,0.0,0.004564613103866577,0.23542530834674835,-0.019266590476036072,0.0,0.0,-0.010330229997634888,0.19163175462079618,changed,1
9,-60.38924497493483,-12.61683816545868,2018-03-20,0.0,0.0,0.0,0.004564613103866577,0.23542530834674835,-0.019266590476036072,0.0,0.0,-0.010330229997634888,0.19185345658884145,changed,1
9,-60.38924497493483,-12.61683816545868,2018-03-26,0.0,0.0,0.0,0.004564613103866577,0.23542530834674835,-0.019266590476036072,0.0,0.0,-0.010330229997634888,0.1925512624156216,changed,1
9,-60.38924497493483,-12.61683816545868,2018-04-01,0.0,0.0,0.0,0.004564613103866577,0.23542530834674835,-0.019266590476036072,0.0,0.0,-0.010330229997634888,0.19361055964541984,changed,1
9,-60.38924497493483,-12.61683816545868,2018-04-07,0.0,0.0,0.0,0.004564613103866577,0.23542530834674835,-0.019266590476036072,0.0,0.0,-0.010330229997634888,0.19490320475135858,changed,1
9,-60.38924497493483,-12.61683816545868,2018-04-13,0.0,0.0,0.0,0.004564613103866577,0.23542530834674835,-0.019266590476036072,0.0,0.0,-0.010330229997634888,0.19629619574974644,changed,1
9,-60.38924497493483,-12.61683816545868,2018-04-19,0.0,0.0,0.0,0.004564613103866577,0.23542530834674835,-0.019266590476036072,0.0,0.0,-0.010330229997634888,0.19766061904854304,changed,1
9,-60.38924497493483,-12.61683816545868,2018-04-25,0.17545750737190247,0.0,0.0,0.004564613103866577,0.23542530834674835,-0.019266590476036072,0.0,0.0,-0.010330229997634888,0.1988910210424164,changed,1
9,-60.38924497493483,-12.61683816545868,2018-05-01,0.0,0.0,0.0,0.004564613103866577,0.23542530834674835,-0.019266590476036072,0.0,0.0,-0.010330229997634888,0.19991136410302968,changed,1
9,-60.38924497493483,-12.61683816545868,2018-05-07,0.0,0.0,0.0,0.004564613103866577,0.23542530834674835,-0.019266590476036072,0.0,0.0,-0.010330229997634888,0.20067801051124956,changed,1
9,-60.38924497493483,-12.61683816545868,2018-05-13,0.16902250051498413,0.0,0.0,0.004564613103866577,0.23542530834674835,-0.019266590476036072,0.0,0.0,-0.010330229997634888,0.2011904345438129,changed,1
9,-60.38924497493483,-12.61683816545868,2018-05-19,0.0,0.0,0.0,0.004564613103866577,0.23542530834674835,-0.019266590476036072,0.0,0.0,-0.010330229997634888,0.2014866755951017,changed,1
9,-60.38924497493483,-12.61683816545868,2018-05-25,0.17270749807357788,0.0,0.0,0.004564613103866577,0.23542530834674835,-0.019266590476036072,0.0,0.0,-0.010330229997634888,0.20163497124746943,changed,1
9,-60.38924497493483,-12.61683816545868,2018-05-31,0.0,0.0,0.0,0.004564613103866577,0.23542530834674835,-0.019266590476036072,0.0,0.0,-0.010330229997634888,0.2017333549505027,changed,1
9,-60.38924497493483,-12.61683816545868,2018-06-06,0.1820024996995926,0.0,0.0,0.004564613103866577,0.23542530834674835,-0.019266590476036072,0.0,0.0,-0.010330229997634888,0.20189530070546047,changed,1
9,-60.38924497493483,-12.61683816545868,2018-06-12,0.1802700012922287,0.0,0.0,0.004564613103866577,0.23542530834674835,-0.019266590476036072,0.0,0.0,-0.010330229997634888,0.20223378436078443,changed,1
9,-60.38924497493483,-12.61683816545868,2018-06-18,0.15345749258995056,0.0,0.0,0.004564613103866577,0.23542530834674835,-0.019266590476036072,0.0,0.0,-0.010330229997634888,0.20285628254690957,changed,1
9,-60.38924497493483,-12.61683816545868,2018-06-24,0.0,0.0,0.0,0.004564613103866577,0.23542530834674835,-0.019266590476036072,0.0,0.0,-0.010330229997634888,0.20384922373056158,changed,1
9,-60.38924497493483,-12.61683816545868,2018-06-30,0.16621750593185425,0.0,0.0,0.004564613103866577,0.23542530834674835,-0.019266590476036072,0.0,0.0,-0.010330229997634888,0.2052643816918132,changed,1
9,-60.38924497493483,-12.61683816545868,2018-07-06,0.16532374918460846,0.0,0.0,0.004564613103866577,0.23542530834674835,-0.019266590476036072,0.0,0.0,-0.010330229997634888,0.20711951224645092,changed,1
9,-60.38924497493483,-12.61683816545868,2018-07-12,0.16008499264717102,0.0,0.0,0.004564613103866577,0.23542530834674835,-0.019266590476036072,0.0,0.0,-0.010330229997634888,0.20939121220495194,changed,1
9,-60.38924497493483,-12.61683816545868,2018-07-18,0.0,0.0,0.0,0.004564613103866577,0.23542530834674835,-0.019266590476036072,0.0,0.0,-0.010330229997634888,0.21201169424578037,changed,1
9,-60.38924497493483,-12.61683816545868,2018-07-24,0.16880249977111816,0.0,0.0,0.004564613103866577,0.23542530834674835,-0.019266590476036072,0.0,0.0,-0.010330229997634888,0.2148807861294766,changed,1
9,-60.38924497493483,-12.61683816545868,2018-07-30,0.18923500180244446,0.0,0.0,0.004564613103866577,0.23542530834674835,-0.019266590476036072,0.0,0.0,-0.010330229997634888,0.21787005681978444,changed,1
9,-60.38924497493483,-12.61683816545868,2018-08-05,0.20888374745845795,0.0,0.0,0.004564613103866577,0.23542530834674835,-0.019266590476036072,0.0,0.0,-0.010330229997634888,0.22082968413721904,changed,1
9,-60.38924497493483,-12.61683816545868,2018-08-11,0.0,0.0,0.0,0.004564613103866577,0.23542530834674835,-0.019266590476036072,0.0,0.0,-0.010330229997634888,0.22360841114192098,changed,1
9,-60.38924497493483,-12.61683816545868,2018-08-17,0.18174125254154205,0.0,0.0,0.004564613103866577,0.23542530834674835,-0.019266590476036072,0.0,0.0,-0.010330229997634888,0.2260627412905416,changed,1
9,-60.38924497493483,-12.61683816545868,2018-08-23,0.0,0.0,0.0,0.004564613103866577,0.23542530834674835,-0.019266590476036072,0.0,0.0,-0.010330229997634888,0.2280654904734183,changed,1
9,-60.38924497493483,-12.61683816545868,2018-08-29,0.17665374279022217,0.0,0.0,0.004564613103866577,0.23542530834674835,-0.019266590476036072,0.0,0.0,-0.010330229997634888,0.2295238926905192,changed,1
9,-60.38924497493483,-12.61683816545868,2018-09-04,0.0,0.0,0.0,0.004564613103866577,0.23542530834674835,-0.019266590476036072,0.0,0.0,-0.010330229997634888,0.23038356926162962,changed,1
9,-60.38924497493483,-12.61683816545868,2018-09-10,0.19595874845981598,0.0,0.0,0.004564613103866577,0.23542530834674835,-0.019266590476036072,0.0,0.0,-0.010330229997634888,0.23062898018212152,changed,1
9,-60.38924497493483,-12.61683816545868,2018-09-16,0.19707250595092773,0.0,0.0,0.004564613103866577,0.23542530834674835,-0.019266590476036072,0.0,0.0,-0.010330229997634888,0.2302913358211356,changed,1
9,-60.38924497493483,-12.61683816545868,2018-09-22,0.0,0.0,0.0,0.004564613103866577,0.23542530834674835,-0.019266590476036072,0.0,0.0,-0.010330229997634888,0.2294412049824519,changed,1
9,-60.38924497493483,-12.61683816545868,2018-09-28,0.0,0.0,0.0,0.004564613103866577,0.23542530834674835,-0.019266590476036072,0.0,0.0,-0.010330229997634888,0.2281775763134477,changed,1
9,-60.38924497493483,-12.61683816545868,2018-10-04,0.0,0.0,0.0,0.004564613103866577,0.23542530834674835,-0.019266590476036072,0.0,0.0,-0.010330229997634888,0.22662661565226627,changed,1
9,-60.38924497493483,-12.61683816545868,2018-10-10,0.2163500040769577,0.0,0.0,0.004564613103866577,0.23542530834674835,-0.019266590476036072,0.0,0.0,-0.010330229997634888,0.22491960156915347,changed,1
9,-60.38924497493483,-12.61683816545868,2018-10-16,0.0,0.0,0.0,0.004564613103866577,0.23542530834674835,-0.019266590476036072,0.0,0.0,-0.010330229997634888,0.2231889803964986,changed,1
9,-60.38924497493483,-12.61683816545868,2018-10-22,0.0,0.0,0.0,0.004564613103866577,0.23542530834674835,-0.019266590476036072,0.0,0.0,-0.010330229997634888,0.22155225076630636,changed,1
9,-60.38924497493483,-12.61683816545868,2018-10-28,0.0,0.0,0.0,0.004564613103866577,0.23542530834674835,-0.019266590476036072,0.0,0.0,-0.010330229997634888,0.22009745791111168,changed,1
9,-60.38924497493483,-12.61683816545868,2018-11-03,0.19533999264240265,0.0,0.0,0.004564613103866577,0.23542530834674835,-0.019266590476036072,0.0,0.0,-0.010330229997634888,0.21888265623539827,changed,1
9,-60.38924497493483,-12.61683816545868,2018-11-09,0.0,0.0,0.0,0.004564613103866577,0.23542530834674835,-0.019266590476036072,0.0,0.0,-0.010330229997634888,0.21792741339281818,changed,1
9,-60.38924497493483,-12.61683816545868,2018-11-15,0.0,0.0,0.0,0.004564613103866577,0.23542530834674835,-0.019266590476036072,0.0,0.0,-0.010330229997634888,0.2172081533806267,changed,1
9,-60.38924497493483,-12.61683816545868,2018-11-21,0.0,0.0,0.0,0.004564613103866577,0.23542530834674835,-0.019266590476036072,0.0,0.0,-0.010330229997634888,0.21666874877603526,changed,1
9,-60.38924497493483,-12.61683816545868,2018-11-27,0.0,0.0,0.0,0.004564613103866577,0.23542530834674835,-0.019266590476036072,0.0,0.0,-0.010330229997634888,0.21622337080639076,changed,1
9,-60.38924497493483,-12.61683816545868,2018-12-03,0.0,0.0,0.0,0.004564613103866577,0.23542530834674835,-0.019266590476036072,0.0,0.0,-0.010330229997634888,0.2157623052005806,changed,1
9,-60.38924497493483,-12.61683816545868,2018-12-09,0.0,0.0,0.0,0.004564613103866577,0.23542530834674835,-0.019266590476036072,0.0,0.0,-0.010330229997634888,0.2151711535954246,changed,1
9,-60.38924497493483,-12.61683816545868,2018-12-15,0.0,0.0,0.0,0.004564613103866577,0.23542530834674835,-0.019266590476036072,0.0,0.0,-0.010330229997634888,0.21433958931852892,changed,1
9,-60.38924497493483,-12.61683816545868,2018-12-21,0.0,0.0,0.0,0.004564613103866577,0.23542530834674835,-0.019266590476036072,0.0,0.0,-0.010330229997634888,0.2131698245555922,changed,1
9,-60.38924497493483,-12.61683816545868,2018-12-27,0.0,0.0,0.0,0.004564613103866577,0.23542530834674835,-0.019266590476036072,0.0,0.0,-0.010330229997634888,0.21159493354421954,changed,1
9,-60.38924497493483,-12.61683816545868,2019-01-02,0.0,0.0,0.0,0.004564613103866577,0.23542530834674835,-0.019266590476036072,0.0,0.0,-0.010330229997634888,0.20958330772201367,changed,1
10,-63.80284305458902,-12.814467527964975,2016-01-07,0.0,-0.005139539949595928,0.0,0.027161750942468643,0.12893004715442657,-0.10277395695447922,0.013306344859302044,-0.0355820469558239,0.0,0.13102648458194271,changed,1
10,-63.80284305458902,-12.814467527964975,2016-01-13,0.0,-0.005139539949595928,0.0,0.027161750942468643,0.12893004715442657,-0.10277395695447922,0.013306344859302044,-0.0355820469558239,0.0,0.10972573847011,changed,1
10,-63.80284305458902,-12.814467527964975,2016-01-19,0.0,-0.005139539949595928,0.0,0.027161750942468643,0.12893004715442657,-0.10277395695447922,0.013306344859302044,-0.0355820469558239,0.0,0.08833178651801715,changed,1
10,-63.80284305458902,-12.814467527964975,2016-01-25,0.19212250411510468,-0.018578050658106804,0.0,0.0,0.2391476035118103,-0.03233566880226135,-0.00611881772056222,-0.000796785403508693,0.0,0.20393221079085444,changed,1
10,-63.80284305458902,-12.814467527964975,2016-01-31,0.0,-0.018578050658106804,0.0,0.0,0.2391476035118103,-0.03233566880226135,-0.00611881772056222,-0.000796785403508693,0.0,0.20101025590683744,changed,1
10,-63.80284305458902,-12.814467527964975,2016-02-06,0.0,-0.018578050658106804,0.0,0.0,0.2391476035118103,-0.03233566880226135,-0.00611881772056222,-0.000796785403508693,0.0,0.1987258064849973,changed,1
10,-63.80284305458902,-12.814467527964975,2016-02-12,0.15788500010967255,-0.018578050658106804,0.0,0.0,0.2391476035118103,-0.03233566880226135,-0.00611881772056222,-0.000796785403508693,0.0,0.19711733022926275,changed,1
10,-63.80284305458902,-12.814467527964975,2016-02-18,0.0,-0.018578050658106804,0.0,0.0,0.2391476035118103,-0.03233566880226135,-0.00611881772056222,-0.000796785403508693,0.0,0.19620229401906916,changed,1
10,-63.80284305458902,-12.814467527964975,2016-02-24,0.0,-0.018578050658106804,0.0,0.0,0.2391476035118103,-0.03233566880226135,-0.00611881772056222,-0.000796785403508693,0.0,0.19597740460354224,changed,1
10,-63.80284305458902,-12.814467527964975,2016-03-01,0.0,-0.018578050658106804,0.0,0.0,0.2391476035118103,-0.03233566880226135,-0.00611881772056222,-0.000796785403508693,0.0,0.1964199460907818,changed,1
10,-63.80284305458902,-12.814467527964975,2016-03-07,0.0,-0.018578050658106804,0.0,0.0,0.2391476035118103,-0.03233566880226135,-0.00611881772056222,-0.000796785403508693,0.0,0.197490010607696,changed,1
10,-63.80284305458902,-12.814467527964975,2016-03-13,0.0,-0.018578050658106804,0.0,0.0,0.2391476035118103,-0.03233566880226135,-0.00611881772056222,-0.000796785403508693,0.0,0.1991334707512052,changed,1
10,-63.80284305458902,-12.814467527964975,2016-03-19,0.0,-0.018578050658106804,0.0,0.0,0.2391476035118103,-0.03233566880226135,-0.00611881772056222,-0.000796785403508693,0.0,0.20128544850783336,changed,1
10,-63.80284305458902,-12.814467527964975,2016-03-25,0.0,-0.018578050658106804,0.0,0.0,0.2391476035118103,-0.03233566880226135,-0.00611881772056222,-0.000796785403508693,0.0,0.20387399063008538,changed,1
10,-63.80284305458902,-12.814467527964975,2016-03-31,0.0,-0.018578050658106804,0.0,0.0,0.2391476035118103,-0.03233566880226135,-0.00611881772056222,-0.000796785403508693,0.0,0.20682372849234015,changed,1
10,-63.80284305458902,-12.814467527964975,2016-04-06,0.07247000187635422,-0.018578050658106804,0.0,0.0,0.2391476035118103,-0.03233566880226135,-0.00611881772056222,-0.000796785403508693,0.0,0.21005925664338715,changed,1
10,-63.80284305458902,-12.814467527964975,2016-04-12,0.0,-0.018578050658106804,0.0,0.0,0.2391476035118103,-0.03233566880226135,-0.00611881772056222,-0.000796785403508693,0.0,0.21350804680343619,changed,1
10,-63.80284305458902,-12.814467527964975,2016-04-18,0.0,-0.018578050658106804,0.0,0.0,0.2391476035118103,-0.03233566880226135,-0.00611881772056222,-0.000796785403508693,0.0,0.21710275906650084,changed,1
10,-63.80284305458902,-12.814467527964975,2016-04-24,0.0,-0.018578050658106804,0.0,0.0,0.2391476035118103,-0.03233566880226135,-0.00611881772056222,-0.000796785403508693,0.0,0.2207828376117853,changed,1
10,-63.80284305458902,-12.814467527964975,2016-04-30,0.0,-0.018578050658106804,0.0,0.0,0.2391476035118103,-0.03233566880226135,-0.00611881772056222,-0.000796785403508693,0.0,0.22449541439684362,changed,1
10,-63.80284305458902,-12.814467527964975,2016-05-06,0.0,-0.018578050658106804,0.0,0.0,0.2391476035118103,-0.03233566880226135,-0.00611881772056222,-0.000796785403508693,0.0,0.2281955472824001,changed,1
10,-63.80284305458902,-12.814467527964975,2016-05-12,0.0,-0.018578050658106804,0.0,0.0,0.2391476035118103,-0.03233566880226135,-0.00611881772056222,-0.000796785403508693,0.0,0.23184587363362325,changed,1
10,-63.80284305458902,-12.814467527964975,2016-05-18,0.0,-0.018578050658106804,0.0,0.0,0.2391476035118103,-0.03233566880226135,-0.00611881772056222,-0.000796785403508693,0.0,0.23541586393040317,changed,1
10,-63.80284305458902,-12.814467527964975,2016-05-24,0.0,-0.018578050658106804,0.0,0.0,0.2391476035118103,-0.03233566880226135,-0.00611881772056222,-0.000796785403508693,0.0,0.23888077568398872,changed,1
10,-63.80284305458902,-12.814467527964975,2016-05-30,0.0,-0.018578050658106804,0.0,0.0,0.2391476035118103,-0.03233566880226135,-0.00611881772056222,-0.000796785403508693,0.0,0.24222051507489867,changed,1
10,-63.80284305458902,-12.814467527964975,2016-06-05,0.0,-0.018578050658106804,0.0,0.0,0.2391476035118103,-0.03233566880226135,-0.00611881772056222,-0.000796785403508693,0.0,0.2454185480690791,changed,1
10,-63.80284305458902,-12.814467527964975,2016-06-11,0.0,-0.018578050658106804,0.0,0.0,0.2391476035118103,-0.03233566880226135,-0.00611881772056222,-0.000796785403508693,0.0,0.24846096804077694,changed,1
10,-63.80284305458902,-12.814467527964975,2016-06-17,0.2645300030708313,-0.018578050658106804,0.0,0.0,0.2391476035118103,-0.03233566880226135,-0.00611881772056222,-0.000796785403508693,0.0,0.2513358325359546,changed,1
10,-63.80284305458902,-12.814467527964975,2016-06-23,0.0,-0.018578050658106804,0.0,0.0,0.2391476035118103,-0.03233566880226135,-0.00611881772056222,-0.000796785403508693,0.0,0.2540327809484811,changed,1
10,-63.80284305458902,-12.814467527964975,2016-06-29,0.26527249813079834,-0.018578050658106804,0.0,0.0,0.2391476035118103,-0.03233566880226135,-0.00611881772056222,-0.000796785403508693,0.0,0.2565429466589131,changed,1
10,-63.80284305458902,-12.814467527964975,2016-07-05,0.2728075087070465,-0.018578050658106804,0.0,0.0,0.2391476035118103,-0.03233566880226135,-0.00611881772056222,-0.000796785403508693,0.0,0.258859096208403,changed,1
10,-63.80284305458902,-12.814467527964975,2016-07-11,0.0,-0.018578050658106804,0.0,0.0,0.2391476035118103,-0.03233566880226135,-0.00611881772056222,-0.000796785403508693,0.0,0.26097591991939545,changed,1
10,-63.80284305458902,-12.814467527964975,2016-07-17,0.0,-0.018578050658106804,0.0,0.0,0.2391476035118103,-0.03233566880226135,-0.00611881772056222,-0.000796785403508693,0.0,0.2628903545683655,changed,1
10,-63.80284305458902,-12.814467527964975,2016-07-23,0.28534749150276184,-0.018578050658106804,0.0,0.0,0.2391476035118103,-0.03233566880226135,-0.00611881772056222,-0.000796785403508693,0.0,0.26460182749831446,changed,1
10,-63.80284305458902,-12.814467527964975,2016-07-29,0.0,-0.018578050658106804,0.0,0.0,0.2391476035118103,-0.03233566880226135,-0.00611881772056222,-0.000796785403508693,0.0,0.26611231163498156,changed,1
10,-63.80284305458902,-12.814467527964975,2016-08-04,0.3000600039958954,-0.018578050658106804,0.0,0.0,0.2391476035118103,-0.03233566880226135,-0.00611881772056222,-0.000796785403508693,0.0,0.26742610253037563,changed,1
10,-63.80284305458902,-12.814467527964975,2016-08-10,0.0,-0.018578050658106804,0.0,0.0,0.2391476035118103,-0.03233566880226135,-0.00611881772056222,-0.000796785403508693,0.0,0.2685492655088973,changed,1
10,-63.80284305458902,-12.814467527964975,2016-08-16,0.0,-0.018578050658106804,0.0,0.0,0.2391476035118103,-0.03233566880226135,-0.00611881772056222,-0.000796785403508693,0.0,0.2694887664658651,changed,1
10,-63.80284305458902,-12.814467527964975,2016-08-22,0.0,-0.018578050658106804,0.0,0.0,0.2391476035118103,-0.03233566880226135,-0.00611881772056222,-0.000796785403508693,0.0,0.2702512781585951,changed,1
10,-63.80284305458902,-12.814467527964975,2016-08-28,0.35222750902175903,-0.018578050658106804,0.0,0.0,0.2391476035118103,-0.03233566880226135,-0.00611881772056222,-0.000796785403508693,0.0,0.27084182113205924,changed,1
10,-63.80284305458902,-12.814467527964975,2016-09-03,0.0,-0.018578050658106804,0.0,0.0,0.2391476035118103,-0.03233566880226135,-0.00611881772056222,-0.000796785403508693,0.0,0.271262296477378,changed,1
10,-63.80284305458902,-12.814467527964975,2016-09-09,0.0,-0.018578050658106804,0.0,0.0,0.2391476035118103,-0.03233566880226135,-0.00611881772056222,-0.000796785403508693,0.0,0.27151010865436254,changed,1
10,-63.80284305458902,-12.814467527964975,2016-09-15,0.0,-0.018578050658106804,0.0,0.0,0.2391476035118103,-0.03233566880226135,-0.00611881772056222,-0.000796785403508693,0.0,0.27157704482151096,changed,1
10,-63.80284305458902,-12.814467527964975,2016-09-21,0.20348000526428223,-0.018578050658106804,0.0,0.0,0.2391476035118103,-0.03233566880226135,-0.00611881772056222,-0.000796785403508693,0.0,0.271448534224915,changed,1
10,-63.80284305458902,-12.814467527964975,2016-09-27,0.0,-0.018578050658106804,0.0,0.0,0.2391476035118103,-0.03233566880226135,-0.00611881772056222,-0.000796785403508693,0.0,0.27110348961920233,changed,1
10,-63.80284305458902,-12.814467527964975,2016-10-03,0.24879999458789825,-0.018578050658106804,0.0,0.0,0.2391476035118103,-0.03233566880226135,-0.00611881772056222,-0.000796785403508693,0.0,0.2705147864349483,changed,1
10,-63.80284305458902,-12.814467527964975,2016-10-09,0.0,-0.018578050658106804,0.0,0.0,0.2391476035118103,-0.03233566880226135,-0.00611881772056222,-0.000796785403508693,0.0,0.2696504339643143,changed,1
10,-63.80284305458902,-12.814467527964975,2016-10-15,0.0,-0.018578050658106804,0.0,0.0,0.2391476035118103,-0.03233566880226135,-0.00611881772056222,-0.000796785403508693,0.0,0.26847545774674836,changed,1
10,-63.80284305458902,-12.814467527964975,2016-10-21,0.0,-0.018578050658106804,0.0,0.0,0.2391476035118103,-0.03233566880226135,-0.00611881772056222,-0.000796785403508693,0.0,0.2669543822578009,changed,1
10,-63.80284305458902,-12.814467527964975,2016-10-27,0.0,-0.018578050658106804,0.0,0.0,0.2391476035118103,-0.03233566880226135,-0.00611881772056222,-0.000796785403508693,0.0,0.26505418991893503,changed,1
10,-63.80284305458902,-12.814467527964975,2016-11-02,0.0,-0.018578050658106804,0.0,0.0,0.2391476035118103,-0.03233566880226135,-0.00611881772056222,-0.000796785403508693,0.0,0.26274756750105244,changed,1
10,-63.80284305458902,-12.814467527964975,2016-11-08,0.0,-0.018578050658106804,0.0,0.0,0.2391476035118103,-0.03233566880226135,-0.00611881772056222,-0.000796785403508693,0.0,0.2600161789834681,changed,1
10,-63.80284305458902,-12.814467527964975,2016-11-14,0.0,-0.018578050658106804,0.0,0.0,0.2391476035118103,-0.03233566880226135,-0.00611881772056222,-0.000796785403508693,0.0,0.25685376296156537,changed,1
10,-63.80284305458902,-12.814467527964975,2016-11-20,0.0,-0.018578050658106804,0.0,0.0,0.2391476035118103,-0.03233566880226135,-0.00611881772056222,-0.000796785403508693,0.0,0.2532687418911,changed,1
10,-63.80284305458902,-12.814467527964975,2016-11-26,0.0,-0.018578050658106804,0.0,0.0,0.2391476035118103,-0.03233566880226135,-0.00611881772056222,-0.000796785403508693,0.0,0.24928612608329168,changed,1
10,-63.80284305458902,-12.814467527964975,2016-12-02,0.0,-0.018578050658106804,0.0,0.0,0.2391476035118103,-0.03233566880226135,-0.00611881772056222,-0.000796785403508693,0.0,0.24494854556878962,changed,1
10,-63.80284305458902,-12.814467527964975,2016-12-08,0.0,-0.018578050658106804,0.0,0.0,0.2391476035118103,-0.03233566880226135,-0.00611881772056222,-0.000796785403508693,0.0,0.24031623167473837,changed,1
10,-63.80284305458902,-12.814467527964975,2016-12-14,0.0,-0.018578050658106804,0.0,0.0,0.2391476035118103,-0.03233566880226135,-0.00611881772056222,-0.000796785403508693,0.0,0.23546592306356506,changed,1
10,-63.80284305458902,-12.814467527964975,2016-12-20,0.0,-0.018578050658106804,0.0,0.0,0.2391476035118103,-0.03233566880226135,-0.00611881772056222,-0.000796785403508693,0.0,0.2304886799311731,changed,1
10,-63.80284305458902,-12.814467527964975,2016-12-26,0.0,-0.018578050658106804,0.0,0.0,0.2391476035118103,-0.03233566880226135,-0.00611881772056222,-0.000796785403508693,0.0,0.22548673534001284,changed,1
10,-63.80284305458902,-12.814467527964975,2017-01-01,0.0,-0.018578050658106804,0.0,0.0,0.2391476035118103,-0.03233566880226135,-0.00611881772056222,-0.000796785403508693,0.0,0.2205695528537476,changed,1
10,-63.80284305458902,-12.814467527964975,2017-01-07,0.0,-0.018578050658106804,0.0,0.0,0.2391476035118103,-0.03233566880226135,-0.00611881772056222,-0.000796785403508693,0.0,0.21583674258633273,changed,1
10,-63.80284305458902,-12.814467527964975,2017-01-13,0.0,-0.018578050658106804,0.0,0.0,0.2391476035118103,-0.03233566880226135,-0.00611881772056222,-0.000796785403508693,0.0,0.21141292430048142,changed,1
10,-63.80284305458902,-12.814467527964975,2017-01-19,0.0,-0.018578050658106804,0.0,0.0,0.2391476035118103,-0.03233566880226135,-0.00611881772056222,-0.000796785403508693,0.0,0.20740212979587758,changed,1
10,-63.80284305458902,-12.814467527964975,2017-01-25,0.0,-0.018578050658106804,0.0,0.0,0.2391476035118103,-0.03233566880226135,-0.00611881772056222,-0.000796785403508693,0.0,0.2038969280985896,changed,1
10,-63.80284305458902,-12.814467527964975,2017-01-31,0.0,-0.018578050658106804,0.0,0.0,0.2391476035118103,-0.03233566880226135,-0.00611881772056222,-0.000796785403508693,0.0,0.20097454435070805,changed,1
10,-63.80284305458902,-12.814467527964975,2017-02-06,0.0,-0.018578050658106804,0.0,0.0,0.2391476035118103,-0.03233566880226135,-0.00611881772056222,-0.000796785403508693,0.0,0.19869382377602607,changed,1
10,-63.80284305458902,-12.814467527964975,2017-02-12,0.0,-0.018578050658106804,0.0,0.0,0.2391476035118103,-0.03233566880226135,-0.00611881772056222,-0.000796785403508693,0.0,0.1970932394367592,changed,1
10,-63.80284305458902,-12.814467527964975,2017-02-18,0.0,-0.018578050658106804,0.0,0.0,0.2391476035118103,-0.03233566880226135,-0.00611881772056222,-0.000796785403508693,0.0,0.1961900163911609,changed,1
10,-63.80284305458902,-12.814467527964975,2017-02-24,0.0,-0.018578050658106804,0.0,0.0,0.2391476035118103,-0.03233566880226135,-0.00611881772056222,-0.000796785403508693,0.0,0.19598042357610887,changed,1
10,-63.80284305458902,-12.814467527964975,2017-03-02,0.0,-0.018578050658106804,0.0,0.0,0.2391476035118103,-0.03233566880226135,-0.00611881772056222,-0.000796785403508693,0.0,0.196441121358078,changed,1
10,-63.80284305458902,-12.814467527964975,2017-03-08,0.0,-0.018578050658106804,0.0,0.0,0.2391476035118103,-0.03233566880226135,-0.00611881772056222,-0.000796785403508693,0.0,0.19753146075707623,changed,1
10,-63.80284305458902,-12.814467527964975,2017-03-14,0.0,-0.018578050658106804,0.0,0.0,0.2391476035118103,-0.03233566880226135,-0.00611881772056222,-0.000796785403508693,0.0,0.19919651498563748,changed,1
10,-63.80284305458902,-12.814467527964975,2017-03-20,0.0,-0.018578050658106804,0.0,0.0,0.2391476035118103,-0.03233566880226135,-0.00611881772056222,-0.000796785403508693,0.0,0.20137058667593308,changed,1
10,-63.80284305458902,-12.814467527964975,2017-03-26,0.0,-0.018578050658106804,0.0,0.0,0.2391476035118103,-0.03233566880226135,-0.00611881772056222,-0.000796785403508693,0.0,0.20398095684756923,changed,1
10,-63.80284305458902,-12.814467527964975,2017-04-01,0.0,-0.018578050658106804,0.0,0.0,0.2391476035118103,-0.03233566880226135,-0.00611881772056222,-0.000796785403508693,0.0,0.2069515740386951,changed,1
10,-63.80284305458902,-12.814467527964975,2017-04-07,0.0,-0.018578050658106804,0.0,0.0,0.2391476035118103,-0.03233566880226135,-0.00611881772056222,-0.000796785403508693,0.0,0.21020647814617682,changed,1
10,-63.80284305458902,-12.814467527964975,2017-04-13,0.0,-0.018578050658106804,0.0,0.0,0.2391476035118103,-0.03233566880226135,-0.00611881772056222,-0.000796785403508693,0.0,0.21367272909706306,changed,1
10,-63.80284305458902,-12.814467527964975,2017-04-19,0.0,-0.018578050658106804,0.0,0.0,0.2391476035118103,-0.03233566880226135,-0.00611881772056222,-0.000796785403508693,0.0,0.2172827064450917,changed,1
10,-63.80284305458902,-12.814467527964975,2017-04-25,0.0,-0.018578050658106804,0.0,0.0,0.2391476035118103,-0.03233566880226135,-0.00611881772056222,-0.000796785403508693,0.0,0.2209757153129415,changed,1
10,-63.80284305458902,-12.814467527964975,2017-05-01,0.0,-0.018578050658106804,0.0,0.0,0.2391476035118103,-0.03233566880226135,-0.00611881772056222,-0.000796785403508693,0.0,0.22469885585316862,changed,1
10,-63.80284305458902,-12.814467527964975,2017-05-07,0.0,-0.018578050658106804,0.0,0.0,0.2391476035118103,-0.03233566880226135,-0.00611881772056222,-0.000796785403508693,0.0,0.22840723601092577,changed,1
10,-63.80284305458902,-12.814467527964975,2017-05-13,0.0,-0.018578050658106804,0.0,0.0,0.2391476035118103,-0.03233566880226135,-0.00611881772056222,-0.000796785403508693,0.0,0.2320636005180972,changed,1
10,-63.80284305458902,-12.814467527964975,2017-05-19,0.0,-0.018578050658106804,0.0,0.0,0.2391476035118103,-0.03233566880226135,-0.00611881772056222,-0.000796785403508693,0.0,0.2356375336199211,changed,1
10,-63.80284305458902,-12.814467527964975,2017-05-25,0.0,-0.018578050658106804,0.0,0.0,0.2391476035118103,-0.03233566880226135,-0.00611881772056222,-0.000796785403508693,0.0,0.23910441529095616,changed,1
10,-63.80284305458902,-12.814467527964975,2017-05-31,0.12078750133514404,-0.018578050658106804,0.0,0.0,0.2391476035118103,-0.03233566880226135,-0.00611881772056222,-0.000796785403508693,0.0,0.2424442486589304,changed,1
10,-63.80284305458902,-12.814467527964975,2017-06-06,0.22064000368118286,-0.018578050658106804,0.0,0.0,0.2391476035118103,-0.03233566880226135,-0.00611881772056222,-0.000796785403508693,0.0,0.24564056638441653,changed,1
10,-63.80284305458902,-12.814467527964975,2017-06-12,0.24360249936580658,-0.018578050658106804,0.0,0.0,0.2391476035118103,-0.03233566880226135,-0.00611881772056222,-0.000796785403508693,0.0,0.24867950369345104,changed,1
10,-63.80284305458902,-12.814467527964975,2017-06-18,0.0,-0.018578050658106804,0.0,0.0,0.2391476035118103,-0.03233566880226135,-0.00611881772056222,-0.000796785403508693,0.0,0.25154914426906516,changed,1
10,-63.80284305458902,-12.814467527964975,2017-06-24,0.0,-0.018578050658106804,0.0,0.0,0.2391476035118103,-0.03233566880226135,-0.00611881772056222,-0.000796785403508693,0.0,0.2542391558178664,changed,1
10,-63.80284305458902,-12.814467527964975,2017-06-30,0.2624950110912323,-0.018578050658106804,0.0,0.0,0.2391476035118103,-0.03233566880226135,-0.00611881772056222,-0.000796785403508693,0.0,0.256740718335868,changed,1
10,-63.80284305458902,-12.814467527964975,2017-07-06,0.2610374987125397,-0.018578050658106804,0.0,0.0,0.2391476035118103,-0.03233566880226135,-0.00611881772056222,-0.000796785403508693,0.0,0.2590466854869266,changed,1
10,-63.80284305458902,-12.814467527964975,2017-07-12,0.0,-0.018578050658106804,0.0,0.0,0.2391476035118103,-0.03233566880226135,-0.00611881772056222,-0.000796785403508693,0.0,0.2611518806145199,changed,1
10,-63.80284305458902,-12.814467527964975,2017-07-18,0.2692599892616272,-0.018578050658106804,0.0,0.0,0.2391476035118103,-0.03233566880226135,-0.00611881772056222,-0.000796785403508693,0.0,0.26305342413722116,changed,1
10,-63.80284305458902,-12.814467527964975,2017-07-24,0.26969999074935913,-0.018578050658106804,0.0,0.0,0.2391476035118103,-0.03233566880226135,-0.00611881772056222,-0.000796785403508693,0.0,0.2647509700909296,changed,1
10,-63.80284305458902,-12.814467527964975,2017-07-30,0.2799299955368042,-0.018578050658106804,0.0,0.0,0.2391476035118103,-0.03233566880226135,-0.00611881772056222,-0.000796785403508693,0.0,0.26624673304052127,changed,1
10,-63.80284305458902,-12.814467527964975,2017-08-05,0.0,-0.018578050658106804,0.0,0.0,0.2391476035118103,-0.03233566880226135,-0.00611881772056222,-0.000796785403508693,0.0,0.267545244674851,changed,1
10,-63.80284305458902,-12.814467527964975,2017-08-11,0.2795175015926361,-0.018578050658106804,0.0,0.0,0.2391476035118103,-0.03233566880226135,-0.00611881772056222,-0.000796785403508693,0.0,0.2686527512737333,changed,1
10,-63.80284305458902,-12.814467527964975,2017-08-17,0.0,-0.018578050658106804,0.0,0.0,0.2391476035118103,-0.03233566880226135,-0.00611881772056222,-0.000796785403508693,0.0,0.2695763010713753,changed,1
10,-63.80284305458902,-12.814467527964975,2017-08-23,0.2817175090312958,-0.018578050658106804,0.0,0.0,0.2391476035118103,-0.03233566880226135,-0.00611881772056222,-0.000796785403508693,0.0,0.2703225183266695,changed,1
10,-63.80284305458902,-12.814467527964975,2017-08-29,0.0,-0.018578050658106804,0.0,0.0,0.2391476035118103,-0.03233566880226135,-0.00611881772056222,-0.000796785403508693,0.0,0.27089620157116,changed,1
10,-63.80284305458902,-12.814467527964975,2017-09-04,0.0,-0.018578050658106804,0.0,0.0,0.2391476035118103,-0.03233566880226135,-0.00611881772056222,-0.000796785403508693,0.0,0.2712988409285579,changed,1
10,-63.80284305458902,-12.814467527964975,2017-09-10,0.26318249106407166,-0.018578050658106804,0.0,0.0,0.2391476035118103,-0.03233566880226135,-0.00611881772056222,-0.000796785403508693,0.0,0.27152723744767054,changed,1
10,-63.80284305458902,-12.814467527964975,2017-09-16,0.0,-0.018578050658106804,0.0,0.0,0.2391476035118103,-0.03233566880226135,-0.00611881772056222,-0.000796785403508693,0.0,0.2715724115570855,changed,1
10,-63.80284305458902,-12.814467527964975,2017-09-22,0.0,-0.018578050658106804,0.0,0.0,0.2391476035118103,-0.03233566880226135,-0.00611881772056222,-0.000796785403508693,0.0,0.27141890155268283,changed,1
10,-63.80284305458902,-12.814467527964975,2017-09-28,0.2619450092315674,-0.018578050658106804,0.0,0.0,0.2391476035118103,-0.03233566880226135,-0.00611881772056222,-0.000796785403508693,0.0,0.27104468676589416,changed,1
10,-63.80284305458902,-12.814467527964975,2017-10-04,0.290847510099411,-0.018578050658106804,0.0,0.0,0.2391476035118103,-0.03233566880226135,-0.00611881772056222,-0.000796785403508693,0.0,0.27042173707353745,changed,1
10,-63.80284305458902,-12.814467527964975,2017-10-10,0.2682974934577942,-0.018578050658106804,0.0,0.0,0.2391476035118103,-0.03233566880226135,-0.00611881772056222,-0.000796785403508693,0.0,0.2695173134807248,changed,1
10,-63.80284305458902,-12.814467527964975,2017-10-16,0.0,-0.018578050658106804,0.0,0.0,0.2391476035118103,-0.03233566880226135,-0.00611881772056222,-0.000796785403508693,0.0,0.26829593917088373,changed,1
10,-63.80284305458902,-12.814467527964975,2017-10-22,0.2771250009536743,-0.018578050658106804,0.0,0.0,0.2391476035118103,-0.03233566880226135,-0.00611881772056222,-0.000796785403508693,0.0,0.26672199232013527,changed,1
10,-63.80284305458902,-12.814467527964975,2017-10-28,0.0,-0.018578050658106804,0.0,0.0,0.2391476035118103,-0.03233566880226135,-0.00611881772056222,-0.000796785403508693,0.0,0.26476275766982627,changed,1
10,-63.80284305458902,-12.814467527964975,2017-11-03,0.2701125144958496,-0.018578050658106804,0.0,0.0,0.2391476035118103,-0.03233566880226135,-0.00611881772056222,-0.000796785403508693,0.0,0.26239173358499224,changed,1
10,-63.80284305458902,-12.814467527964975,2017-11-09,0.0,-0.018578050658106804,0.0,0.0,0.2391476035118103,-0.03233566880226135,-0.00611881772056222,-0.000796785403508693,0.0,0.2595919456069914,changed,1
10,-63.80284305458902,-12.814467527964975,2017-11-15,0.0,-0.018578050658106804,0.0,0.0,0.2391476035118103,-0.03233566880226135,-0.00611881772056222,-0.000796785403508693,0.0,0.2563590226905621,changed,1
10,-63.80284305458902,-12.814467527964975,2017-11-21,0.26409000158309937,-0.018578050658106804,0.0,0.0,0.2391476035118103,-0.03233566880226135,-0.00611881772056222,-0.000796785403508693,0.0,0.25270376248538357,changed,1
10,-63.80284305458902,-12.814467527964975,2017-11-27,0.0,-0.018578050658106804,0.0,0.0,0.2391476035118103,-0.03233566880226135,-0.00611881772056222,-0.000796785403508693,0.0,0.24865395058431566,changed,1
10,-63.80284305458902,-12.814467527964975,2017-12-03,0.0,-0.018578050658106804,0.0,0.0,0.2391476035118103,-0.03233566880226135,-0.00611881772056222,-0.000796785403508693,0.0,0.24425524029083887,changed,1
10,-63.80284305458902,-12.814467527964975,2017-12-09,0.0,-0.018578050658106804,0.0,0.0,0.2391476035118103,-0.03233566880226135,-0.00611881772056222,-0.000796785403508693,0.0,0.2395709927176444,changed,1
10,-63.80284305458902,-12.814467527964975,2017-12-15,0.0,-0.018578050658106804,0.0,0.0,0.2391476035118103,-0.03233566880226135,-0.00611881772056222,-0.000796785403508693,0.0,0.2346809768690353,changed,1
10,-63.80284305458902,-12.814467527964975,2017-12-21,0.0,-0.018578050658106804,0.0,0.0,0.2391476035118103,-0.03233566880226135,-0.00611881772056222,-0.000796785403508693,0.0,0.2296790131831718,changed,1
10,-63.80284305458902,-12.814467527964975,2017-12-27,0.0,-0.018578050658106804,0.0,0.0,0.2391476035118103,-0.03233566880226135,-0.00611881772056222,-0.000796785403508693,0.0,0.22466962774184296,changed,1
10,-63.80284305458902,-12.814467527964975,2018-01-02,0.0,-0.018578050658106804,0.0,0.0,0.2391476035118103,-0.03233566880226135,-0.00611881772056222,-0.000796785403508693,0.0,0.21976395096120768,changed,1
10,-63.80284305458902,-12.814467527964975,2018-01-07,0.0,-0.018578050658106804,0.0,0.0,0.2391476035118103,-0.03233566880226135,-0.00611881772056222,-0.000796785403508693,0.0,0.21583674258633273,changed,1
10,-63.80284305458902,-12.814467527964975,2018-01-13,0.0,-0.018578050658106804,0.0,0.0,0.2391476035118103,-0.03233566880226135,-0.00611881772056222,-0.000796785403508693,0.0,0.21141292430048142,changed,1
10,-63.80284305458902,-12.814467527964975,2018-01-19,0.0,-0.018578050658106804,0.0,0.0,0.2391476035118103,-0.03233566880226135,-0.00611881772056222,-0.000796785403508693,0.0,0.20740212979587758,changed,1
10,-63.80284305458902,-12.814467527964975,2018-01-25,0.0,-0.018578050658106804,0.0,0.0,0.2391476035118103,-0.03233566880226135,-0.00611881772056222,-0.000796785403508693,0.0,0.2038969280985896,changed,1
10,-63.80284305458902,-12.814467527964975,2018-01-31,0.0,-0.018578050658106804,0.0,0.0,0.2391476035118103,-0.03233566880226135,-0.00611881772056222,-0.000796785403508693,0.0,0.20097454435070805,changed,1
10,-63.80284305458902,-12.814467527964975,2018-02-06,0.0,-0.018578050658106804,0.0,0.0,0.2391476035118103,-0.03233566880226135,-0.00611881772056222,-0.000796785403508693,0.0,0.19869382377602607,changed,1
10,-63.80284305458902,-12.814467527964975,2018-02-12,0.08105000108480453,-0.018578050658106804,0.0,0.0,0.2391476035118103,-0.03233566880226135,-0.00611881772056222,-0.000796785403508693,0.0,0.1970932394367592,changed,1
10,-63.80284305458902,-12.814467527964975,2018-02-18,0.0,-0.018578050658106804,0.0,0.0,0.2391476035118103,-0.03233566880226135,-0.00611881772056222,-0.000796785403508693,0.0,0.1961900163911609,changed,1
10,-63.80284305458902,-12.814467527964975,2018-02-24,0.0,-0.018578050658106804,0.0,0.0,0.2391476035118103,-0.03233566880226135,-0.00611881772056222,-0.000796785403508693,0.0,0.19598042357610887,changed,1
10,-63.80284305458902,-12.814467527964975,2018-03-02,0.0,-0.018578050658106804,0.0,0.0,0.2391476035118103,-0.03233566880226135,-0.00611881772056222,-0.000796785403508693,0.0,0.196441121358078,changed,1
10,-63.80284305458902,-12.814467527964975,2018-03-08,0.0,-0.018578050658106804,0.0,0.0,0.2391476035118103,-0.03233566880226135,-0.00611881772056222,-0.000796785403508693,0.0,0.19753146075707623,changed,1
10,-63.80284305458902,-12.814467527964975,2018-03-14,0.0,-0.018578050658106804,0.0,0.0,0.2391476035118103,-0.03233566880226135,-0.00611881772056222,-0.000796785403508693,0.0,0.19919651498563748,changed,1
10,-63.80284305458902,-12.814467527964975,2018-03-20,0.030944999307394028,-0.018578050658106804,0.0,0.0,0.2391476035118103,-0.03233566880226135,-0.00611881772056222,-0.000796785403508693,0.0,0.20137058667593308,changed,1
10,-63.80284305458902,-12.814467527964975,2018-03-26,0.0,-0.018578050658106804,0.0,0.0,0.2391476035118103,-0.03233566880226135,-0.00611881772056222,-0.000796785403508693,0.0,0.20398095684756923,changed,1
10,-63.80284305458902,-12.814467527964975,2018-04-01,0.0,-0.018578050658106804,0.0,0.0,0.2391476035118103,-0.03233566880226135,-0.00611881772056222,-0.000796785403508693,0.0,0.2069515740386951,changed,1
10,-63.80284305458902,-12.814467527964975,2018-04-07,0.0,-0.018578050658106804,0.0,0.0,0.2391476035118103,-0.03233566880226135,-0.00611881772056222,-0.000796785403508693,0.0,0.21020647814617682,changed,1
10,-63.80284305458902,-12.814467527964975,2018-04-13,0.0,-0.018578050658106804,0.0,0.0,0.2391476035118103,-0.03233566880226135,-0.00611881772056222,-0.000796785403508693,0.0,0.21367272909706306,changed,1
10,-63.80284305458902,-12.814467527964975,2018-04-19,0.0,-0.018578050658106804,0.0,0.0,0.2391476035118103,-0.03233566880226135,-0.00611881772056222,-0.000796785403508693,0.0,0.2172827064450917,changed,1
10,-63.80284305458902,-12.814467527964975,2018-04-25,0.05982000008225441,-0.018578050658106804,0.0,0.0,0.2391476035118103,-0.03233566880226135,-0.00611881772056222,-0.000796785403508693,0.0,0.2209757153129415,changed,1
10,-63.80284305458902,-12.814467527964975,2018-05-01,0.06474249809980392,-0.018578050658106804,0.0,0.0,0.2391476035118103,-0.03233566880226135,-0.00611881772056222,-0.000796785403508693,0.0,0.22469885585316862,changed,1
10,-63.80284305458902,-12.814467527964975,2018-05-07,0.0,-0.018578050658106804,0.0,0.0,0.2391476035118103,-0.03233566880226135,-0.00611881772056222,-0.000796785403508693,0.0,0.22840723601092577,changed,1
10,-63.80284305458902,-12.814467527964975,2018-05-13,0.0,-0.018578050658106804,0.0,0.0,0.2391476035118103,-0.03233566880226135,-0.00611881772056222,-0.000796785403508693,0.0,0.2320636005180972,changed,1
10,-63.80284305458902,-12.814467527964975,2018-05-19,0.08943749964237213,-0.018578050658106804,0.0,0.0,0.2391476035118103,-0.03233566880226135,-0.00611881772056222,-0.000796785403508693,0.0,0.2356375336199211,changed,1
10,-63.80284305458902,-12.814467527964975,2018-05-25,0.0819299966096878,-0.018578050658106804,0.0,0.0,0.2391476035118103,-0.03233566880226135,-0.00611881772056222,-0.000796785403508693,0.0,0.23910441529095616,changed,1
10,-63.80284305458902,-12.814467527964975,2018-05-31,0.09661500155925751,-0.018578050658106804,0.0,0.0,0.2391476035118103,-0.03233566880226135,-0.00611881772056222,-0.000796785403508693,0.0,0.2424442486589304,changed,1
10,-63.80284305458902,-12.814467527964975,2018-06-06,0.0,-0.018578050658106804,0.0,0.0,0.2391476035118103,-0.03233566880226135,-0.00611881772056222,-0.000796785403508693,0.0,0.24564056638441653,changed,1
10,-63.80284305458902,-12.814467527964975,2018-06-12,0.0,-0.018578050658106804,0.0,0.0,0.2391476035118103,-0.03233566880226135,-0.00611881772056222,-0.000796785403508693,0.0,0.24867950369345104,changed,1
10,-63.80284305458902,-12.814467527964975,2018-06-18,0.0,-0.018578050658106804,0.0,0.0,0.2391476035118103,-0.03233566880226135,-0.00611881772056222,-0.000796785403508693,0.0,0.25154914426906516,changed,1
10,-63.80284305458902,-12.814467527964975,2018-06-24,0.08349750190973282,-0.018578050658106804,0.0,0.0,0.2391476035118103,-0.03233566880226135,-0.00611881772056222,-0.000796785403508693,0.0,0.2542391558178664,changed,1
10,-63.80284305458902,-12.814467527964975,2018-06-30,0.0,-0.018578050658106804,0.0,0.0,0.2391476035118103,-0.03233566880226135,-0.00611881772056222,-0.000796785403508693,0.0,0.256740718335868,changed,1
10,-63.80284305458902,-12.814467527964975,2018-07-06,0.09977749735116959,-0.018578050658106804,0.0,0.0,0.2391476035118103,-0.03233566880226135,-0.00611881772056222,-0.000796785403508693,0.0,0.2590466854869266,changed,1
10,-63.80284305458902,-12.814467527964975,2018-07-12,0.1959175020456314,-0.018578050658106804,0.0,0.0,0.2391476035118103,-0.03233566880226135,-0.00611881772056222,-0.000796785403508693,0.0,0.2611518806145199,changed,1
10,-63.80284305458902,-12.814467527964975,2018-07-18,0.27217501401901245,-0.018578050658106804,0.0,0.0,0.2391476035118103,-0.03233566880226135,-0.00611881772056222,-0.000796785403508693,0.0,0.26305342413722116,changed,1
10,-63.80284305458902,-12.814467527964975,2018-07-24,0.0,-0.018578050658106804,0.0,0.0,0.2391476035118103,-0.03233566880226135,-0.00611881772056222,-0.000796785403508693,0.0,0.2647509700909296,changed,1
10,-63.80284305458902,-12.814467527964975,2018-07-30,0.27217501401901245,-0.018578050658106804,0.0,0.0,0.2391476035118103,-0.03233566880226135,-0.00611881772056222,-0.000796785403508693,0.0,0.26624673304052127,changed,1
10,-63.80284305458902,-12.814467527964975,2018-08-05,0.0,-0.018578050658106804,0.0,0.0,0.2391476035118103,-0.03233566880226135,-0.00611881772056222,-0.000796785403508693,0.0,0.267545244674851,changed,1
10,-63.80284305458902,-12.814467527964975,2018-08-11,0.25694000720977783,-0.018578050658106804,0.0,0.0,0.2391476035118103,-0.03233566880226135,-0.00611881772056222,-0.000796785403508693,0.0,0.2686527512737333,changed,1
10,-63.80284305458902,-12.814467527964975,2018-08-17,0.0,-0.018578050658106804,0.0,0.0,0.2391476035118103,-0.03233566880226135,-0.00611881772056222,-0.000796785403508693,0.0,0.2695763010713753,changed,1
10,-63.80284305458902,-12.814467527964975,2018-08-23,0.257874995470047,-0.018578050658106804,0.0,0.0,0.2391476035118103,-0.03233566880226135,-0.00611881772056222,-0.000796785403508693,0.0,0.2703225183266695,changed,1
10,-63.80284305458902,-12.814467527964975,2018-08-29,0.0,-0.018578050658106804,0.0,0.0,0.2391476035118103,-0.03233566880226135,-0.00611881772056222,-0.000796785403508693,0.0,0.27089620157116,changed,1
10,-63.80284305458902,-12.814467527964975,2018-09-04,0.0,-0.018578050658106804,0.0,0.0,0.2391476035118103,-0.03233566880226135,-0.00611881772056222,-0.000796785403508693,0.0,0.2712988409285579,changed,1
10,-63.80284305458902,-12.814467527964975,2018-09-10,0.0,-0.018578050658106804,0.0,0.0,0.2391476035118103,-0.03233566880226135,-0.00611881772056222,-0.000796785403508693,0.0,0.27152723744767054,changed,1
10,-63.80284305458902,-12.814467527964975,2018-09-16,0.0,-0.018578050658106804,0.0,0.0,0.2391476035118103,-0.03233566880226135,-0.00611881772056222,-0.000796785403508693,0.0,0.2715724115570855,changed,1
10,-63.80284305458902,-12.814467527964975,2018-09-22,0.0,-0.018578050658106804,0.0,0.0,0.2391476035118103,-0.03233566880226135,-0.00611881772056222,-0.000796785403508693,0.0,0.27141890155268283,changed,1
10,-63.80284305458902,-12.814467527964975,2018-09-28,0.2624950110912323,-0.018578050658106804,0.0,0.0,0.2391476035118103,-0.03233566880226135,-0.00611881772056222,-0.000796785403508693,0.0,0.27104468676589416,changed,1
10,-63.80284305458902,-12.814467527964975,2018-10-04,0.0,-0.018578050658106804,0.0,0.0,0.2391476035118103,-0.03233566880226135,-0.00611881772056222,-0.000796785403508693,0.0,0.27042173707353745,changed,1
10,-63.80284305458902,-12.814467527964975,2018-10-10,0.0,-0.018578050658106804,0.0,0.0,0.2391476035118103,-0.03233566880226135,-0.00611881772056222,-0.000796785403508693,0.0,0.2695173134807248,changed,1
10,-63.80284305458902,-12.814467527964975,2018-10-16,0.0,-0.018578050658106804,0.0,0.0,0.2391476035118103,-0.03233566880226135,-0.00611881772056222,-0.000796785403508693,0.0,0.26829593917088373,changed,1
10,-63.80284305458902,-12.814467527964975,2018-10-22,0.0,-0.018578050658106804,0.0,0.0,0.2391476035118103,-0.03233566880226135,-0.00611881772056222,-0.000796785403508693,0.0,0.26672199232013527,changed,1
10,-63.80284305458902,-12.814467527964975,2018-10-28,0.0,-0.018578050658106804,0.0,0.0,0.2391476035118103,-0.03233566880226135,-0.00611881772056222,-0.000796785403508693,0.0,0.26476275766982627,changed,1
10,-63.80284305458902,-12.814467527964975,2018-11-03,0.0,-0.018578050658106804,0.0,0.0,0.2391476035118103,-0.03233566880226135,-0.00611881772056222,-0.000796785403508693,0.0,0.26239173358499224,changed,1
10,-63.80284305458902,-12.814467527964975,2018-11-09,0.0,-0.018578050658106804,0.0,0.0,0.2391476035118103,-0.03233566880226135,-0.00611881772056222,-0.000796785403508693,0.0,0.2595919456069914,changed,1
10,-63.80284305458902,-12.814467527964975,2018-11-15,0.0,-0.018578050658106804,0.0,0.0,0.2391476035118103,-0.03233566880226135,-0.00611881772056222,-0.000796785403508693,0.0,0.2563590226905621,changed,1
10,-63.80284305458902,-12.814467527964975,2018-11-21,0.0,-0.018578050658106804,0.0,0.0,0.2391476035118103,-0.03233566880226135,-0.00611881772056222,-0.000796785403508693,0.0,0.25270376248538357,changed,1
10,-63.80284305458902,-12.814467527964975,2018-11-27,0.0,-0.018578050658106804,0.0,0.0,0.2391476035118103,-0.03233566880226135,-0.00611881772056222,-0.000796785403508693,0.0,0.24865395058431566,changed,1
10,-63.80284305458902,-12.814467527964975,2018-12-03,0.0,-0.018578050658106804,0.0,0.0,0.2391476035118103,-0.03233566880226135,-0.00611881772056222,-0.000796785403508693,0.0,0.24425524029083887,changed,1
10,-63.80284305458902,-12.814467527964975,2018-12-09,0.0,-0.018578050658106804,0.0,0.0,0.2391476035118103,-0.03233566880226135,-0.00611881772056222,-0.000796785403508693,0.0,0.2395709927176444,changed,1
10,-63.80284305458902,-12.814467527964975,2018-12-15,0.0,-0.018578050658106804,0.0,0.0,0.2391476035118103,-0.03233566880226135,-0.00611881772056222,-0.000796785403508693,0.0,0.2346809768690353,changed,1
10,-63.80284305458902,-12.814467527964975,2018-12-21,0.0,-0.018578050658106804,0.0,0.0,0.2391476035118103,-0.03233566880226135,-0.00611881772056222,-0.000796785403508693,0.0,0.2296790131831718,changed,1
10,-63.80284305458902,-12.814467527964975,2018-12-27,0.0,-0.018578050658106804,0.0,0.0,0.2391476035118103,-0.03233566880226135,-0.00611881772056222,-0.000796785403508693,0.0,0.22466962774184296,changed,1
10,-63.80284305458902,-12.814467527964975,2019-01-02,0.0,-0.018578050658106804,0.0,0.0,0.2391476035118103,-0.03233566880226135,-0.00611881772056222,-0.000796785403508693,0.0,0.21976395096120768,changed,1
11,-64.61132681029659,-12.994130584788879,2016-01-07,0.0,-0.004888127092272043,-0.0005852621980011463,0.0,0.19161356985569,-0.04502902179956436,0.01189845334738493,0.0003227667766623199,-0.0007492993609048426,0.17939723865296256,changed,1
11,-64.61132681029659,-12.994130584788879,2016-01-13,0.0,-0.004888127092272043,-0.0005852621980011463,0.0,0.19161356985569,-0.04502902179956436,0.01189845334738493,0.0003227667766623199,-0.0007492993609048426,0.17733787865055403,changed,1
11,-64.61132681029659,-12.994130584788879,2016-01-19,0.0,-0.004888127092272043,-0.0005852621980011463,0.0,0.19161356985569,-0.04502902179956436,0.01189845334738493,0.0003227667766623199,-0.0007492993609048426,0.17523043383800452,changed,1
11,-64.61132681029659,-12.994130584788879,2016-01-25,0.1534299999475479,-0.004888127092272043,-0.0005852621980011463,0.0,0.19161356985569,-0.04502902179956436,0.01189845334738493,0.0003227667766623199,-0.0007492993609048426,0.17302167825150538,changed,1
11,-64.61132681029659,-12.994130584788879,2016-01-31,0.0,-0.004888127092272043,-0.0005852621980011463,0.0,0.19161356985569,-0.04502902179956436,0.01189845334738493,0.0003227667766623199,-0.0007492993609048426,0.17067021157082882,changed,1
11,-64.61132681029659,-12.994130584788879,2016-02-06,0.0,-0.004888127092272043,-0.0005852621980011463,0.0,0.19161356985569,-0.04502902179956436,0.01189845334738493,0.0003227667766623199,-0.0007492993609048426,0.16814965182458477,changed,1
11,-64.61132681029659,-12.994130584788879,2016-02-12,0.15133999288082123,-0.004888127092272043,-0.0005852621980011463,0.0,0.19161356985569,-0.04502902179956436,0.01189845334738493,0.0003227667766623199,-0.0007492993609048426,0.16545151879685632,changed,1
11,-64.61132681029659,-12.994130584788879,2016-02-18,0.0,-0.004888127092272043,-0.0005852621980011463,0.0,0.19161356985569,-0.04502902179956436,0.01189845334738493,0.0003227667766623199,-0.0007492993609048426,0.16258621620414385,changed,1
11,-64.61132681029659,-12.994130584788879,2016-02-24,0.0,-0.004888127092272043,-0.0005852621980011463,0.0,0.19161356985569,-0.04502902179956436,0.01189845334738493,0.0003227667766623199,-0.0007492993609048426,0.15958376022035264,changed,1
11,-64.61132681029659,-12.994130584788879,2016-03-01,0.0,-0.004888127092272043,-0.0005852621980011463,0.0,0.19161356985569,-0.04502902179956436,0.01189845334738493,0.0003227667766623199,-0.0007492993609048426,0.15649345449613697,changed,1
11,-64.61132681029659,-12.994130584788879,2016-03-07,0.0,-0.004888127092272043,-0.0005852621980011463,0.0,0.19161356985569,-0.04502902179956436,0.01189845334738493,0.0003227667766623199,-0.0007492993609048426,0.15338169464806772,changed,1
11,-64.61132681029659,-12.994130584788879,2016-03-13,0.1462250053882599,-0.004888127092272043,-0.0005852621980011463,0.0,0.19161356985569,-0.04502902179956436,0.01189845334738493,0.0003227667766623199,-0.0007492993609048426,0.1503296716608633,changed,1
11,-64.61132681029659,-12.994130584788879,2016-03-19,0.0,-0.004888127092272043,-0.0005852621980011463,0.0,0.19161356985569,-0.04502902179956436,0.01189845334738493,0.0003227667766623199,-0.0007492993609048426,0.1474303190435343,changed,1
11,-64.61132681029659,-12.994130584788879,2016-03-25,0.0,-0.004888127092272043,-0.0005852621980011463,0.0,0.19161356985569,-0.04502902179956436,0.01189845334738493,0.0003227667766623199,-0.0007492993609048426,0.14478380125706,changed,1
11,-64.61132681029659,-12.994130584788879,2016-03-31,0.0,-0.004888127092272043,-0.0005852621980011463,0.0,0.19161356985569,-0.04502902179956436,0.01189845334738493,0.0003227667766623199,-0.0007492993609048426,0.14249355148945964,changed,1
11,-64.61132681029659,-12.994130584788879,2016-04-06,0.14493249356746674,-0.004888127092272043,-0.0005852621980011463,0.0,0.19161356985569,-0.04502902179956436,0.01189845334738493,0.0003227667766623199,-0.0007492993609048426,0.14066157037885002,changed,1
11,-64.61132681029659,-12.994130584788879,2016-04-12,0.0,-0.004888127092272043,-0.0005852621980011463,0.0,0.19161356985569,-0.04502902179956436,0.01189845334738493,0.0003227667766623199,-0.0007492993609048426,0.13938430970463817,changed,1
11,-64.61132681029659,-12.994130584788879,2016-04-18,0.0,-0.004888127092272043,-0.0005852621980011463,0.0,0.19161356985569,-0.04502902179956436,0.01189845334738493,0.0003227667766623199,-0.0007492993609048426,0.13874789477823685,changed,1
11,-64.61132681029659,-12.994130584788879,2016-04-24,0.0,-0.004888127092272043,-0.0005852621980011463,0.0,0.19161356985569,-0.04502902179956436,0.01189845334738493,0.0003227667766623199,-0.0007492993609048426,0.13882455522310963,changed,1
11,-64.61132681029659,-12.994130584788879,2016-04-30,0.0,-0.004888127092272043,-0.0005852621980011463,0.0,0.19161356985569,-0.04502902179956436,0.01189845334738493,0.0003227667766623199,-0.0007492993609048426,0.13966964042223529,changed,1
11,-64.61132681029659,-12.994130584788879,2016-05-06,0.0,-0.004888127092272043,-0.0005852621980011463,0.0,0.19161356985569,-0.04502902179956436,0.01189845334738493,0.0003227667766623199,-0.0007492993609048426,0.14131849031584368,changed,1
11,-64.61132681029659,-12.994130584788879,2016-05-12,0.0,-0.004888127092272043,-0.0005852621980011463,0.0,0.19161356985569,-0.04502902179956436,0.01189845334738493,0.0003227667766623199,-0.0007492993609048426,0.14378495145095252,changed,1
11,-64.61132681029659,-12.994130584788879,2016-05-18,0.0,-0.004888127092272043,-0.0005852621980011463,0.0,0.19161356985569,-0.04502902179956436,0.01189845334738493,0.0003227667766623199,-0.0007492993609048426,0.14706017312461522,changed,1
11,-64.61132681029659,-12.994130584788879,2016-05-24,0.0,-0.004888127092272043,-0.0005852621980011463,0.0,0.19161356985569,-0.04502902179956436,0.01189845334738493,0.0003227667766623199,-0.0007492993609048426,0.15111272299891265,changed,1
11,-64.61132681029659,-12.994130584788879,2016-05-30,0.0,-0.004888127092272043,-0.0005852621980011463,0.0,0.19161356985569,-0.04502902179956436,0.01189845334738493,0.0003227667766623199,-0.0007492993609048426,0.1558885800349616,changed,1
11,-64.61132681029659,-12.994130584788879,2016-06-05,0.0,-0.004888127092272043,-0.0005852621980011463,0.0,0.19161356985569,-0.04502902179956436,0.01189845334738493,0.0003227667766623199,-0.0007492993609048426,0.1613126913518298,changed,1
11,-64.61132681029659,-12.994130584788879,2016-06-11,0.0,-0.004888127092272043,-0.0005852621980011463,0.0,0.19161356985569,-0.04502902179956436,0.01189845334738493,0.0003227667766623199,-0.0007492993609048426,0.16729118152670833,changed,1
11,-64.61132681029659,-12.994130584788879,2016-06-17,0.13401499390602112,-0.004888127092272043,-0.0005852621980011463,0.0,0.19161356985569,-0.04502902179956436,0.01189845334738493,0.0003227667766623199,-0.0007492993609048426,0.17371333344583512,changed,1
11,-64.61132681029659,-12.994130584788879,2016-06-23,0.0,-0.004888127092272043,-0.0005852621980011463,0.0,0.19161356985569,-0.04502902179956436,0.01189845334738493,0.0003227667766623199,-0.0007492993609048426,0.18045488131275425,changed,1
11,-64.61132681029659,-12.994130584788879,2016-06-29,0.13852499425411224,-0.004888127092272043,-0.0005852621980011463,0.0,0.19161356985569,-0.04502902179956436,0.01189845334738493,0.0003227667766623199,-0.0007492993609048426,0.18738170582075858,changed,1
11,-64.61132681029659,-12.994130584788879,2016-07-05,0.13211749494075775,-0.004888127092272043,-0.0005852621980011463,0.0,0.19161356985569,-0.04502902179956436,0.01189845334738493,0.0003227667766623199,-0.0007492993609048426,0.19435300536129446,changed,1
11,-64.61132681029659,-12.994130584788879,2016-07-11,0.13693000376224518,-0.004888127092272043,-0.0005852621980011463,0.0,0.19161356985569,-0.04502902179956436,0.01189845334738493,0.0003227667766623199,-0.0007492993609048426,0.20122557397561622,changed,1
11,-64.61132681029659,-12.994130584788879,2016-07-17,0.0,-0.004888127092272043,-0.0005852621980011463,0.0,0.19161356985569,-0.04502902179956436,0.01189845334738493,0.0003227667766623199,-0.0007492993609048426,0.20785762519135725,changed,1
11,-64.61132681029659,-12.994130584788879,2016-07-23,0.1308249980211258,-0.004888127092272043,-0.0005852621980011463,0.0,0.19161356985569,-0.04502902179956436,0.01189845334738493,0.0003227667766623199,-0.0007492993609048426,0.21411314543651558,changed,1
11,-64.61132681029659,-12.994130584788879,2016-07-29,0.0,-0.004888127092272043,-0.0005852621980011463,0.0,0.19161356985569,-0.04502902179956436,0.01189845334738493,0.0003227667766623199,-0.0007492993609048426,0.21986521613122578,changed,1
11,-64.61132681029659,-12.994130584788879,2016-08-04,0.14124749600887299,-0.004888127092272043,-0.0005852621980011463,0.0,0.19161356985569,-0.04502902179956436,0.01189845334738493,0.0003227667766623199,-0.0007492993609048426,0.22499992214491787,changed,1
11,-64.61132681029659,-12.994130584788879,2016-08-10,0.0,-0.004888127092272043,-0.0005852621980011463,0.0,0.19161356985569,-0.04502902179956436,0.01189845334738493,0.0003227667766623199,-0.0007492993609048426,0.22941991611015888,changed,1
11,-64.61132681029659,-12.994130584788879,2016-08-16,0.0,-0.004888127092272043,-0.0005852621980011463,0.0,0.19161356985569,-0.04502902179956436,0.01189845334738493,0.0003227667766623199,-0.0007492993609048426,0.233046714048893,changed,1
11,-64.61132681029659,-12.994130584788879,2016-08-22,0.0,-0.004888127092272043,-0.0005852621980011463,0.0,0.19161356985569,-0.04502902179956436,0.01189845334738493,0.0003227667766623199,-0.0007492993609048426,0.2358232425988742,changed,1
11,-64.61132681029659,-12.994130584788879,2016-08-28,0.17633749544620514,-0.004888127092272043,-0.0005852621980011463,0.0,0.19161356985569,-0.04502902179956436,0.01189845334738493,0.0003227667766623199,-0.0007492993609048426,0.23771575154830296,changed,1
11,-64.61132681029659,-12.994130584788879,2016-09-03,0.0,-0.004888127092272043,-0.0005852621980011463,0.0,0.19161356985569,-0.04502902179956436,0.01189845334738493,0.0003227667766623199,-0.0007492993609048426,0.23871414958517856,changed,1
11,-64.61132681029659,-12.994130584788879,2016-09-09,0.0,-0.004888127092272043,-0.0005852621980011463,0.0,0.19161356985569,-0.04502902179956436,0.01189845334738493,0.0003227667766623199,-0.0007492993609048426,0.23883244577108462,changed,1
11,-64.61132681029659,-12.994130584788879,2016-09-15,0.0,-0.004888127092272043,-0.0005852621980011463,0.0,0.19161356985569,-0.04502902179956436,0.01189845334738493,0.0003227667766623199,-0.0007492993609048426,0.23810782767689437,changed,1
11,-64.61132681029659,-12.994130584788879,2016-09-21,0.16511750221252441,-0.004888127092272043,-0.0005852621980011463,0.0,0.19161356985569,-0.04502902179956436,0.01189845334738493,0.0003227667766623199,-0.0007492993609048426,0.2365994037855753,changed,1
11,-64.61132681029659,-12.994130584788879,2016-09-27,0.0,-0.004888127092272043,-0.0005852621980011463,0.0,0.19161356985569,-0.04502902179956436,0.01189845334738493,0.0003227667766623199,-0.0007492993609048426,0.23438523740512884,changed,1
11,-64.61132681029659,-12.994130584788879,2016-10-03,0.17592500150203705,-0.004888127092272043,-0.0005852621980011463,0.0,0.19161356985569,-0.04502902179956436,0.01189845334738493,0.0003227667766623199,-0.0007492993609048426,0.2315594426305444,changed,1
11,-64.61132681029659,-12.994130584788879,2016-10-09,0.0,-0.004888127092272043,-0.0005852621980011463,0.0,0.19161356985569,-0.04502902179956436,0.01189845334738493,0.0003227667766623199,-0.0007492993609048426,0.22822861317174195,changed,1
11,-64.61132681029659,-12.994130584788879,2016-10-15,0.0,-0.004888127092272043,-0.0005852621980011463,0.0,0.19161356985569,-0.04502902179956436,0.01189845334738493,0.0003227667766623199,-0.0007492993609048426,0.22450695410347662,changed,1
11,-64.61132681029659,-12.994130584788879,2016-10-21,0.0,-0.004888127092272043,-0.0005852621980011463,0.0,0.19161356985569,-0.04502902179956436,0.01189845334738493,0.0003227667766623199,-0.0007492993609048426,0.2205119857237034,changed,1
11,-64.61132681029659,-12.994130584788879,2016-10-27,0.0,-0.004888127092272043,-0.0005852621980011463,0.0,0.19161356985569,-0.04502902179956436,0.01189845334738493,0.0003227667766623199,-0.0007492993609048426,0.21635958021234503,changed,1
11,-64.61132681029659,-12.994130584788879,2016-11-02,0.0,-0.004888127092272043,-0.0005852621980011463,0.0,0.19161356985569,-0.04502902179956436,0.01189845334738493,0.0003227667766623199,-0.0007492993609048426,0.21215965937333545,changed,1
11,-64.61132681029659,-12.994130584788879,2016-11-08,0.0,-0.004888127092272043,-0.0005852621980011463,0.0,0.19161356985569,-0.04502902179956436,0.01189845334738493,0.0003227667766623199,-0.0007492993609048426,0.20801127683539472,changed,1
11,-64.61132681029659,-12.994130584788879,2016-11-14,0.0,-0.004888127092272043,-0.0005852621980011463,0.0,0.19161356985569,-0.04502902179956436,0.01189845334738493,0.0003227667766623199,-0.0007492993609048426,0.20399911033878035,changed,1
11,-64.61132681029659,-12.994130584788879,2016-11-20,0.0,-0.004888127092272043,-0.0005852621980011463,0.0,0.19161356985569,-0.04502902179956436,0.01189845334738493,0.0003227667766623199,-0.0007492993609048426,0.2001906707839362,changed,1
11,-64.61132681029659,-12.994130584788879,2016-11-26,0.0,-0.004888127092272043,-0.0005852621980011463,0.0,0.19161356985569,-0.04502902179956436,0.01189845334738493,0.0003227667766623199,-0.0007492993609048426,0.19663359725751647,changed,1
11,-64.61132681029659,-12.994130584788879,2016-12-02,0.0,-0.004888127092272043,-0.0005852621980011463,0.0,0.19161356985569,-0.04502902179956436,0.01189845334738493,0.0003227667766623199,-0.0007492993609048426,0.19335482132188506,changed,1
11,-64.61132681029659,-12.994130584788879,2016-12-08,0.0,-0.004888127092272043,-0.0005852621980011463,0.0,0.19161356985569,-0.04502902179956436,0.01189845334738493,0.0003227667766623199,-0.0007492993609048426,0.19036080839330544,changed,1
11,-64.61132681029659,-12.994130584788879,2016-12-14,0.0,-0.004888127092272043,-0.0005852621980011463,0.0,0.19161356985569,-0.04502902179956436,0.01189845334738493,0.0003227667766623199,-0.0007492993609048426,0.18763808963272666,changed,1
11,-64.61132681029659,-12.994130584788879,2016-12-20,0.0,-0.004888127092272043,-0.0005852621980011463,0.0,0.19161356985569,-0.04502902179956436,0.01189845334738493,0.0003227667766623199,-0.0007492993609048426,0.1851557480767502,changed,1
11,-64.61132681029659,-12.994130584788879,2016-12-26,0.0,-0.004888127092272043,-0.0005852621980011463,0.0,0.19161356985569,-0.04502902179956436,0.01189845334738493,0.0003227667766623199,-0.0007492993609048426,0.18286828777034822,changed,1
11,-64.61132681029659,-12.994130584788879,2017-01-01,0.0,-0.004888127092272043,-0.0005852621980011463,0.0,0.19161356985569,-0.04502902179956436,0.01189845334738493,0.0003227667766623199,-0.0007492993609048426,0.18071983096890312,changed,1
11,-64.61132681029659,-12.994130584788879,2017-01-07,0.0,-0.004888127092272043,-0.0005852621980011463,0.0,0.19161356985569,-0.04502902179956436,0.01189845334738493,0.0003227667766623199,-0.0007492993609048426,0.178642251320153,changed,1
11,-64.61132681029659,-12.994130584788879,2017-01-13,0.0,-0.004888127092272043,-0.0005852621980011463,0.0,0.19161356985569,-0.04502902179956436,0.01189845334738493,0.0003227667766623199,-0.0007492993609048426,0.17657728284426988,changed,1
11,-64.61132681029659,-12.994130584788879,2017-01-19,0.0,-0.004888127092272043,-0.0005852621980011463,0.0,0.19161356985569,-0.04502902179956436,0.01189845334738493,0.0003227667766623199,-0.0007492993609048426,0.17446346870739696,changed,1
11,-64.61132681029659,-12.994130584788879,2017-01-25,0.0,-0.004888127092272043,-0.0005852621980011463,0.0,0.19161356985569,-0.04502902179956436,0.01189845334738493,0.0003227667766623199,-0.0007492993609048426,0.1722473972883026,changed,1
11,-64.61132681029659,-12.994130584788879,2017-01-31,0.0,-0.004888127092272043,-0.0005852621980011463,0.0,0.19161356985569,-0.04502902179956436,0.01189845334738493,0.0003227667766623199,-0.0007492993609048426,0.16988755255671262,changed,1
11,-64.61132681029659,-12.994130584788879,2017-02-06,0.0,-0.004888127092272043,-0.0005852621980011463,0.0,0.19161356985569,-0.04502902179956436,0.01189845334738493,0.0003227667766623199,-0.0007492993609048426,0.16735745134439037,changed,1
11,-64.61132681029659,-12.994130584788879,2017-02-12,0.0,-0.004888127092272043,-0.0005852621980011463,0.0,0.19161356985569,-0.04502902179956436,0.01189845334738493,0.0003227667766623199,-0.0007492993609048426,0.1646487362857865,changed,1
11,-64.61132681029659,-12.994130584788879,2017-02-18,0.0,-0.004888127092272043,-0.0005852621980011463,0.0,0.19161356985569,-0.04502902179956436,0.01189845334738493,0.0003227667766623199,-0.0007492993609048426,0.16177242948999937,changed,1
11,-64.61132681029659,-12.994130584788879,2017-02-24,0.0,-0.004888127092272043,-0.0005852621980011463,0.0,0.19161356985569,-0.04502902179956436,0.01189845334738493,0.0003227667766623199,-0.0007492993609048426,0.15875910821613867,changed,1
11,-64.61132681029659,-12.994130584788879,2017-03-02,0.0,-0.004888127092272043,-0.0005852621980011463,0.0,0.19161356985569,-0.04502902179956436,0.01189845334738493,0.0003227667766623199,-0.0007492993609048426,0.155658818763502,changed,1
11,-64.61132681029659,-12.994130584788879,2017-03-08,0.0,-0.004888127092272043,-0.0005852621980011463,0.0,0.19161356985569,-0.04502902179956436,0.01189845334738493,0.0003227667766623199,-0.0007492993609048426,0.1525391052433532,changed,1
11,-64.61132681029659,-12.994130584788879,2017-03-14,0.0,-0.004888127092272043,-0.0005852621980011463,0.0,0.19161356985569,-0.04502902179956436,0.01189845334738493,0.0003227667766623199,-0.0007492993609048426,0.14948213000590888,changed,1
11,-64.61132681029659,-12.994130584788879,2017-03-20,0.0,-0.004888127092272043,-0.0005852621980011463,0.0,0.19161356985569,-0.04502902179956436,0.01189845334738493,0.0003227667766623199,-0.0007492993609048426,0.1465817884329931,changed,1
11,-64.61132681029659,-12.994130584788879,2017-03-26,0.0,-0.004888127092272043,-0.0005852621980011463,0.0,0.19161356985569,-0.04502902179956436,0.01189845334738493,0.0003227667766623199,-0.0007492993609048426,0.1439394394571697,changed,1
11,-64.61132681029659,-12.994130584788879,2017-04-01,0.0,-0.004888127092272043,-0.0005852621980011463,0.0,0.19161356985569,-0.04502902179956436,0.01189845334738493,0.0003227667766623199,-0.0007492993609048426,0.14165920953811884,changed,1
11,-64.61132681029659,-12.994130584788879,2017-04-07,0.0,-0.004888127092272043,-0.0005852621980011463,0.0,0.19161356985569,-0.04502902179956436,0.01189845334738493,0.0003227667766623199,-0.0007492993609048426,0.13984397420170458,changed,1
11,-64.61132681029659,-12.994130584788879,2017-04-13,0.0,-0.004888127092272043,-0.0005852621980011463,0.0,0.19161356985569,-0.04502902179956436,0.01189845334738493,0.0003227667766623199,-0.0007492993609048426,0.13859054508605345,changed,1
11,-64.61132681029659,-12.994130584788879,2017-04-19,0.14135749638080597,-0.004888127092272043,-0.0005852621980011463,0.0,0.19161356985569,-0.04502902179956436,0.01189845334738493,0.0003227667766623199,-0.0007492993609048426,0.1379851010094909,changed,1
11,-64.61132681029659,-12.994130584788879,2017-04-25,0.0,-0.004888127092272043,-0.0005852621980011463,0.0,0.19161356985569,-0.04502902179956436,0.01189845334738493,0.0003227667766623199,-0.0007492993609048426,0.1380998934131953,changed,1
11,-64.61132681029659,-12.994130584788879,2017-05-01,0.0,-0.004888127092272043,-0.0005852621980011463,0.0,0.19161356985569,-0.04502902179956436,0.01189845334738493,0.0003227667766623199,-0.0007492993609048426,0.13898968140498355,changed,1
11,-64.61132681029659,-12.994130584788879,2017-05-07,0.13805750012397766,-0.004888127092272043,-0.0005852621980011463,0.0,0.19161356985569,-0.04502902179956436,0.01189845334738493,0.0003227667766623199,-0.0007492993609048426,0.1406888791710844,changed,1
11,-64.61132681029659,-12.994130584788879,2017-05-13,0.0,-0.004888127092272043,-0.0005852621980011463,0.0,0.19161356985569,-0.04502902179956436,0.01189845334738493,0.0003227667766623199,-0.0007492993609048426,0.14321028336940686,changed,1
11,-64.61132681029659,-12.994130584788879,2017-05-19,0.0,-0.004888127092272043,-0.0005852621980011463,0.0,0.19161356985569,-0.04502902179956436,0.01189845334738493,0.0003227667766623199,-0.0007492993609048426,0.14654378868290527,changed,1
11,-64.61132681029659,-12.994130584788879,2017-05-25,0.0,-0.004888127092272043,-0.0005852621980011463,0.0,0.19161356985569,-0.04502902179956436,0.01189845334738493,0.0003227667766623199,-0.0007492993609048426,0.15065592787923898,changed,1
11,-64.61132681029659,-12.994130584788879,2017-05-31,0.13588500022888184,-0.004888127092272043,-0.0005852621980011463,0.0,0.19161356985569,-0.04502902179956436,0.01189845334738493,0.0003227667766623199,-0.0007492993609048426,0.15549101147322988,changed,1
11,-64.61132681029659,-12.994130584788879,2017-06-06,0.12725000083446503,-0.004888127092272043,-0.0005852621980011463,0.0,0.19161356985569,-0.04502902179956436,0.01189845334738493,0.0003227667766623199,-0.0007492993609048426,0.16097218982094114,changed,1
11,-64.61132681029659,-12.994130584788879,2017-06-12,0.1374250054359436,-0.004888127092272043,-0.0005852621980011463,0.0,0.19161356985569,-0.04502902179956436,0.01189845334738493,0.0003227667766623199,-0.0007492993609048426,0.16700319269172323,changed,1
11,-64.61132681029659,-12.994130584788879,2017-06-18,0.0,-0.004888127092272043,-0.0005852621980011463,0.0,0.19161356985569,-0.04502902179956436,0.01189845334738493,0.0003227667766623199,-0.0007492993609048426,0.1734714753172257,changed,1
11,-64.61132681029659,-12.994130584788879,2017-06-24,0.0,-0.004888127092272043,-0.0005852621980011463,0.0,0.19161356985569,-0.04502902179956436,0.01189845334738493,0.0003227667766623199,-0.0007492993609048426,0.18025104084689406,changed,1
11,-64.61132681029659,-12.994130584788879,2017-06-30,0.0,-0.004888127092272043,-0.0005852621980011463,0.0,0.19161356985569,-0.04502902179956436,0.01189845334738493,0.0003227667766623199,-0.0007492993609048426,0.1872056566266217,changed,1
11,-64.61132681029659,-12.994130584788879,2017-07-06,0.12890000641345978,-0.004888127092272043,-0.0005852621980011463,0.0,0.19161356985569,-0.04502902179956436,0.01189845334738493,0.0003227667766623199,-0.0007492993609048426,0.19419319623740713,changed,1
11,-64.61132681029659,-12.994130584788879,2017-07-12,0.0,-0.004888127092272043,-0.0005852621980011463,0.0,0.19161356985569,-0.04502902179956436,0.01189845334738493,0.0003227667766623199,-0.0007492993609048426,0.20106933940973712,changed,1
11,-64.61132681029659,-12.994130584788879,2017-07-18,0.0,-0.004888127092272043,-0.0005852621980011463,0.0,0.19161356985569,-0.04502902179956436,0.01189845334738493,0.0003227667766623199,-0.0007492993609048426,0.20769136306340802,changed,1
11,-64.61132681029659,-12.994130584788879,2017-07-24,0.13770000636577606,-0.004888127092272043,-0.0005852621980011463,0.0,0.19161356985569,-0.04502902179956436,0.01189845334738493,0.0003227667766623199,-0.0007492993609048426,0.21392273005385543,changed,1
11,-64.61132681029659,-12.994130584788879,2017-07-30,0.0,-0.004888127092272043,-0.0005852621980011463,0.0,0.19161356985569,-0.04502902179956436,0.01189845334738493,0.0003227667766623199,-0.0007492993609048426,0.21963671515457314,changed,1
11,-64.61132681029659,-12.994130584788879,2017-08-05,0.0,-0.004888127092272043,-0.0005852621980011463,0.0,0.19161356985569,-0.04502902179956436,0.01189845334738493,0.0003227667766623199,-0.0007492993609048426,0.22471979518599752,changed,1
11,-64.61132681029659,-12.994130584788879,2017-08-11,0.1444375067949295,-0.004888127092272043,-0.0005852621980011463,0.0,0.19161356985569,-0.04502902179956436,0.01189845334738493,0.0003227667766623199,-0.0007492993609048426,0.2290754855319737,changed,1
11,-64.61132681029659,-12.994130584788879,2017-08-17,0.0,-0.004888127092272043,-0.0005852621980011463,0.0,0.19161356985569,-0.04502902179956436,0.01189845334738493,0.0003227667766623199,-0.0007492993609048426,0.23262690622230592,changed,1
11,-64.61132681029659,-12.994130584788879,2017-08-23,0.14564749598503113,-0.004888127092272043,-0.0005852621980011463,0.0,0.19161356985569,-0.04502902179956436,0.01189845334738493,0.0003227667766623199,-0.0007492993609048426,0.23531874990567328,changed,1
11,-64.61132681029659,-12.994130584788879,2017-08-29,0.0,-0.004888127092272043,-0.0005852621980011463,0.0,0.19161356985569,-0.04502902179956436,0.01189845334738493,0.0003227667766623199,-0.0007492993609048426,0.23711941156959884,changed,1
11,-64.61132681029659,-12.994130584788879,2017-09-04,0.0,-0.004888127092272043,-0.0005852621980011463,0.0,0.19161356985569,-0.04502902179956436,0.01189845334738493,0.0003227667766623199,-0.0007492993609048426,0.2380215314041765,changed,1
11,-64.61132681029659,-12.994130584788879,2017-09-10,0.1534299999475479,-0.004888127092272043,-0.0005852621980011463,0.0,0.19161356985569,-0.04502902179956436,0.01189845334738493,0.0003227667766623199,-0.0007492993609048426,0.23804170465322527,changed,1
11,-64.61132681029659,-12.994130584788879,2017-09-16,0.0,-0.004888127092272043,-0.0005852621980011463,0.0,0.19161356985569,-0.04502902179956436,0.01189845334738493,0.0003227667766623199,-0.0007492993609048426,0.2372201905766693,changed,1
11,-64.61132681029659,-12.994130584788879,2017-09-22,0.0,-0.004888127092272043,-0.0005852621980011463,0.0,0.19161356985569,-0.04502902179956436,0.01189845334738493,0.0003227667766623199,-0.0007492993609048426,0.23561888480828383,changed,1
11,-64.61132681029659,-12.994130584788879,2017-09-28,0.17861999571323395,-0.004888127092272043,-0.0005852621980011463,0.0,0.19161356985569,-0.04502902179956436,0.01189845334738493,0.0003227667766623199,-0.0007492993609048426,0.2333185173321012,changed,1
11,-64.61132681029659,-12.994130584788879,2017-10-04,0.3155424892902374,-0.004888127092272043,-0.0005852621980011463,0.0,0.19161356985569,-0.04502902179956436,0.01189845334738493,0.0003227667766623199,-0.0007492993609048426,0.2304159607857513,changed,1
11,-64.61132681029659,-12.994130584788879,2017-10-10,0.16775749623775482,-0.004888127092272043,-0.0005852621980011463,0.0,0.19161356985569,-0.04502902179956436,0.01189845334738493,0.0003227667766623199,-0.0007492993609048426,0.22701956216774932,changed,1
11,-64.61132681029659,-12.994130584788879,2017-10-16,0.0,-0.004888127092272043,-0.0005852621980011463,0.0,0.19161356985569,-0.04502902179956436,0.01189845334738493,0.0003227667766623199,-0.0007492993609048426,0.22324532720030152,changed,1
11,-64.61132681029659,-12.994130584788879,2017-10-22,0.18623749911785126,-0.004888127092272043,-0.0005852621980011463,0.0,0.19161356985569,-0.04502902179956436,0.01189845334738493,0.0003227667766623199,-0.0007492993609048426,0.2192118992994797,changed,1
11,-64.61132681029659,-12.994130584788879,2017-10-28,0.1775750070810318,-0.004888127092272043,-0.0005852621980011463,0.0,0.19161356985569,-0.04502902179956436,0.01189845334738493,0.0003227667766623199,-0.0007492993609048426,0.21503544628864232,changed,1
11,-64.61132681029659,-12.994130584788879,2017-11-03,0.2190449982881546,-0.004888127092272043,-0.0005852621980011463,0.0,0.19161356985569,-0.04502902179956436,0.01189845334738493,0.0003227667766623199,-0.0007492993609048426,0.2108254957346105,changed,1
11,-64.61132681029659,-12.994130584788879,2017-11-09,0.0,-0.004888127092272043,-0.0005852621980011463,0.0,0.19161356985569,-0.04502902179956436,0.01189845334738493,0.0003227667766623199,-0.0007492993609048426,0.20668030916796637,changed,1
11,-64.61132681029659,-12.994130584788879,2017-11-15,0.0,-0.004888127092272043,-0.0005852621980011463,0.0,0.19161356985569,-0.04502902179956436,0.01189845334738493,0.0003227667766623199,-0.0007492993609048426,0.20268285466961022,changed,1
11,-64.61132681029659,-12.994130584788879,2017-11-21,0.19162750244140625,-0.004888127092272043,-0.0005852621980011463,0.0,0.19161356985569,-0.04502902179956436,0.01189845334738493,0.0003227667766623199,-0.0007492993609048426,0.19889837321497106,changed,1
11,-64.61132681029659,-12.994130584788879,2017-11-27,0.0,-0.004888127092272043,-0.0005852621980011463,0.0,0.19161356985569,-0.04502902179956436,0.01189845334738493,0.0003227667766623199,-0.0007492993609048426,0.19537206668718912,changed,1
11,-64.61132681029659,-12.994130584788879,2017-12-03,0.0,-0.004888127092272043,-0.0005852621980011463,0.0,0.19161356985569,-0.04502902179956436,0.01189845334738493,0.0003227667766623199,-0.0007492993609048426,0.1921278451388849,changed,1
11,-64.61132681029659,-12.994130584788879,2017-12-09,0.0,-0.004888127092272043,-0.0005852621980011463,0.0,0.19161356985569,-0.04502902179956436,0.01189845334738493,0.0003227667766623199,-0.0007492993609048426,0.18916902953175163,changed,1
11,-64.61132681029659,-12.994130584788879,2017-12-15,0.0,-0.004888127092272043,-0.0005852621980011463,0.0,0.19161356985569,-0.04502902179956436,0.01189845334738493,0.0003227667766623199,-0.0007492993609048426,0.18647931722473213,changed,1
11,-64.61132681029659,-12.994130584788879,2017-12-21,0.0,-0.004888127092272043,-0.0005852621980011463,0.0,0.19161356985569,-0.04502902179956436,0.01189845334738493,0.0003227667766623199,-0.0007492993609048426,0.18402483173400824,changed,1
11,-64.61132681029659,-12.994130584788879,2017-12-27,0.0,-0.004888127092272043,-0.0005852621980011463,0.0,0.19161356985569,-0.04502902179956436,0.01189845334738493,0.0003227667766623199,-0.0007492993609048426,0.18175788874462948,changed,1
11,-64.61132681029659,-12.994130584788879,2018-01-02,0.0,-0.004888127092272043,-0.0005852621980011463,0.0,0.19161356985569,-0.04502902179956436,0.01189845334738493,0.0003227667766623199,-0.0007492993609048426,0.1796207149402105,changed,1
11,-64.61132681029659,-12.994130584788879,2018-01-07,0.0,-0.004888127092272043,-0.0005852621980011463,0.0,0.19161356985569,-0.04502902179956436,0.01189845334738493,0.0003227667766623199,-0.0007492993609048426,0.17789295195924815,changed,1
11,-64.61132681029659,-12.994130584788879,2018-01-13,0.0,-0.004888127092272043,-0.0005852621980011463,0.0,0.19161356985569,-0.04502902179956436,0.01189845334738493,0.0003227667766623199,-0.0007492993609048426,0.17582798348336504,changed,1
11,-64.61132681029659,-12.994130584788879,2018-01-19,0.0,-0.004888127092272043,-0.0005852621980011463,0.0,0.19161356985569,-0.04502902179956436,0.01189845334738493,0.0003227667766623199,-0.0007492993609048426,0.17371416934649211,changed,1
11,-64.61132681029659,-12.994130584788879,2018-01-25,0.0,-0.004888127092272043,-0.0005852621980011463,0.0,0.19161356985569,-0.04502902179956436,0.01189845334738493,0.0003227667766623199,-0.0007492993609048426,0.17149809792739776,changed,1
11,-64.61132681029659,-12.994130584788879,2018-01-31,0.0,-0.004888127092272043,-0.0005852621980011463,0.0,0.19161356985569,-0.04502902179956436,0.01189845334738493,0.0003227667766623199,-0.0007492993609048426,0.16913825319580778,changed,1
11,-64.61132681029659,-12.994130584788879,2018-02-06,0.0,-0.004888127092272043,-0.0005852621980011463,0.0,0.19161356985569,-0.04502902179956436,0.01189845334738493,0.0003227667766623199,-0.0007492993609048426,0.16660815198348553,changed,1
11,-64.61132681029659,-12.994130584788879,2018-02-12,0.17078250646591187,-0.004888127092272043,-0.0005852621980011463,0.0,0.19161356985569,-0.04502902179956436,0.01189845334738493,0.0003227667766623199,-0.0007492993609048426,0.16389943692488165,changed,1
11,-64.61132681029659,-12.994130584788879,2018-02-18,0.0,-0.004888127092272043,-0.0005852621980011463,0.0,0.19161356985569,-0.04502902179956436,0.01189845334738493,0.0003227667766623199,-0.0007492993609048426,0.16102313012909453,changed,1
11,-64.61132681029659,-12.994130584788879,2018-02-24,0.0,-0.004888127092272043,-0.0005852621980011463,0.0,0.19161356985569,-0.04502902179956436,0.01189845334738493,0.0003227667766623199,-0.0007492993609048426,0.15800980885523383,changed,1
11,-64.61132681029659,-12.994130584788879,2018-03-02,0.0,-0.004888127092272043,-0.0005852621980011463,0.0,0.19161356985569,-0.04502902179956436,0.01189845334738493,0.0003227667766623199,-0.0007492993609048426,0.15490951940259715,changed,1
11,-64.61132681029659,-12.994130584788879,2018-03-08,0.0,-0.004888127092272043,-0.0005852621980011463,0.0,0.19161356985569,-0.04502902179956436,0.01189845334738493,0.0003227667766623199,-0.0007492993609048426,0.15178980588244836,changed,1
11,-64.61132681029659,-12.994130584788879,2018-03-14,0.0,-0.004888127092272043,-0.0005852621980011463,0.0,0.19161356985569,-0.04502902179956436,0.01189845334738493,0.0003227667766623199,-0.0007492993609048426,0.14873283064500403,changed,1
11,-64.61132681029659,-12.994130584788879,2018-03-20,0.11066749691963196,-0.004888127092272043,-0.0005852621980011463,0.0,0.19161356985569,-0.04502902179956436,0.01189845334738493,0.0003227667766623199,-0.0007492993609048426,0.14583248907208826,changed,1
11,-64.61132681029659,-12.994130584788879,2018-03-26,0.0,-0.004888127092272043,-0.0005852621980011463,0.0,0.19161356985569,-0.04502902179956436,0.01189845334738493,0.0003227667766623199,-0.0007492993609048426,0.14319014009626485,changed,1
11,-64.61132681029659,-12.994130584788879,2018-04-01,0.0,-0.004888127092272043,-0.0005852621980011463,0.0,0.19161356985569,-0.04502902179956436,0.01189845334738493,0.0003227667766623199,-0.0007492993609048426,0.140909910177214,changed,1
11,-64.61132681029659,-12.994130584788879,2018-04-07,0.0,-0.004888127092272043,-0.0005852621980011463,0.0,0.19161356985569,-0.04502902179956436,0.01189845334738493,0.0003227667766623199,-0.0007492993609048426,0.13909467484079974,changed,1
11,-64.61132681029659,-12.994130584788879,2018-04-13,0.0,-0.004888127092272043,-0.0005852621980011463,0.0,0.19161356985569,-0.04502902179956436,0.01189845334738493,0.0003227667766623199,-0.0007492993609048426,0.1378412457251486,changed,1
11,-64.61132681029659,-12.994130584788879,2018-04-19,0.0,-0.004888127092272043,-0.0005852621980011463,0.0,0.19161356985569,-0.04502902179956436,0.01189845334738493,0.0003227667766623199,-0.0007492993609048426,0.13723580164858606,changed,1
11,-64.61132681029659,-12.994130584788879,2018-04-25,0.1200999990105629,-0.004888127092272043,-0.0005852621980011463,0.0,0.19161356985569,-0.04502902179956436,0.01189845334738493,0.0003227667766623199,-0.0007492993609048426,0.13735059405229047,changed,1
11,-64.61132681029659,-12.994130584788879,2018-05-01,0.1160300001502037,-0.004888127092272043,-0.0005852621980011463,0.0,0.19161356985569,-0.04502902179956436,0.01189845334738493,0.0003227667766623199,-0.0007492993609048426,0.1382403820440787,changed,1
11,-64.61132681029659,-12.994130584788879,2018-05-07,0.0,-0.004888127092272043,-0.0005852621980011463,0.0,0.19161356985569,-0.04502902179956436,0.01189845334738493,0.0003227667766623199,-0.0007492993609048426,0.13993957981017957,changed,1
11,-64.61132681029659,-12.994130584788879,2018-05-13,0.0,-0.004888127092272043,-0.0005852621980011463,0.0,0.19161356985569,-0.04502902179956436,0.01189845334738493,0.0003227667766623199,-0.0007492993609048426,0.14246098400850202,changed,1
11,-64.61132681029659,-12.994130584788879,2018-05-19,0.11432500183582306,-0.004888127092272043,-0.0005852621980011463,0.0,0.19161356985569,-0.04502902179956436,0.01189845334738493,0.0003227667766623199,-0.0007492993609048426,0.14579448932200043,changed,1
11,-64.61132681029659,-12.994130584788879,2018-05-25,0.1193849965929985,-0.004888127092272043,-0.0005852621980011463,0.0,0.19161356985569,-0.04502902179956436,0.01189845334738493,0.0003227667766623199,-0.0007492993609048426,0.14990662851833414,changed,1
11,-64.61132681029659,-12.994130584788879,2018-05-31,0.12570999562740326,-0.004888127092272043,-0.0005852621980011463,0.0,0.19161356985569,-0.04502902179956436,0.01189845334738493,0.0003227667766623199,-0.0007492993609048426,0.15474171211232504,changed,1
11,-64.61132681029659,-12.994130584788879,2018-06-06,0.0,-0.004888127092272043,-0.0005852621980011463,0.0,0.19161356985569,-0.04502902179956436,0.01189845334738493,0.0003227667766623199,-0.0007492993609048426,0.1602228904600363,changed,1
11,-64.61132681029659,-12.994130584788879,2018-06-12,0.0,-0.004888127092272043,-0.0005852621980011463,0.0,0.19161356985569,-0.04502902179956436,0.01189845334738493,0.0003227667766623199,-0.0007492993609048426,0.1662538933308184,changed,1
11,-64.61132681029659,-12.994130584788879,2018-06-18,0.0,-0.004888127092272043,-0.0005852621980011463,0.0,0.19161356985569,-0.04502902179956436,0.01189845334738493,0.0003227667766623199,-0.0007492993609048426,0.17272217595632086,changed,1
11,-64.61132681029659,-12.994130584788879,2018-06-24,0.12298750132322311,-0.004888127092272043,-0.0005852621980011463,0.0,0.19161356985569,-0.04502902179956436,0.01189845334738493,0.0003227667766623199,-0.0007492993609048426,0.1795017414859892,changed,1
11,-64.61132681029659,-12.994130584788879,2018-06-30,0.0,-0.004888127092272043,-0.0005852621980011463,0.0,0.19161356985569,-0.04502902179956436,0.01189845334738493,0.0003227667766623199,-0.0007492993609048426,0.18645635726571685,changed,1
11,-64.61132681029659,-12.994130584788879,2018-07-06,0.1300549954175949,-0.004888127092272043,-0.0005852621980011463,0.0,0.19161356985569,-0.04502902179956436,0.01189845334738493,0.0003227667766623199,-0.0007492993609048426,0.1934438968765023,changed,1
11,-64.61132681029659,-12.994130584788879,2018-07-12,0.13187000155448914,-0.004888127092272043,-0.0005852621980011463,0.0,0.19161356985569,-0.04502902179956436,0.01189845334738493,0.0003227667766623199,-0.0007492993609048426,0.20032004004883228,changed,1
11,-64.61132681029659,-12.994130584788879,2018-07-18,0.12788249552249908,-0.004888127092272043,-0.0005852621980011463,0.0,0.19161356985569,-0.04502902179956436,0.01189845334738493,0.0003227667766623199,-0.0007492993609048426,0.20694206370250318,changed,1
11,-64.61132681029659,-12.994130584788879,2018-07-24,0.0,-0.004888127092272043,-0.0005852621980011463,0.0,0.19161356985569,-0.04502902179956436,0.01189845334738493,0.0003227667766623199,-0.0007492993609048426,0.21317343069295058,changed,1
11,-64.61132681029659,-12.994130584788879,2018-07-30,0.13134750723838806,-0.004888127092272043,-0.0005852621980011463,0.0,0.19161356985569,-0.04502902179956436,0.01189845334738493,0.0003227667766623199,-0.0007492993609048426,0.2188874157936683,changed,1
11,-64.61132681029659,-12.994130584788879,2018-08-05,0.0,-0.004888127092272043,-0.0005852621980011463,0.0,0.19161356985569,-0.04502902179956436,0.01189845334738493,0.0003227667766623199,-0.0007492993609048426,0.22397049582509268,changed,1
11,-64.61132681029659,-12.994130584788879,2018-08-11,0.13890999555587769,-0.004888127092272043,-0.0005852621980011463,0.0,0.19161356985569,-0.04502902179956436,0.01189845334738493,0.0003227667766623199,-0.0007492993609048426,0.22832618617106887,changed,1
11,-64.61132681029659,-12.994130584788879,2018-08-17,0.0,-0.004888127092272043,-0.0005852621980011463,0.0,0.19161356985569,-0.04502902179956436,0.01189845334738493,0.0003227667766623199,-0.0007492993609048426,0.23187760686140108,changed,1
11,-64.61132681029659,-12.994130584788879,2018-08-23,0.0,-0.004888127092272043,-0.0005852621980011463,0.0,0.19161356985569,-0.04502902179956436,0.01189845334738493,0.0003227667766623199,-0.0007492993609048426,0.23456945054476844,changed,1
11,-64.61132681029659,-12.994130584788879,2018-08-29,0.0,-0.004888127092272043,-0.0005852621980011463,0.0,0.19161356985569,-0.04502902179956436,0.01189845334738493,0.0003227667766623199,-0.0007492993609048426,0.236370112208694,changed,1
11,-64.61132681029659,-12.994130584788879,2018-09-04,0.0,-0.004888127092272043,-0.0005852621980011463,0.0,0.19161356985569,-0.04502902179956436,0.01189845334738493,0.0003227667766623199,-0.0007492993609048426,0.23727223204327166,changed,1
11,-64.61132681029659,-12.994130584788879,2018-09-10,0.0,-0.004888127092272043,-0.0005852621980011463,0.0,0.19161356985569,-0.04502902179956436,0.01189845334738493,0.0003227667766623199,-0.0007492993609048426,0.23729240529232043,changed,1
11,-64.61132681029659,-12.994130584788879,2018-09-16,0.0,-0.004888127092272043,-0.0005852621980011463,0.0,0.19161356985569,-0.04502902179956436,0.01189845334738493,0.0003227667766623199,-0.0007492993609048426,0.23647089121576445,changed,1
11,-64.61132681029659,-12.994130584788879,2018-09-22,0.0,-0.004888127092272043,-0.0005852621980011463,0.0,0.19161356985569,-0.04502902179956436,0.01189845334738493,0.0003227667766623199,-0.0007492993609048426,0.234869585447379,changed,1
11,-64.61132681029659,-12.994130584788879,2018-09-28,0.16913250088691711,-0.004888127092272043,-0.0005852621980011463,0.0,0.19161356985569,-0.04502902179956436,0.01189845334738493,0.0003227667766623199,-0.0007492993609048426,0.23256921797119637,changed,1
11,-64.61132681029659,-12.994130584788879,2018-10-04,0.0,-0.004888127092272043,-0.0005852621980011463,0.0,0.19161356985569,-0.04502902179956436,0.01189845334738493,0.0003227667766623199,-0.0007492993609048426,0.22966666142484646,changed,1
11,-64.61132681029659,-12.994130584788879,2018-10-10,0.0,-0.004888127092272043,-0.0005852621980011463,0.0,0.19161356985569,-0.04502902179956436,0.01189845334738493,0.0003227667766623199,-0.0007492993609048426,0.22627026280684448,changed,1
11,-64.61132681029659,-12.994130584788879,2018-10-16,0.0,-0.004888127092272043,-0.0005852621980011463,0.0,0.19161356985569,-0.04502902179956436,0.01189845334738493,0.0003227667766623199,-0.0007492993609048426,0.22249602783939668,changed,1
11,-64.61132681029659,-12.994130584788879,2018-10-22,0.0,-0.004888127092272043,-0.0005852621980011463,0.0,0.19161356985569,-0.04502902179956436,0.01189845334738493,0.0003227667766623199,-0.0007492993609048426,0.21846259993857486,changed,1
11,-64.61132681029659,-12.994130584788879,2018-10-28,0.0,-0.004888127092272043,-0.0005852621980011463,0.0,0.19161356985569,-0.04502902179956436,0.01189845334738493,0.0003227667766623199,-0.0007492993609048426,0.21428614692773748,changed,1
11,-64.61132681029659,-12.994130584788879,2018-11-03,0.0,-0.004888127092272043,-0.0005852621980011463,0.0,0.19161356985569,-0.04502902179956436,0.01189845334738493,0.0003227667766623199,-0.0007492993609048426,0.21007619637370567,changed,1
11,-64.61132681029659,-12.994130584788879,2018-11-09,0.0,-0.004888127092272043,-0.0005852621980011463,0.0,0.19161356985569,-0.04502902179956436,0.01189845334738493,0.0003227667766623199,-0.0007492993609048426,0.20593100980706153,changed,1
11,-64.61132681029659,-12.994130584788879,2018-11-15,0.0,-0.004888127092272043,-0.0005852621980011463,0.0,0.19161356985569,-0.04502902179956436,0.01189845334738493,0.0003227667766623199,-0.0007492993609048426,0.20193355530870538,changed,1
11,-64.61132681029659,-12.994130584788879,2018-11-21,0.0,-0.004888127092272043,-0.0005852621980011463,0.0,0.19161356985569,-0.04502902179956436,0.01189845334738493,0.0003227667766623199,-0.0007492993609048426,0.19814907385406622,changed,1
11,-64.61132681029659,-12.994130584788879,2018-11-27,0.0,-0.004888127092272043,-0.0005852621980011463,0.0,0.19161356985569,-0.04502902179956436,0.01189845334738493,0.0003227667766623199,-0.0007492993609048426,0.19462276732628428,changed,1
11,-64.61132681029659,-12.994130584788879,2018-12-03,0.0,-0.004888127092272043,-0.0005852621980011463,0.0,0.19161356985569,-0.04502902179956436,0.01189845334738493,0.0003227667766623199,-0.0007492993609048426,0.19137854577798005,changed,1
11,-64.61132681029659,-12.994130584788879,2018-12-09,0.0,-0.004888127092272043,-0.0005852621980011463,0.0,0.19161356985569,-0.04502902179956436,0.01189845334738493,0.0003227667766623199,-0.0007492993609048426,0.1884197301708468,changed,1
11,-64.61132681029659,-12.994130584788879,2018-12-15,0.0,-0.004888127092272043,-0.0005852621980011463,0.0,0.19161356985569,-0.04502902179956436,0.01189845334738493,0.0003227667766623199,-0.0007492993609048426,0.18573001786382728,changed,1
11,-64.61132681029659,-12.994130584788879,2018-12-21,0.0,-0.004888127092272043,-0.0005852621980011463,0.0,0.19161356985569,-0.04502902179956436,0.01189845334738493,0.0003227667766623199,-0.0007492993609048426,0.1832755323731034,changed,1
11,-64.61132681029659,-12.994130584788879,2018-12-27,0.0,-0.004888127092272043,-0.0005852621980011463,0.0,0.19161356985569,-0.04502902179956436,0.01189845334738493,0.0003227667766623199,-0.0007492993609048426,0.18100858938372463,changed,1
11,-64.61132681029659,-12.994130584788879,2019-01-02,0.0,-0.004888127092272043,-0.0005852621980011463,0.0,0.19161356985569,-0.04502902179956436,0.01189845334738493,0.0003227667766623199,-0.0007492993609048426,0.17887141557930566,changed,1
12,-64.50352897620225,-12.365309885905214,2016-01-07,0.0,0.003822589758783579,-0.03523639217019081,0.0,0.05312918871641159,-0.0644439160823822,0.0006819533882662654,0.00924665667116642,-0.000618384568952024,0.014812495293740803,changed,1
12,-64.50352897620225,-12.365309885905214,2016-01-13,0.0,0.003822589758783579,-0.03523639217019081,0.0,0.05312918871641159,-0.0644439160823822,0.0006819533882662654,0.00924665667116642,-0.000618384568952024,0.013068688436380583,changed,1
12,-64.50352897620225,-12.365309885905214,2016-01-19,0.0,0.003822589758783579,-0.03523639217019081,0.0,0.05312918871641159,-0.0644439160823822,0.0006819533882662654,0.00924665667116642,-0.000618384568952024,0.012271354212983358,changed,1
12,-64.50352897620225,-12.365309885905214,2016-01-25,0.008615000173449516,0.003822589758783579,-0.03523639217019081,0.0,0.05312918871641159,-0.0644439160823822,0.0006819533882662654,0.00924665667116642,-0.000618384568952024,0.012140321551511367,changed,1
12,-64.50352897620225,-12.365309885905214,2016-01-31,0.0,0.003822589758783579,-0.03523639217019081,0.0,0.05312918871641159,-0.0644439160823822,0.0006819533882662654,0.00924665667116642,-0.000618384568952024,0.012409434481611824,changed,1
12,-64.50352897620225,-12.365309885905214,2016-02-06,0.0,0.003822589758783579,-0.03523639217019081,0.0,0.05312918871641159,-0.0644439160823822,0.0006819533882662654,0.00924665667116642,-0.000618384568952024,0.012846408349840605,changed,1
12,-64.50352897620225,-12.365309885905214,2016-02-12,0.00501250009983778,0.003822589758783579,-0.03523639217019081,0.0,0.05312918871641159,-0.0644439160823822,0.0006819533882662654,0.00924665667116642,-0.000618384568952024,0.013267545807488915,changed,1
12,-64.50352897620225,-12.365309885905214,2016-02-18,0.0,0.003822589758783579,-0.03523639217019081,0.0,0.05312918871641159,-0.0644439160823822,0.0006819533882662654,0.00924665667116642,-0.000618384568952024,0.013545202828043404,changed,1
12,-64.50352897620225,-12.365309885905214,2016-02-24,0.0,0.003822589758783579,-0.03523639217019081,0.0,0.05312918871641159,-0.0644439160823822,0.0006819533882662654,0.00924665667116642,-0.000618384568952024,0.013609227288801998,changed,1
12,-64.50352897620225,-12.365309885905214,2016-03-01,0.0,0.003822589758783579,-0.03523639217019081,0.0,0.05312918871641159,-0.0644439160823822,0.0006819533882662654,0.00924665667116642,-0.000618384568952024,0.013442258371621899,changed,1
12,-64.50352897620225,-12.365309885905214,2016-03-07,0.0,0.003822589758783579,-0.03523639217019081,0.0,0.05312918871641159,-0.0644439160823822,0.0006819533882662654,0.00924665667116642,-0.000618384568952024,0.013069223804915694,changed,1
12,-64.50352897620225,-12.365309885905214,2016-03-13,0.002922500018030405,0.003822589758783579,-0.03523639217019081,0.0,0.05312918871641159,-0.0644439160823822,0.0006819533882662654,0.00924665667116642,-0.000618384568952024,0.012544017503994802,changed,1
12,-64.50352897620225,-12.365309885905214,2016-03-19,0.0,0.003822589758783579,-0.03523639217019081,0.0,0.05312918871641159,-0.0644439160823822,0.0006819533882662654,0.00924665667116642,-0.000618384568952024,0.011934572321718698,changed,1
12,-64.50352897620225,-12.365309885905214,2016-03-25,0.0,0.003822589758783579,-0.03523639217019081,0.0,0.05312918871641159,-0.0644439160823822,0.0006819533882662654,0.00924665667116642,-0.000618384568952024,0.01130751827814527,changed,1
12,-64.50352897620225,-12.365309885905214,2016-03-31,0.0,0.003822589758783579,-0.03523639217019081,0.0,0.05312918871641159,-0.0644439160823822,0.0006819533882662654,0.00924665667116642,-0.000618384568952024,0.010715812840535459,changed,1
12,-64.50352897620225,-12.365309885905214,2016-04-06,0.0,0.003822589758783579,-0.03523639217019081,0.0,0.05312918871641159,-0.0644439160823822,0.0006819533882662654,0.00924665667116642,-0.000618384568952024,0.010189592563201202,changed,1
12,-64.50352897620225,-12.365309885905214,2016-04-12,0.0,0.003822589758783579,-0.03523639217019081,0.0,0.05312918871641159,-0.0644439160823822,0.0006819533882662654,0.00924665667116642,-0.000618384568952024,0.0097322545196286,changed,1
12,-64.50352897620225,-12.365309885905214,2016-04-18,0.0,0.003822589758783579,-0.03523639217019081,0.0,0.05312918871641159,-0.0644439160823822,0.0006819533882662654,0.00924665667116642,-0.000618384568952024,0.009321047488067946,changed,1
12,-64.50352897620225,-12.365309885905214,2016-04-24,0.0,0.003822589758783579,-0.03523639217019081,0.0,0.05312918871641159,-0.0644439160823822,0.0006819533882662654,0.00924665667116642,-0.000618384568952024,0.008913404738387837,changed,1
12,-64.50352897620225,-12.365309885905214,2016-04-30,0.0,0.003822589758783579,-0.03523639217019081,0.0,0.05312918871641159,-0.0644439160823822,0.0006819533882662654,0.00924665667116642,-0.000618384568952024,0.008457651184181833,changed,1
12,-64.50352897620225,-12.365309885905214,2016-05-06,0.0,0.003822589758783579,-0.03523639217019081,0.0,0.05312918871641159,-0.0644439160823822,0.0006819533882662654,0.00924665667116642,-0.000618384568952024,0.007906072438071433,changed,1
12,-64.50352897620225,-12.365309885905214,2016-05-12,0.0,0.003822589758783579,-0.03523639217019081,0.0,0.05312918871641159,-0.0644439160823822,0.0006819533882662654,0.00924665667116642,-0.000618384568952024,0.0072300620598902895,changed,1
12,-64.50352897620225,-12.365309885905214,2016-05-18,0.0,0.003822589758783579,-0.03523639217019081,0.0,0.05312918871641159,-0.0644439160823822,0.0006819533882662654,0.00924665667116642,-0.000618384568952024,0.00643427696796392,changed,1
12,-64.50352897620225,-12.365309885905214,2016-05-24,0.0,0.003822589758783579,-0.03523639217019081,0.0,0.05312918871641159,-0.0644439160823822,0.0006819533882662654,0.00924665667116642,-0.000618384568952024,0.0055687351820793915,changed,1
12,-64.50352897620225,-12.365309885905214,2016-05-30,0.0,0.003822589758783579,-0.03523639217019081,0.0,0.05312918871641159,-0.0644439160823822,0.0006819533882662654,0.00924665667116642,-0.000618384568952024,0.0047359089018444295,changed,1
12,-64.50352897620225,-12.365309885905214,2016-06-05,0.0,0.003822589758783579,-0.03523639217019081,0.0,0.05312918871641159,-0.0644439160823822,0.0006819533882662654,0.00924665667116642,-0.000618384568952024,0.004092943067799337,changed,1
12,-64.50352897620225,-12.365309885905214,2016-06-11,0.0,0.003822589758783579,-0.03523639217019081,0.0,0.05312918871641159,-0.0644439160823822,0.0006819533882662654,0.00924665667116642,-0.000618384568952024,0.003847424330895681,changed,1
12,-64.50352897620225,-12.365309885905214,2016-06-17,0.003005000064149499,0.003822589758783579,-0.03523639217019081,0.0,0.05312918871641159,-0.0644439160823822,0.0006819533882662654,0.00924665667116642,-0.000618384568952024,0.0042459310110826536,changed,1
12,-64.50352897620225,-12.365309885905214,2016-06-23,0.0,0.003822589758783579,-0.03523639217019081,0.0,0.05312918871641159,-0.0644439160823822,0.0006819533882662654,0.00924665667116642,-0.000618384568952024,0.0055571806721714245,changed,1
12,-64.50352897620225,-12.365309885905214,2016-06-29,0.005150000099092722,0.003822589758783579,-0.03523639217019081,0.0,0.05312918871641159,-0.0644439160823822,0.0006819533882662654,0.00924665667116642,-0.000618384568952024,0.00805034069472313,changed,1
12,-64.50352897620225,-12.365309885905214,2016-07-05,0.012437500059604645,0.003822589758783579,-0.03523639217019081,0.0,0.05312918871641159,-0.0644439160823822,0.0006819533882662654,0.00924665667116642,-0.000618384568952024,0.011969502160332463,changed,1
12,-64.50352897620225,-12.365309885905214,2016-07-11,0.05333000048995018,0.003822589758783579,-0.03523639217019081,0.0,0.05312918871641159,-0.0644439160823822,0.0006819533882662654,0.00924665667116642,-0.000618384568952024,0.01750799718525836,changed,1
12,-64.50352897620225,-12.365309885905214,2016-07-17,0.0,0.003822589758783579,-0.03523639217019081,0.0,0.05312918871641159,-0.0644439160823822,0.0006819533882662654,0.00924665667116642,-0.000618384568952024,0.024783703111217487,changed,1
12,-64.50352897620225,-12.365309885905214,2016-07-23,0.07203000038862228,0.003822589758783579,-0.03523639217019081,0.0,0.05312918871641159,-0.0644439160823822,0.0006819533882662654,0.00924665667116642,-0.000618384568952024,0.03381864944360042,changed,1
12,-64.50352897620225,-12.365309885905214,2016-07-29,0.07071000337600708,0.003822589758783579,-0.03523639217019081,0.0,0.05312918871641159,-0.0644439160823822,0.0006819533882662654,0.00924665667116642,-0.000618384568952024,0.04452392630499402,changed,1
12,-64.50352897620225,-12.365309885905214,2016-08-04,0.09606499969959259,0.003822589758783579,-0.03523639217019081,0.0,0.05312918871641159,-0.0644439160823822,0.0006819533882662654,0.00924665667116642,-0.000618384568952024,0.05669300390712041,changed,1
12,-64.50352897620225,-12.365309885905214,2016-08-10,0.0,0.003822589758783579,-0.03523639217019081,0.0,0.05312918871641159,-0.0644439160823822,0.0006819533882662654,0.00924665667116642,-0.000618384568952024,0.07000395085348221,changed,1
12,-64.50352897620225,-12.365309885905214,2016-08-16,0.0,0.003822589758783579,-0.03523639217019081,0.0,0.05312918871641159,-0.0644439160823822,0.0006819533882662654,0.00924665667116642,-0.000618384568952024,0.08403024058657793,changed,1
12,-64.50352897620225,-12.365309885905214,2016-08-22,0.0,0.003822589758783579,-0.03523639217019081,0.0,0.05312918871641159,-0.0644439160823822,0.0006819533882662654,0.00924665667116642,-0.000618384568952024,0.09826105913638017,changed,1
12,-64.50352897620225,-12.365309885905214,2016-08-28,0.0,0.003822589758783579,-0.03523639217019081,0.0,0.05312918871641159,-0.0644439160823822,0.0006819533882662654,0.00924665667116642,-0.000618384568952024,0.11212927324112507,changed,1
12,-64.50352897620225,-12.365309885905214,2016-09-03,0.0,0.003822589758783579,-0.03523639217019081,0.0,0.05312918871641159,-0.0644439160823822,0.0006819533882662654,0.00924665667116642,-0.000618384568952024,0.12504444047978153,changed,1
12,-64.50352897620225,-12.365309885905214,2016-09-09,0.0,0.003822589758783579,-0.03523639217019081,0.0,0.05312918871641159,-0.0644439160823822,0.0006819533882662654,0.00924665667116642,-0.000618384568952024,0.13642983871873723,changed,1
12,-64.50352897620225,-12.365309885905214,2016-09-15,0.0,0.003822589758783579,-0.03523639217019081,0.0,0.05312918871641159,-0.0644439160823822,0.0006819533882662654,0.00924665667116642,-0.000618384568952024,0.14575960520231884,changed,1
12,-64.50352897620225,-12.365309885905214,2016-09-21,0.30842000246047974,0.003822589758783579,-0.03523639217019081,0.0,0.05312918871641159,-0.0644439160823822,0.0006819533882662654,0.00924665667116642,-0.000618384568952024,0.15259383750394256,changed,1
12,-64.50352897620225,-12.365309885905214,2016-09-27,0.0,0.003822589758783579,-0.03523639217019081,0.0,0.05312918871641159,-0.0644439160823822,0.0006819533882662654,0.00924665667116642,-0.000618384568952024,0.15660784894379956,changed,1
12,-64.50352897620225,-12.365309885905214,2016-10-03,0.21890750527381897,0.003822589758783579,-0.03523639217019081,0.0,0.05312918871641159,-0.0644439160823822,0.0006819533882662654,0.00924665667116642,-0.000618384568952024,0.1576145354827341,changed,1
12,-64.50352897620225,-12.365309885905214,2016-10-09,0.0,0.003822589758783579,-0.03523639217019081,0.0,0.05312918871641159,-0.0644439160823822,0.0006819533882662654,0.00924665667116642,-0.000618384568952024,0.15557740325363204,changed,1
12,-64.50352897620225,-12.365309885905214,2016-10-15,0.0,0.003822589758783579,-0.03523639217019081,0.0,0.05312918871641159,-0.0644439160823822,0.0006819533882662654,0.00924665667116642,-0.000618384568952024,0.15061258374031836,changed,1
12,-64.50352897620225,-12.365309885905214,2016-10-21,0.0,0.003822589758783579,-0.03523639217019081,0.0,0.05312918871641159,-0.0644439160823822,0.0006819533882662654,0.00924665667116642,-0.000618384568952024,0.14298100927444082,changed,1
12,-64.50352897620225,-12.365309885905214,2016-10-27,0.0,0.003822589758783579,-0.03523639217019081,0.0,0.05312918871641159,-0.0644439160823822,0.0006819533882662654,0.00924665667116642,-0.000618384568952024,0.13307021910128103,changed,1
12,-64.50352897620225,-12.365309885905214,2016-11-02,0.0,0.003822589758783579,-0.03523639217019081,0.0,0.05312918871641159,-0.0644439160823822,0.0006819533882662654,0.00924665667116642,-0.000618384568952024,0.12136815215631105,changed,1
12,-64.50352897620225,-12.365309885905214,2016-11-08,0.0,0.003822589758783579,-0.03523639217019081,0.0,0.05312918871641159,-0.0644439160823822,0.0006819533882662654,0.00924665667116642,-0.000618384568952024,0.10842980704121156,changed,1
12,-64.50352897620225,-12.365309885905214,2016-11-14,0.0,0.003822589758783579,-0.03523639217019081,0.0,0.05312918871641159,-0.0644439160823822,0.0006819533882662654,0.00924665667116642,-0.000618384568952024,0.09484089040489467,changed,1
12,-64.50352897620225,-12.365309885905214,2016-11-20,0.0,0.003822589758783579,-0.03523639217019081,0.0,0.05312918871641159,-0.0644439160823822,0.0006819533882662654,0.00924665667116642,-0.000618384568952024,0.08118055975361409,changed,1
12,-64.50352897620225,-12.365309885905214,2016-11-26,0.0,0.003822589758783579,-0.03523639217019081,0.0,0.05312918871641159,-0.0644439160823822,0.0006819533882662654,0.00924665667116642,-0.000618384568952024,0.0679854897898147,changed,1
12,-64.50352897620225,-12.365309885905214,2016-12-02,0.0,0.003822589758783579,-0.03523639217019081,0.0,0.05312918871641159,-0.0644439160823822,0.0006819533882662654,0.00924665667116642,-0.000618384568952024,0.05571932703143159,changed,1
12,-64.50352897620225,-12.365309885905214,2016-12-08,0.0,0.003822589758783579,-0.03523639217019081,0.0,0.05312918871641159,-0.0644439160823822,0.0006819533882662654,0.00924665667116642,-0.000618384568952024,0.04474895714977526,changed,1
12,-64.50352897620225,-12.365309885905214,2016-12-14,0.0,0.003822589758783579,-0.03523639217019081,0.0,0.05312918871641159,-0.0644439160823822,0.0006819533882662654,0.00924665667116642,-0.000618384568952024,0.0353285569814042,changed,1
12,-64.50352897620225,-12.365309885905214,2016-12-20,0.0,0.003822589758783579,-0.03523639217019081,0.0,0.05312918871641159,-0.0644439160823822,0.0006819533882662654,0.00924665667116642,-0.000618384568952024,0.027593590530559223,changed,1
12,-64.50352897620225,-12.365309885905214,2016-12-26,0.0,0.003822589758783579,-0.03523639217019081,0.0,0.05312918871641159,-0.0644439160823822,0.0006819533882662654,0.00924665667116642,-0.000618384568952024,0.021563636274691253,changed,1
12,-64.50352897620225,-12.365309885905214,2017-01-01,0.0,0.003822589758783579,-0.03523639217019081,0.0,0.05312918871641159,-0.0644439160823822,0.0006819533882662654,0.00924665667116642,-0.000618384568952024,0.017154083703695682,changed,1
12,-64.50352897620225,-12.365309885905214,2017-01-07,0.0,0.003822589758783579,-0.03523639217019081,0.0,0.05312918871641159,-0.0644439160823822,0.0006819533882662654,0.00924665667116642,-0.000618384568952024,0.014187740147829708,changed,1
12,-64.50352897620225,-12.365309885905214,2017-01-13,0.0,0.003822589758783579,-0.03523639217019081,0.0,0.05312918871641159,-0.0644439160823822,0.0006819533882662654,0.00924665667116642,-0.000618384568952024,0.012443668704205695,changed,1
12,-64.50352897620225,-12.365309885905214,2017-01-19,0.0,0.003822589758783579,-0.03523639217019081,0.0,0.05312918871641159,-0.0644439160823822,0.0006819533882662654,0.00924665667116642,-0.000618384568952024,0.01164956390308955,changed,1
12,-64.50352897620225,-12.365309885905214,2017-01-25,0.0,0.003822589758783579,-0.03523639217019081,0.0,0.05312918871641159,-0.0644439160823822,0.0006819533882662654,0.00924665667116642,-0.000618384568952024,0.011523139178589784,changed,1
12,-64.50352897620225,-12.365309885905214,2017-01-31,0.0,0.003822589758783579,-0.03523639217019081,0.0,0.05312918871641159,-0.0644439160823822,0.0006819533882662654,0.00924665667116642,-0.000618384568952024,0.01179637005517753,changed,1
12,-64.50352897620225,-12.365309885905214,2017-02-06,0.0,0.003822589758783579,-0.03523639217019081,0.0,0.05312918871641159,-0.0644439160823822,0.0006819533882662654,0.00924665667116642,-0.000618384568952024,0.012235517655041946,changed,1
12,-64.50352897620225,-12.365309885905214,2017-02-12,0.0,0.003822589758783579,-0.03523639217019081,0.0,0.05312918871641159,-0.0644439160823822,0.0006819533882662654,0.00924665667116642,-0.000618384568952024,0.012656117613066217,changed,1
12,-64.50352897620225,-12.365309885905214,2017-02-18,0.0,0.003822589758783579,-0.03523639217019081,0.0,0.05312918871641159,-0.0644439160823822,0.0006819533882662654,0.00924665667116642,-0.000618384568952024,0.012930660737220587,changed,1
12,-64.50352897620225,-12.365309885905214,2017-02-24,0.0,0.003822589758783579,-0.03523639217019081,0.0,0.05312918871641159,-0.0644439160823822,0.0006819533882662654,0.00924665667116642,-0.000618384568952024,0.012989501431341866,changed,1
12,-64.50352897620225,-12.365309885905214,2017-03-02,0.0,0.003822589758783579,-0.03523639217019081,0.0,0.05312918871641159,-0.0644439160823822,0.0006819533882662654,0.00924665667116642,-0.000618384568952024,0.012816181740583008,changed,1
12,-64.50352897620225,-12.365309885905214,2017-03-08,0.0,0.003822589758783579,-0.03523639217019081,0.0,0.05312918871641159,-0.0644439160823822,0.0006819533882662654,0.00924665667116642,-0.000618384568952024,0.0124369152573897,changed,1
12,-64.50352897620225,-12.365309885905214,2017-03-14,0.0,0.003822589758783579,-0.03523639217019081,0.0,0.05312918871641159,-0.0644439160823822,0.0006819533882662654,0.00924665667116642,-0.000618384568952024,0.011906584347781184,changed,1
12,-64.50352897620225,-12.365309885905214,2017-03-20,0.0,0.003822589758783579,-0.03523639217019081,0.0,0.05312918871641159,-0.0644439160823822,0.0006819533882662654,0.00924665667116642,-0.000618384568952024,0.011293773178306626,changed,1
12,-64.50352897620225,-12.365309885905214,2017-03-26,0.0,0.003822589758783579,-0.03523639217019081,0.0,0.05312918871641159,-0.0644439160823822,0.0006819533882662654,0.00924665667116642,-0.000618384568952024,0.010665526993795898,changed,1
12,-64.50352897620225,-12.365309885905214,2017-04-01,0.0,0.003822589758783579,-0.03523639217019081,0.0,0.05312918871641159,-0.0644439160823822,0.0006819533882662654,0.00924665667116642,-0.000618384568952024,0.010074362274793813,changed,1
12,-64.50352897620225,-12.365309885905214,2017-04-07,0.0,0.003822589758783579,-0.03523639217019081,0.0,0.05312918871641159,-0.0644439160823822,0.0006819533882662654,0.00924665667116642,-0.000618384568952024,0.009549784158702324,changed,1
12,-64.50352897620225,-12.365309885905214,2017-04-13,0.0,0.003822589758783579,-0.03523639217019081,0.0,0.05312918871641159,-0.0644439160823822,0.0006819533882662654,0.00924665667116642,-0.000618384568952024,0.009093982146410533,changed,1
12,-64.50352897620225,-12.365309885905214,2017-04-19,0.0,0.003822589758783579,-0.03523639217019081,0.0,0.05312918871641159,-0.0644439160823822,0.0006819533882662654,0.00924665667116642,-0.000618384568952024,0.008682857444696067,changed,1
12,-64.50352897620225,-12.365309885905214,2017-04-25,0.0,0.003822589758783579,-0.03523639217019081,0.0,0.05312918871641159,-0.0644439160823822,0.0006819533882662654,0.00924665667116642,-0.000618384568952024,0.008272937218693314,changed,1
12,-64.50352897620225,-12.365309885905214,2017-05-01,0.0,0.003822589758783579,-0.03523639217019081,0.0,0.05312918871641159,-0.0644439160823822,0.0006819533882662654,0.00924665667116642,-0.000618384568952024,0.007811921739676125,changed,1
12,-64.50352897620225,-12.365309885905214,2017-05-07,0.006607499904930592,0.003822589758783579,-0.03523639217019081,0.0,0.05312918871641159,-0.0644439160823822,0.0006819533882662654,0.00924665667116642,-0.000618384568952024,0.007252279897456887,changed,1
12,-64.50352897620225,-12.365309885905214,2017-05-13,0.0,0.003822589758783579,-0.03523639217019081,0.0,0.05312918871641159,-0.0644439160823822,0.0006819533882662654,0.00924665667116642,-0.000618384568952024,0.006566777506123091,changed,1
12,-64.50352897620225,-12.365309885905214,2017-05-19,0.0,0.003822589758783579,-0.03523639217019081,0.0,0.05312918871641159,-0.0644439160823822,0.0006819533882662654,0.00924665667116642,-0.000618384568952024,0.005762651379993149,changed,1
12,-64.50352897620225,-12.365309885905214,2017-05-25,0.0,0.003822589758783579,-0.03523639217019081,0.0,0.05312918871641159,-0.0644439160823822,0.0006819533882662654,0.00924665667116642,-0.000618384568952024,0.0048931381402674,changed,1
12,-64.50352897620225,-12.365309885905214,2017-05-31,0.007350000087171793,0.003822589758783579,-0.03523639217019081,0.0,0.05312918871641159,-0.0644439160823822,0.0006819533882662654,0.00924665667116642,-0.000618384568952024,0.004065269779937937,changed,1
12,-64.50352897620225,-12.365309885905214,2017-06-06,0.002537500113248825,0.003822589758783579,-0.03523639217019081,0.0,0.05312918871641159,-0.0644439160823822,0.0006819533882662654,0.00924665667116642,-0.000618384568952024,0.0034412423077099102,changed,1
12,-64.50352897620225,-12.365309885905214,2017-06-12,0.0020149999763816595,0.003822589758783579,-0.03523639217019081,0.0,0.05312918871641159,-0.0644439160823822,0.0006819533882662654,0.00924665667116642,-0.000618384568952024,0.0032332393623731165,changed,1
12,-64.50352897620225,-12.365309885905214,2017-06-18,0.0,0.003822589758783579,-0.03523639217019081,0.0,0.05312918871641159,-0.0644439160823822,0.0006819533882662654,0.00924665667116642,-0.000618384568952024,0.003692281342295052,changed,1
12,-64.50352897620225,-12.365309885905214,2017-06-24,0.0,0.003822589758783579,-0.03523639217019081,0.0,0.05312918871641159,-0.0644439160823822,0.0006819533882662654,0.00924665667116642,-0.000618384568952024,0.005090275345981804,changed,1
12,-64.50352897620225,-12.365309885905214,2017-06-30,0.007982499897480011,0.003822589758783579,-0.03523639217019081,0.0,0.05312918871641159,-0.0644439160823822,0.0006819533882662654,0.00924665667116642,-0.000618384568952024,0.007697261741004838,changed,1
12,-64.50352897620225,-12.365309885905214,2017-07-06,0.002894999925047159,0.003822589758783579,-0.03523639217019081,0.0,0.05312918871641159,-0.0644439160823822,0.0006819533882662654,0.00924665667116642,-0.000618384568952024,0.011756308773673379,changed,1
12,-64.50352897620225,-12.365309885905214,2017-07-12,0.0,0.003822589758783579,-0.03523639217019081,0.0,0.05312918871641159,-0.0644439160823822,0.0006819533882662654,0.00924665667116642,-0.000618384568952024,0.017456957516430904,changed,1
12,-64.50352897620225,-12.365309885905214,2017-07-18,0.005204999819397926,0.003822589758783579,-0.03523639217019081,0.0,0.05312918871641159,-0.0644439160823822,0.0006819533882662654,0.00924665667116642,-0.000618384568952024,0.02491035503937876,changed,1
12,-64.50352897620225,-12.365309885905214,2017-07-24,0.0024824999272823334,0.003822589758783579,-0.03523639217019081,0.0,0.05312918871641159,-0.0644439160823822,0.0006819533882662654,0.00924665667116642,-0.000618384568952024,0.03412918767139218,changed,1
12,-64.50352897620225,-12.365309885905214,2017-07-30,0.0261049997061491,0.003822589758783579,-0.03523639217019081,0.0,0.05312918871641159,-0.0644439160823822,0.0006819533882662654,0.00924665667116642,-0.000618384568952024,0.045013230369844434,changed,1
12,-64.50352897620225,-12.365309885905214,2017-08-05,0.0,0.003822589758783579,-0.03523639217019081,0.0,0.05312918871641159,-0.0644439160823822,0.0006819533882662654,0.00924665667116642,-0.000618384568952024,0.057342930519037744,changed,1
12,-64.50352897620225,-12.365309885905214,2017-08-11,0.03185249865055084,0.003822589758783579,-0.03523639217019081,0.0,0.05312918871641159,-0.0644439160823822,0.0006819533882662654,0.00924665667116642,-0.000618384568952024,0.0707827510263167,changed,1
12,-64.50352897620225,-12.365309885905214,2017-08-17,0.0,0.003822589758783579,-0.03523639217019081,0.0,0.05312918871641159,-0.0644439160823822,0.0006819533882662654,0.00924665667116642,-0.000618384568952024,0.08489326687032261,changed,1
12,-64.50352897620225,-12.365309885905214,2017-08-23,0.08963000029325485,0.003822589758783579,-0.03523639217019081,0.0,0.05312918871641159,-0.0644439160823822,0.0006819533882662654,0.00924665667116642,-0.000618384568952024,0.09915214112946205,changed,1
12,-64.50352897620225,-12.365309885905214,2017-08-29,0.0,0.003822589758783579,-0.03523639217019081,0.0,0.05312918871641159,-0.0644439160823822,0.0006819533882662654,0.00924665667116642,-0.000618384568952024,0.11298338416232051,changed,1
12,-64.50352897620225,-12.365309885905214,2017-09-04,0.0,0.003822589758783579,-0.03523639217019081,0.0,0.05312918871641159,-0.0644439160823822,0.0006819533882662654,0.00924665667116642,-0.000618384568952024,0.12579153344095828,changed,1
12,-64.50352897620225,-12.365309885905214,2017-09-10,0.06889499723911285,0.003822589758783579,-0.03523639217019081,0.0,0.05312918871641159,-0.0644439160823822,0.0006819533882662654,0.00924665667116642,-0.000618384568952024,0.1369988519383947,changed,1
12,-64.50352897620225,-12.365309885905214,2017-09-16,0.0,0.003822589758783579,-0.03523639217019081,0.0,0.05312918871641159,-0.0644439160823822,0.0006819533882662654,0.00924665667116642,-0.000618384568952024,0.14608345561275987,changed,1
12,-64.50352897620225,-12.365309885905214,2017-09-22,0.0,0.003822589758783579,-0.03523639217019081,0.0,0.05312918871641159,-0.0644439160823822,0.0006819533882662654,0.00924665667116642,-0.000618384568952024,0.15261389165149877,changed,1
12,-64.50352897620225,-12.365309885905214,2017-09-28,0.0,0.003822589758783579,-0.03523639217019081,0.0,0.05312918871641159,-0.0644439160823822,0.0006819533882662654,0.00924665667116642,-0.000618384568952024,0.1562782761787908,changed,1
12,-64.50352897620225,-12.365309885905214,2017-10-04,0.0,0.003822589758783579,-0.03523639217019081,0.0,0.05312918871641159,-0.0644439160823822,0.0006819533882662654,0.00924665667116642,-0.000618384568952024,0.1569061810929606,changed,1
12,-64.50352897620225,-12.365309885905214,2017-10-10,0.15194499492645264,0.003822589758783579,-0.03523639217019081,0.0,0.05312918871641159,-0.0644439160823822,0.0006819533882662654,0.00924665667116642,-0.000618384568952024,0.15447981757044213,changed,1
12,-64.50352897620225,-12.365309885905214,2017-10-16,0.0,0.003822589758783579,-0.03523639217019081,0.0,0.05312918871641159,-0.0644439160823822,0.0006819533882662654,0.00924665667116642,-0.000618384568952024,0.14913568143251224,changed,1
12,-64.50352897620225,-12.365309885905214,2017-10-22,0.0,0.003822589758783579,-0.03523639217019081,0.0,0.05312918871641159,-0.0644439160823822,0.0006819533882662654,0.00924665667116642,-0.000618384568952024,0.14115476743885805,changed,1
12,-64.50352897620225,-12.365309885905214,2017-10-28,0.0,0.003822589758783579,-0.03523639217019081,0.0,0.05312918871641159,-0.0644439160823822,0.0006819533882662654,0.00924665667116642,-0.000618384568952024,0.1309428360749868,changed,1
12,-64.50352897620225,-12.365309885905214,2017-11-03,0.0,0.003822589758783579,-0.03523639217019081,0.0,0.05312918871641159,-0.0644439160823822,0.0006819533882662654,0.00924665667116642,-0.000618384568952024,0.11900300304870362,changed,1
12,-64.50352897620225,-12.365309885905214,2017-11-09,0.0,0.003822589758783579,-0.03523639217019081,0.0,0.05312918871641159,-0.0644439160823822,0.0006819533882662654,0.00924665667116642,-0.000618384568952024,0.10590150515346394,changed,1
12,-64.50352897620225,-12.365309885905214,2017-11-15,0.0,0.003822589758783579,-0.03523639217019081,0.0,0.05312918871641159,-0.0644439160823822,0.0006819533882662654,0.00924665667116642,-0.000618384568952024,0.09223008326376253,changed,1
12,-64.50352897620225,-12.365309885905214,2017-11-21,0.0,0.003822589758783579,-0.03523639217019081,0.0,0.05312918871641159,-0.0644439160823822,0.0006819533882662654,0.00924665667116642,-0.000618384568952024,0.07856855562894524,changed,1
12,-64.50352897620225,-12.365309885905214,2017-11-27,0.0,0.003822589758783579,-0.03523639217019081,0.0,0.05312918871641159,-0.0644439160823822,0.0006819533882662654,0.00924665667116642,-0.000618384568952024,0.06544916286917843,changed,1
12,-64.50352897620225,-12.365309885905214,2017-12-03,0.0,0.003822589758783579,-0.03523639217019081,0.0,0.05312918871641159,-0.0644439160823822,0.0006819533882662654,0.00924665667116642,-0.000618384568952024,0.05332601332244277,changed,1
12,-64.50352897620225,-12.365309885905214,2017-12-09,0.0,0.003822589758783579,-0.03523639217019081,0.0,0.05312918871641159,-0.0644439160823822,0.0006819533882662654,0.00924665667116642,-0.000618384568952024,0.042552476827301546,changed,1
12,-64.50352897620225,-12.365309885905214,2017-12-15,0.0,0.003822589758783579,-0.03523639217019081,0.0,0.05312918871641159,-0.0644439160823822,0.0006819533882662654,0.00924665667116642,-0.000618384568952024,0.033366600202728684,changed,1
12,-64.50352897620225,-12.365309885905214,2017-12-21,0.0,0.003822589758783579,-0.03523639217019081,0.0,0.05312918871641159,-0.0644439160823822,0.0006819533882662654,0.00924665667116642,-0.000618384568952024,0.025886001620899827,changed,1
12,-64.50352897620225,-12.365309885905214,2017-12-27,0.0,0.003822589758783579,-0.03523639217019081,0.0,0.05312918871641159,-0.0644439160823822,0.0006819533882662654,0.00924665667116642,-0.000618384568952024,0.020112722310767536,changed,1
12,-64.50352897620225,-12.365309885905214,2018-01-02,0.0,0.003822589758783579,-0.03523639217019081,0.0,0.05312918871641159,-0.0644439160823822,0.0006819533882662654,0.00924665667116642,-0.000618384568952024,0.01594583994984452,changed,1
12,-64.50352897620225,-12.365309885905214,2018-01-07,0.0,0.003822589758783579,-0.03523639217019081,0.0,0.05312918871641159,-0.0644439160823822,0.0006819533882662654,0.00924665667116642,-0.000618384568952024,0.013569355578877684,changed,1
12,-64.50352897620225,-12.365309885905214,2018-01-13,0.0,0.003822589758783579,-0.03523639217019081,0.0,0.05312918871641159,-0.0644439160823822,0.0006819533882662654,0.00924665667116642,-0.000618384568952024,0.011825284135253671,changed,1
12,-64.50352897620225,-12.365309885905214,2018-01-19,0.0,0.003822589758783579,-0.03523639217019081,0.0,0.05312918871641159,-0.0644439160823822,0.0006819533882662654,0.00924665667116642,-0.000618384568952024,0.011031179334137525,changed,1
12,-64.50352897620225,-12.365309885905214,2018-01-25,0.0,0.003822589758783579,-0.03523639217019081,0.0,0.05312918871641159,-0.0644439160823822,0.0006819533882662654,0.00924665667116642,-0.000618384568952024,0.01090475460963776,changed,1
12,-64.50352897620225,-12.365309885905214,2018-01-31,0.0,0.003822589758783579,-0.03523639217019081,0.0,0.05312918871641159,-0.0644439160823822,0.0006819533882662654,0.00924665667116642,-0.000618384568952024,0.011177985486225506,changed,1
12,-64.50352897620225,-12.365309885905214,2018-02-06,0.0,0.003822589758783579,-0.03523639217019081,0.0,0.05312918871641159,-0.0644439160823822,0.0006819533882662654,0.00924665667116642,-0.000618384568952024,0.011617133086089922,changed,1
12,-64.50352897620225,-12.365309885905214,2018-02-12,0.0061125000938773155,0.003822589758783579,-0.03523639217019081,0.0,0.05312918871641159,-0.0644439160823822,0.0006819533882662654,0.00924665667116642,-0.000618384568952024,0.012037733044114193,changed,1
12,-64.50352897620225,-12.365309885905214,2018-02-18,0.0,0.003822589758783579,-0.03523639217019081,0.0,0.05312918871641159,-0.0644439160823822,0.0006819533882662654,0.00924665667116642,-0.000618384568952024,0.012312276168268563,changed,1
12,-64.50352897620225,-12.365309885905214,2018-02-24,0.0,0.003822589758783579,-0.03523639217019081,0.0,0.05312918871641159,-0.0644439160823822,0.0006819533882662654,0.00924665667116642,-0.000618384568952024,0.012371116862389842,changed,1
12,-64.50352897620225,-12.365309885905214,2018-03-02,0.0,0.003822589758783579,-0.03523639217019081,0.0,0.05312918871641159,-0.0644439160823822,0.0006819533882662654,0.00924665667116642,-0.000618384568952024,0.012197797171630984,changed,1
12,-64.50352897620225,-12.365309885905214,2018-03-08,0.0,0.003822589758783579,-0.03523639217019081,0.0,0.05312918871641159,-0.0644439160823822,0.0006819533882662654,0.00924665667116642,-0.000618384568952024,0.011818530688437676,changed,1
12,-64.50352897620225,-12.365309885905214,2018-03-14,0.0,0.003822589758783579,-0.03523639217019081,0.0,0.05312918871641159,-0.0644439160823822,0.0006819533882662654,0.00924665667116642,-0.000618384568952024,0.01128819977882916,changed,1
12,-64.50352897620225,-12.365309885905214,2018-03-20,0.0,0.003822589758783579,-0.03523639217019081,0.0,0.05312918871641159,-0.0644439160823822,0.0006819533882662654,0.00924665667116642,-0.000618384568952024,0.010675388609354602,changed,1
12,-64.50352897620225,-12.365309885905214,2018-03-26,0.0,0.003822589758783579,-0.03523639217019081,0.0,0.05312918871641159,-0.0644439160823822,0.0006819533882662654,0.00924665667116642,-0.000618384568952024,0.010047142424843874,changed,1
12,-64.50352897620225,-12.365309885905214,2018-04-01,0.0,0.003822589758783579,-0.03523639217019081,0.0,0.05312918871641159,-0.0644439160823822,0.0006819533882662654,0.00924665667116642,-0.000618384568952024,0.009455977705841789,changed,1
12,-64.50352897620225,-12.365309885905214,2018-04-07,0.0,0.003822589758783579,-0.03523639217019081,0.0,0.05312918871641159,-0.0644439160823822,0.0006819533882662654,0.00924665667116642,-0.000618384568952024,0.0089313995897503,changed,1
12,-64.50352897620225,-12.365309885905214,2018-04-13,0.0,0.003822589758783579,-0.03523639217019081,0.0,0.05312918871641159,-0.0644439160823822,0.0006819533882662654,0.00924665667116642,-0.000618384568952024,0.00847559757745851,changed,1
12,-64.50352897620225,-12.365309885905214,2018-04-19,0.0,0.003822589758783579,-0.03523639217019081,0.0,0.05312918871641159,-0.0644439160823822,0.0006819533882662654,0.00924665667116642,-0.000618384568952024,0.008064472875744043,changed,1
12,-64.50352897620225,-12.365309885905214,2018-04-25,0.0020425000693649054,0.003822589758783579,-0.03523639217019081,0.0,0.05312918871641159,-0.0644439160823822,0.0006819533882662654,0.00924665667116642,-0.000618384568952024,0.0076545526497412905,changed,1
12,-64.50352897620225,-12.365309885905214,2018-05-01,0.004050000105053186,0.003822589758783579,-0.03523639217019081,0.0,0.05312918871641159,-0.0644439160823822,0.0006819533882662654,0.00924665667116642,-0.000618384568952024,0.007193537170724101,changed,1
12,-64.50352897620225,-12.365309885905214,2018-05-07,0.0,0.003822589758783579,-0.03523639217019081,0.0,0.05312918871641159,-0.0644439160823822,0.0006819533882662654,0.00924665667116642,-0.000618384568952024,0.006633895328504863,changed,1
12,-64.50352897620225,-12.365309885905214,2018-05-13,0.0,0.003822589758783579,-0.03523639217019081,0.0,0.05312918871641159,-0.0644439160823822,0.0006819533882662654,0.00924665667116642,-0.000618384568952024,0.005948392937171067,changed,1
12,-64.50352897620225,-12.365309885905214,2018-05-19,0.0,0.003822589758783579,-0.03523639217019081,0.0,0.05312918871641159,-0.0644439160823822,0.0006819533882662654,0.00924665667116642,-0.000618384568952024,0.005144266811041125,changed,1
12,-64.50352897620225,-12.365309885905214,2018-05-25,0.0020149999763816595,0.003822589758783579,-0.03523639217019081,0.0,0.05312918871641159,-0.0644439160823822,0.0006819533882662654,0.00924665667116642,-0.000618384568952024,0.004274753571315376,changed,1
12,-64.50352897620225,-12.365309885905214,2018-05-31,0.0,0.003822589758783579,-0.03523639217019081,0.0,0.05312918871641159,-0.0644439160823822,0.0006819533882662654,0.00924665667116642,-0.000618384568952024,0.003446885210985913,changed,1
12,-64.50352897620225,-12.365309885905214,2018-06-06,0.0,0.003822589758783579,-0.03523639217019081,0.0,0.05312918871641159,-0.0644439160823822,0.0006819533882662654,0.00924665667116642,-0.000618384568952024,0.0028228577387578863,changed,1
12,-64.50352897620225,-12.365309885905214,2018-06-12,0.0,0.003822589758783579,-0.03523639217019081,0.0,0.05312918871641159,-0.0644439160823822,0.0006819533882662654,0.00924665667116642,-0.000618384568952024,0.0026148547934210925,changed,1
12,-64.50352897620225,-12.365309885905214,2018-06-18,0.0,0.003822589758783579,-0.03523639217019081,0.0,0.05312918871641159,-0.0644439160823822,0.0006819533882662654,0.00924665667116642,-0.000618384568952024,0.003073896773343028,changed,1
12,-64.50352897620225,-12.365309885905214,2018-06-24,0.003169999923557043,0.003822589758783579,-0.03523639217019081,0.0,0.05312918871641159,-0.0644439160823822,0.0006819533882662654,0.00924665667116642,-0.000618384568952024,0.00447189077702978,changed,1
12,-64.50352897620225,-12.365309885905214,2018-06-30,0.0,0.003822589758783579,-0.03523639217019081,0.0,0.05312918871641159,-0.0644439160823822,0.0006819533882662654,0.00924665667116642,-0.000618384568952024,0.007078877172052814,changed,1
12,-64.50352897620225,-12.365309885905214,2018-07-06,0.0024274999741464853,0.003822589758783579,-0.03523639217019081,0.0,0.05312918871641159,-0.0644439160823822,0.0006819533882662654,0.00924665667116642,-0.000618384568952024,0.011137924204721355,changed,1
12,-64.50352897620225,-12.365309885905214,2018-07-12,0.0019325000466778874,0.003822589758783579,-0.03523639217019081,0.0,0.05312918871641159,-0.0644439160823822,0.0006819533882662654,0.00924665667116642,-0.000618384568952024,0.01683857294747888,changed,1
12,-64.50352897620225,-12.365309885905214,2018-07-18,0.012134999968111515,0.003822589758783579,-0.03523639217019081,0.0,0.05312918871641159,-0.0644439160823822,0.0006819533882662654,0.00924665667116642,-0.000618384568952024,0.024291970470426735,changed,1
12,-64.50352897620225,-12.365309885905214,2018-07-24,0.0,0.003822589758783579,-0.03523639217019081,0.0,0.05312918871641159,-0.0644439160823822,0.0006819533882662654,0.00924665667116642,-0.000618384568952024,0.03351080310244016,changed,1
12,-64.50352897620225,-12.365309885905214,2018-07-30,0.005260000005364418,0.003822589758783579,-0.03523639217019081,0.0,0.05312918871641159,-0.0644439160823822,0.0006819533882662654,0.00924665667116642,-0.000618384568952024,0.04439484580089241,changed,1
12,-64.50352897620225,-12.365309885905214,2018-08-05,0.0,0.003822589758783579,-0.03523639217019081,0.0,0.05312918871641159,-0.0644439160823822,0.0006819533882662654,0.00924665667116642,-0.000618384568952024,0.05672454595008572,changed,1
12,-64.50352897620225,-12.365309885905214,2018-08-11,0.05137750133872032,0.003822589758783579,-0.03523639217019081,0.0,0.05312918871641159,-0.0644439160823822,0.0006819533882662654,0.00924665667116642,-0.000618384568952024,0.07016436645736468,changed,1
12,-64.50352897620225,-12.365309885905214,2018-08-17,0.0,0.003822589758783579,-0.03523639217019081,0.0,0.05312918871641159,-0.0644439160823822,0.0006819533882662654,0.00924665667116642,-0.000618384568952024,0.08427488230137059,changed,1
12,-64.50352897620225,-12.365309885905214,2018-08-23,0.06644749641418457,0.003822589758783579,-0.03523639217019081,0.0,0.05312918871641159,-0.0644439160823822,0.0006819533882662654,0.00924665667116642,-0.000618384568952024,0.09853375656051003,changed,1
12,-64.50352897620225,-12.365309885905214,2018-08-29,0.0,0.003822589758783579,-0.03523639217019081,0.0,0.05312918871641159,-0.0644439160823822,0.0006819533882662654,0.00924665667116642,-0.000618384568952024,0.11236499959336849,changed,1
12,-64.50352897620225,-12.365309885905214,2018-09-04,0.0,0.003822589758783579,-0.03523639217019081,0.0,0.05312918871641159,-0.0644439160823822,0.0006819533882662654,0.00924665667116642,-0.000618384568952024,0.12517314887200626,changed,1
12,-64.50352897620225,-12.365309885905214,2018-09-10,0.0,0.003822589758783579,-0.03523639217019081,0.0,0.05312918871641159,-0.0644439160823822,0.0006819533882662654,0.00924665667116642,-0.000618384568952024,0.13638046736944268,changed,1
12,-64.50352897620225,-12.365309885905214,2018-09-16,0.0,0.003822589758783579,-0.03523639217019081,0.0,0.05312918871641159,-0.0644439160823822,0.0006819533882662654,0.00924665667116642,-0.000618384568952024,0.14546507104380785,changed,1
12,-64.50352897620225,-12.365309885905214,2018-09-22,0.0,0.003822589758783579,-0.03523639217019081,0.0,0.05312918871641159,-0.0644439160823822,0.0006819533882662654,0.00924665667116642,-0.000618384568952024,0.15199550708254675,changed,1
12,-64.50352897620225,-12.365309885905214,2018-09-28,0.1923149973154068,0.003822589758783579,-0.03523639217019081,0.0,0.05312918871641159,-0.0644439160823822,0.0006819533882662654,0.00924665667116642,-0.000618384568952024,0.15565989160983879,changed,1
12,-64.50352897620225,-12.365309885905214,2018-10-04,0.0,0.003822589758783579,-0.03523639217019081,0.0,0.05312918871641159,-0.0644439160823822,0.0006819533882662654,0.00924665667116642,-0.000618384568952024,0.15628779652400857,changed,1
12,-64.50352897620225,-12.365309885905214,2018-10-10,0.0,0.003822589758783579,-0.03523639217019081,0.0,0.05312918871641159,-0.0644439160823822,0.0006819533882662654,0.00924665667116642,-0.000618384568952024,0.1538614330014901,changed,1
12,-64.50352897620225,-12.365309885905214,2018-10-16,0.0,0.003822589758783579,-0.03523639217019081,0.0,0.05312918871641159,-0.0644439160823822,0.0006819533882662654,0.00924665667116642,-0.000618384568952024,0.14851729686356022,changed,1
12,-64.50352897620225,-12.365309885905214,2018-10-22,0.0,0.003822589758783579,-0.03523639217019081,0.0,0.05312918871641159,-0.0644439160823822,0.0006819533882662654,0.00924665667116642,-0.000618384568952024,0.14053638286990602,changed,1
12,-64.50352897620225,-12.365309885905214,2018-10-28,0.0,0.003822589758783579,-0.03523639217019081,0.0,0.05312918871641159,-0.0644439160823822,0.0006819533882662654,0.00924665667116642,-0.000618384568952024,0.13032445150603478,changed,1
12,-64.50352897620225,-12.365309885905214,2018-11-03,0.0,0.003822589758783579,-0.03523639217019081,0.0,0.05312918871641159,-0.0644439160823822,0.0006819533882662654,0.00924665667116642,-0.000618384568952024,0.1183846184797516,changed,1
12,-64.50352897620225,-12.365309885905214,2018-11-09,0.0,0.003822589758783579,-0.03523639217019081,0.0,0.05312918871641159,-0.0644439160823822,0.0006819533882662654,0.00924665667116642,-0.000618384568952024,0.10528312058451192,changed,1
12,-64.50352897620225,-12.365309885905214,2018-11-15,0.0,0.003822589758783579,-0.03523639217019081,0.0,0.05312918871641159,-0.0644439160823822,0.0006819533882662654,0.00924665667116642,-0.000618384568952024,0.0916116986948105,changed,1
12,-64.50352897620225,-12.365309885905214,2018-11-21,0.0,0.003822589758783579,-0.03523639217019081,0.0,0.05312918871641159,-0.0644439160823822,0.0006819533882662654,0.00924665667116642,-0.000618384568952024,0.07795017105999322,changed,1
12,-64.50352897620225,-12.365309885905214,2018-11-27,0.0,0.003822589758783579,-0.03523639217019081,0.0,0.05312918871641159,-0.0644439160823822,0.0006819533882662654,0.00924665667116642,-0.000618384568952024,0.0648307783002264,changed,1
12,-64.50352897620225,-12.365309885905214,2018-12-03,0.0,0.003822589758783579,-0.03523639217019081,0.0,0.05312918871641159,-0.0644439160823822,0.0006819533882662654,0.00924665667116642,-0.000618384568952024,0.052707628753490755,changed,1
12,-64.50352897620225,-12.365309885905214,2018-12-09,0.0,0.003822589758783579,-0.03523639217019081,0.0,0.05312918871641159,-0.0644439160823822,0.0006819533882662654,0.00924665667116642,-0.000618384568952024,0.04193409225834952,changed,1
12,-64.50352897620225,-12.365309885905214,2018-12-15,0.0,0.003822589758783579,-0.03523639217019081,0.0,0.05312918871641159,-0.0644439160823822,0.0006819533882662654,0.00924665667116642,-0.000618384568952024,0.03274821563377666,changed,1
12,-64.50352897620225,-12.365309885905214,2018-12-21,0.0,0.003822589758783579,-0.03523639217019081,0.0,0.05312918871641159,-0.0644439160823822,0.0006819533882662654,0.00924665667116642,-0.000618384568952024,0.025267617051947803,changed,1
12,-64.50352897620225,-12.365309885905214,2018-12-27,0.0,0.003822589758783579,-0.03523639217019081,0.0,0.05312918871641159,-0.0644439160823822,0.0006819533882662654,0.00924665667116642,-0.000618384568952024,0.019494337741815512,changed,1
12,-64.50352897620225,-12.365309885905214,2019-01-02,0.0,0.003822589758783579,-0.03523639217019081,0.0,0.05312918871641159,-0.0644439160823822,0.0006819533882662654,0.00924665667116642,-0.000618384568952024,0.015327455380892497,changed,1
13,-63.91962404152456,-12.733619152394217,2016-01-07,0.0,-0.0009614003938622773,0.017057230696082115,-0.010658557526767254,0.1757609248161316,-0.15124361217021942,0.0,-0.011408801190555096,-0.0027997714933007956,0.15368898904324277,changed,1
13,-63.91962404152456,-12.733619152394217,2016-01-13,0.0,-0.0009614003938622773,0.017057230696082115,-0.010658557526767254,0.1757609248161316,-0.15124361217021942,0.0,-0.011408801190555096,-0.0027997714933007956,0.13553094920538836,changed,1
13,-63.91962404152456,-12.733619152394217,2016-01-19,0.0,-0.0009614003938622773,0.017057230696082115,-0.010658557526767254,0.1757609248161316,-0.15124361217021942,0.0,-0.011408801190555096,-0.0027997714933007956,0.11849932773707322,changed,1
13,-63.91962404152456,-12.733619152394217,2016-01-25,0.0,-0.0009614003938622773,0.017057230696082115,-0.010658557526767254,0.1757609248161316,-0.15124361217021942,0.0,-0.011408801190555096,-0.0027997714933007956,0.10284752186102411,changed,1
13,-63.91962404152456,-12.733619152394217,2016-01-31,0.0,-0.0009614003938622773,0.017057230696082115,-0.010658557526767254,0.1757609248161316,-0.15124361217021942,0.0,-0.011408801190555096,-0.0027997714933007956,0.08870956314957479,changed,1
13,-63.91962404152456,-12.733619152394217,2016-02-06,0.0,-0.0009614003938622773,0.017057230696082115,-0.010658557526767254,0.1757609248161316,-0.15124361217021942,0.0,-0.011408801190555096,-0.0027997714933007956,0.076104851149942,changed,1
13,-63.91962404152456,-12.733619152394217,2016-02-12,0.10464499890804291,-0.0009614003938622773,0.017057230696082115,-0.010658557526767254,0.1757609248161316,-0.15124361217021942,0.0,-0.011408801190555096,-0.0027997714933007956,0.06495622678025509,changed,1
13,-63.91962404152456,-12.733619152394217,2016-02-18,0.0,-0.0009614003938622773,0.017057230696082115,-0.010658557526767254,0.1757609248161316,-0.15124361217021942,0.0,-0.011408801190555096,-0.0027997714933007956,0.055114039946115786,changed,1
13,-63.91962404152456,-12.733619152394217,2016-02-24,0.0,-0.0009614003938622773,0.017057230696082115,-0.010658557526767254,0.1757609248161316,-0.15124361217021942,0.0,-0.011408801190555096,-0.0027997714933007956,0.046389686565823984,changed,1
13,-63.91962404152456,-12.733619152394217,2016-03-01,0.0,-0.0009614003938622773,0.017057230696082115,-0.010658557526767254,0.1757609248161316,-0.15124361217021942,0.0,-0.011408801190555096,-0.0027997714933007956,0.03859217912259211,changed,1
13,-63.91962404152456,-12.733619152394217,2016-03-07,0.0,-0.0009614003938622773,0.017057230696082115,-0.010658557526767254,0.1757609248161316,-0.15124361217021942,0.0,-0.011408801190555096,-0.0027997714933007956,0.031560694014824975,changed,1
13,-63.91962404152456,-12.733619152394217,2016-03-13,0.0,-0.0009614003938622773,0.017057230696082115,-0.010658557526767254,0.1757609248161316,-0.15124361217021942,0.0,-0.011408801190555096,-0.0027997714933007956,0.025195670021536887,changed,1
13,-63.91962404152456,-12.733619152394217,2016-03-19,0.0,-0.0009614003938622773,0.017057230696082115,-0.010658557526767254,0.1757609248161316,-0.15124361217021942,0.0,-0.011408801190555096,-0.0027997714933007956,0.019482196731917256,changed,1
13,-63.91962404152456,-12.733619152394217,2016-03-25,0.0,-0.0009614003938622773,0.017057230696082115,-0.010658557526767254,0.1757609248161316,-0.15124361217021942,0.0,-0.011408801190555096,-0.0027997714933007956,0.014499963012878064,changed,1
13,-63.91962404152456,-12.733619152394217,2016-03-31,0.0,-0.0009614003938622773,0.017057230696082115,-0.010658557526767254,0.1757609248161316,-0.15124361217021942,0.0,-0.011408801190555096,-0.0027997714933007956,0.010425038840332225,changed,1
13,-63.91962404152456,-12.733619152394217,2016-04-06,0.12218999862670898,-0.033704157918691635,0.0005416070343926549,0.0,0.23749713599681854,-0.08250588923692703,0.0,0.0,-0.0037708880845457315,0.16039315144198651,changed,1
13,-63.91962404152456,-12.733619152394217,2016-04-12,0.0,-0.033704157918691635,0.0005416070343926549,0.0,0.23749713599681854,-0.08250588923692703,0.0,0.0,-0.0037708880845457315,0.16489189656144662,changed,1
13,-63.91962404152456,-12.733619152394217,2016-04-18,0.0,-0.033704157918691635,0.0005416070343926549,0.0,0.23749713599681854,-0.08250588923692703,0.0,0.0,-0.0037708880845457315,0.1702084379776119,changed,1
13,-63.91962404152456,-12.733619152394217,2016-04-24,0.0,-0.033704157918691635,0.0005416070343926549,0.0,0.23749713599681854,-0.08250588923692703,0.0,0.0,-0.0037708880845457315,0.17628372381840118,changed,1
13,-63.91962404152456,-12.733619152394217,2016-04-30,0.0,-0.033704157918691635,0.0005416070343926549,0.0,0.23749713599681854,-0.08250588923692703,0.0,0.0,-0.0037708880845457315,0.1830514222822508,changed,1
13,-63.91962404152456,-12.733619152394217,2016-05-06,0.0,-0.033704157918691635,0.0005416070343926549,0.0,0.23749713599681854,-0.08250588923692703,0.0,0.0,-0.0037708880845457315,0.19043597778201474,changed,1
13,-63.91962404152456,-12.733619152394217,2016-05-12,0.0,-0.033704157918691635,0.0005416070343926549,0.0,0.23749713599681854,-0.08250588923692703,0.0,0.0,-0.0037708880845457315,0.19835533134505196,changed,1
13,-63.91962404152456,-12.733619152394217,2016-05-18,0.0,-0.033704157918691635,0.0005416070343926549,0.0,0.23749713599681854,-0.08250588923692703,0.0,0.0,-0.0037708880845457315,0.20672104173747333,changed,1
13,-63.91962404152456,-12.733619152394217,2016-05-24,0.0,-0.033704157918691635,0.0005416070343926549,0.0,0.23749713599681854,-0.08250588923692703,0.0,0.0,-0.0037708880845457315,0.21544117384120418,changed,1
13,-63.91962404152456,-12.733619152394217,2016-05-30,0.0,-0.033704157918691635,0.0005416070343926549,0.0,0.23749713599681854,-0.08250588923692703,0.0,0.0,-0.0037708880845457315,0.22441867306498664,changed,1
13,-63.91962404152456,-12.733619152394217,2016-06-05,0.0,-0.033704157918691635,0.0005416070343926549,0.0,0.23749713599681854,-0.08250588923692703,0.0,0.0,-0.0037708880845457315,0.2335539314182419,changed,1
13,-63.91962404152456,-12.733619152394217,2016-06-11,0.0,-0.033704157918691635,0.0005416070343926549,0.0,0.23749713599681854,-0.08250588923692703,0.0,0.0,-0.0037708880845457315,0.24274734609345572,changed,1
13,-63.91962404152456,-12.733619152394217,2016-06-17,0.2758600115776062,-0.033704157918691635,0.0005416070343926549,0.0,0.23749713599681854,-0.08250588923692703,0.0,0.0,-0.0037708880845457315,0.2518977634472742,changed,1
13,-63.91962404152456,-12.733619152394217,2016-06-23,0.0,-0.033704157918691635,0.0005416070343926549,0.0,0.23749713599681854,-0.08250588923692703,0.0,0.0,-0.0037708880845457315,0.26090502644465313,changed,1
13,-63.91962404152456,-12.733619152394217,2016-06-29,0.0,-0.033704157918691635,0.0005416070343926549,0.0,0.23749713599681854,-0.08250588923692703,0.0,0.0,-0.0037708880845457315,0.2696725045961315,changed,1
13,-63.91962404152456,-12.733619152394217,2016-07-05,0.2909024953842163,-0.033704157918691635,0.0005416070343926549,0.0,0.23749713599681854,-0.08250588923692703,0.0,0.0,-0.0037708880845457315,0.2781054234603462,changed,1
13,-63.91962404152456,-12.733619152394217,2016-07-11,0.2994824945926666,-0.033704157918691635,0.0005416070343926549,0.0,0.23749713599681854,-0.08250588923692703,0.0,0.0,-0.0037708880845457315,0.28611373870901496,changed,1
13,-63.91962404152456,-12.733619152394217,2016-07-17,0.0,-0.033704157918691635,0.0005416070343926549,0.0,0.23749713599681854,-0.08250588923692703,0.0,0.0,-0.0037708880845457315,0.29361216831096815,changed,1
13,-63.91962404152456,-12.733619152394217,2016-07-23,0.31009748578071594,-0.033704157918691635,0.0005416070343926549,0.0,0.23749713599681854,-0.08250588923692703,0.0,0.0,-0.0037708880845457315,0.3005229010646193,changed,1
13,-63.91962404152456,-12.733619152394217,2016-07-29,0.32167500257492065,-0.033704157918691635,0.0005416070343926549,0.0,0.23749713599681854,-0.08250588923692703,0.0,0.0,-0.0037708880845457315,0.3067736133020455,changed,1
13,-63.91962404152456,-12.733619152394217,2016-08-04,0.3188149929046631,-0.033704157918691635,0.0005416070343926549,0.0,0.23749713599681854,-0.08250588923692703,0.0,0.0,-0.0037708880845457315,0.3122995234678798,changed,1
13,-63.91962404152456,-12.733619152394217,2016-08-10,0.0,-0.033704157918691635,0.0005416070343926549,0.0,0.23749713599681854,-0.08250588923692703,0.0,0.0,-0.0037708880845457315,0.31704533759852926,changed,1
13,-63.91962404152456,-12.733619152394217,2016-08-16,0.0,-0.033704157918691635,0.0005416070343926549,0.0,0.23749713599681854,-0.08250588923692703,0.0,0.0,-0.0037708880845457315,0.3209629781975417,changed,1
13,-63.91962404152456,-12.733619152394217,2016-08-22,0.0,-0.033704157918691635,0.0005416070343926549,0.0,0.23749713599681854,-0.08250588923692703,0.0,0.0,-0.0037708880845457315,0.3240132923608135,changed,1
13,-63.91962404152456,-12.733619152394217,2016-08-28,0.40593498945236206,-0.033704157918691635,0.0005416070343926549,0.0,0.23749713599681854,-0.08250588923692703,0.0,0.0,-0.0037708880845457315,0.32616773273938227,changed,1
13,-63.91962404152456,-12.733619152394217,2016-09-03,0.0,-0.033704157918691635,0.0005416070343926549,0.0,0.23749713599681854,-0.08250588923692703,0.0,0.0,-0.0037708880845457315,0.32740573797747974,changed,1
13,-63.91962404152456,-12.733619152394217,2016-09-09,0.0,-0.033704157918691635,0.0005416070343926549,0.0,0.23749713599681854,-0.08250588923692703,0.0,0.0,-0.0037708880845457315,0.3277166382512975,changed,1
13,-63.91962404152456,-12.733619152394217,2016-09-15,0.0,-0.033704157918691635,0.0005416070343926549,0.0,0.23749713599681854,-0.08250588923692703,0.0,0.0,-0.0037708880845457315,0.32709874528591576,changed,1
13,-63.91962404152456,-12.733619152394217,2016-09-21,0.3266249895095825,-0.033704157918691635,0.0005416070343926549,0.0,0.23749713599681854,-0.08250588923692703,0.0,0.0,-0.0037708880845457315,0.32556105212324427,changed,1
13,-63.91962404152456,-12.733619152394217,2016-09-27,0.0,-0.033704157918691635,0.0005416070343926549,0.0,0.23749713599681854,-0.08250588923692703,0.0,0.0,-0.0037708880845457315,0.3231203220281329,changed,1
13,-63.91962404152456,-12.733619152394217,2016-10-03,0.3491474986076355,-0.033704157918691635,0.0005416070343926549,0.0,0.23749713599681854,-0.08250588923692703,0.0,0.0,-0.0037708880845457315,0.3198022216211962,changed,1
13,-63.91962404152456,-12.733619152394217,2016-10-09,0.0,-0.033704157918691635,0.0005416070343926549,0.0,0.23749713599681854,-0.08250588923692703,0.0,0.0,-0.0037708880845457315,0.3156423593904857,changed,1
13,-63.91962404152456,-12.733619152394217,2016-10-15,0.0,-0.033704157918691635,0.0005416070343926549,0.0,0.23749713599681854,-0.08250588923692703,0.0,0.0,-0.0037708880845457315,0.3106831737441619,changed,1
13,-63.91962404152456,-12.733619152394217,2016-10-21,0.0,-0.033704157918691635,0.0005416070343926549,0.0,0.23749713599681854,-0.08250588923692703,0.0,0.0,-0.0037708880845457315,0.30497533504313756,changed,1
13,-63.91962404152456,-12.733619152394217,2016-10-27,0.0,-0.033704157918691635,0.0005416070343926549,0.0,0.23749713599681854,-0.08250588923692703,0.0,0.0,-0.0037708880845457315,0.29857633755177276,changed,1
13,-63.91962404152456,-12.733619152394217,2016-11-02,0.0,-0.033704157918691635,0.0005416070343926549,0.0,0.23749713599681854,-0.08250588923692703,0.0,0.0,-0.0037708880845457315,0.29155182184597694,changed,1
13,-63.91962404152456,-12.733619152394217,2016-11-08,0.0,-0.033704157918691635,0.0005416070343926549,0.0,0.23749713599681854,-0.08250588923692703,0.0,0.0,-0.0037708880845457315,0.28397219335068613,changed,1
13,-63.91962404152456,-12.733619152394217,2016-11-14,0.0,-0.033704157918691635,0.0005416070343926549,0.0,0.23749713599681854,-0.08250588923692703,0.0,0.0,-0.0037708880845457315,0.2759134184345492,changed,1
13,-63.91962404152456,-12.733619152394217,2016-11-20,0.0,-0.033704157918691635,0.0005416070343926549,0.0,0.23749713599681854,-0.08250588923692703,0.0,0.0,-0.0037708880845457315,0.2674577194575916,changed,1
13,-63.91962404152456,-12.733619152394217,2016-11-26,0.0,-0.033704157918691635,0.0005416070343926549,0.0,0.23749713599681854,-0.08250588923692703,0.0,0.0,-0.0037708880845457315,0.2586900781478374,changed,1
13,-63.91962404152456,-12.733619152394217,2016-12-02,0.0,-0.033704157918691635,0.0005416070343926549,0.0,0.23749713599681854,-0.08250588923692703,0.0,0.0,-0.0037708880845457315,0.24969888681954816,changed,1
13,-63.91962404152456,-12.733619152394217,2016-12-08,0.0,-0.033704157918691635,0.0005416070343926549,0.0,0.23749713599681854,-0.08250588923692703,0.0,0.0,-0.0037708880845457315,0.24057651604447702,changed,1
13,-63.91962404152456,-12.733619152394217,2016-12-14,0.0,-0.033704157918691635,0.0005416070343926549,0.0,0.23749713599681854,-0.08250588923692703,0.0,0.0,-0.0037708880845457315,0.23141573485519473,changed,1
13,-63.91962404152456,-12.733619152394217,2016-12-20,0.0,-0.033704157918691635,0.0005416070343926549,0.0,0.23749713599681854,-0.08250588923692703,0.0,0.0,-0.0037708880845457315,0.22231066645929798,changed,1
13,-63.91962404152456,-12.733619152394217,2016-12-26,0.0,-0.033704157918691635,0.0005416070343926549,0.0,0.23749713599681854,-0.08250588923692703,0.0,0.0,-0.0037708880845457315,0.21335496692771772,changed,1
13,-63.91962404152456,-12.733619152394217,2017-01-01,0.0,-0.033704157918691635,0.0005416070343926549,0.0,0.23749713599681854,-0.08250588923692703,0.0,0.0,-0.0037708880845457315,0.20464276324499953,changed,1
13,-63.91962404152456,-12.733619152394217,2017-01-07,0.0,-0.033704157918691635,0.0005416070343926549,0.0,0.23749713599681854,-0.08250588923692703,0.0,0.0,-0.0037708880845457315,0.19624222484355264,changed,1
13,-63.91962404152456,-12.733619152394217,2017-01-13,0.0,-0.033704157918691635,0.0005416070343926549,0.0,0.23749713599681854,-0.08250588923692703,0.0,0.0,-0.0037708880845457315,0.18826758841900706,changed,1
13,-63.91962404152456,-12.733619152394217,2017-01-19,0.0,-0.033704157918691635,0.0005416070343926549,0.0,0.23749713599681854,-0.08250588923692703,0.0,0.0,-0.0037708880845457315,0.18080336139888067,changed,1
13,-63.91962404152456,-12.733619152394217,2017-01-25,0.0,-0.033704157918691635,0.0005416070343926549,0.0,0.23749713599681854,-0.08250588923692703,0.0,0.0,-0.0037708880845457315,0.17393064898080773,changed,1
13,-63.91962404152456,-12.733619152394217,2017-01-31,0.0,-0.033704157918691635,0.0005416070343926549,0.0,0.23749713599681854,-0.08250588923692703,0.0,0.0,-0.0037708880845457315,0.16772485849662827,changed,1
13,-63.91962404152456,-12.733619152394217,2017-02-06,0.0,-0.033704157918691635,0.0005416070343926549,0.0,0.23749713599681854,-0.08250588923692703,0.0,0.0,-0.0037708880845457315,0.1622534058000316,changed,1
13,-63.91962404152456,-12.733619152394217,2017-02-12,0.0,-0.033704157918691635,0.0005416070343926549,0.0,0.23749713599681854,-0.08250588923692703,0.0,0.0,-0.0037708880845457315,0.15757763791034013,changed,1
13,-63.91962404152456,-12.733619152394217,2017-02-18,0.0,-0.033704157918691635,0.0005416070343926549,0.0,0.23749713599681854,-0.08250588923692703,0.0,0.0,-0.0037708880845457315,0.15375064925678922,changed,1
13,-63.91962404152456,-12.733619152394217,2017-02-24,0.0,-0.033704157918691635,0.0005416070343926549,0.0,0.23749713599681854,-0.08250588923692703,0.0,0.0,-0.0037708880845457315,0.15081521122989353,changed,1
13,-63.91962404152456,-12.733619152394217,2017-03-02,0.0,-0.033704157918691635,0.0005416070343926549,0.0,0.23749713599681854,-0.08250588923692703,0.0,0.0,-0.0037708880845457315,0.1488059057945809,changed,1
13,-63.91962404152456,-12.733619152394217,2017-03-08,0.0,-0.033704157918691635,0.0005416070343926549,0.0,0.23749713599681854,-0.08250588923692703,0.0,0.0,-0.0037708880845457315,0.1477472311655949,changed,1
13,-63.91962404152456,-12.733619152394217,2017-03-14,0.0,-0.033704157918691635,0.0005416070343926549,0.0,0.23749713599681854,-0.08250588923692703,0.0,0.0,-0.0037708880845457315,0.14765184324671657,changed,1
13,-63.91962404152456,-12.733619152394217,2017-03-20,0.0,-0.033704157918691635,0.0005416070343926549,0.0,0.23749713599681854,-0.08250588923692703,0.0,0.0,-0.0037708880845457315,0.14852301666357806,changed,1
13,-63.91962404152456,-12.733619152394217,2017-03-26,0.0,-0.033704157918691635,0.0005416070343926549,0.0,0.23749713599681854,-0.08250588923692703,0.0,0.0,-0.0037708880845457315,0.15035315780260955,changed,1
13,-63.91962404152456,-12.733619152394217,2017-04-01,0.0,-0.033704157918691635,0.0005416070343926549,0.0,0.23749713599681854,-0.08250588923692703,0.0,0.0,-0.0037708880845457315,0.1531224046122776,changed,1
13,-63.91962404152456,-12.733619152394217,2017-04-07,0.0,-0.033704157918691635,0.0005416070343926549,0.0,0.23749713599681854,-0.08250588923692703,0.0,0.0,-0.0037708880845457315,0.15680156120644997,changed,1
13,-63.91962404152456,-12.733619152394217,2017-04-13,0.0,-0.033704157918691635,0.0005416070343926549,0.0,0.23749713599681854,-0.08250588923692703,0.0,0.0,-0.0037708880845457315,0.16135100260890245,changed,1
13,-63.91962404152456,-12.733619152394217,2017-04-19,0.18783250451087952,-0.033704157918691635,0.0005416070343926549,0.0,0.23749713599681854,-0.08250588923692703,0.0,0.0,-0.0037708880845457315,0.1667197164658739,changed,1
13,-63.91962404152456,-12.733619152394217,2017-04-25,0.0,-0.033704157918691635,0.0005416070343926549,0.0,0.23749713599681854,-0.08250588923692703,0.0,0.0,-0.0037708880845457315,0.1728486609962928,changed,1
13,-63.91962404152456,-12.733619152394217,2017-05-01,0.0,-0.033704157918691635,0.0005416070343926549,0.0,0.23749713599681854,-0.08250588923692703,0.0,0.0,-0.0037708880845457315,0.17967006791057277,changed,1
13,-63.91962404152456,-12.733619152394217,2017-05-07,0.09983249753713608,-0.033704157918691635,0.0005416070343926549,0.0,0.23749713599681854,-0.08250588923692703,0.0,0.0,-0.0037708880845457315,0.18710690138772756,changed,1
13,-63.91962404152456,-12.733619152394217,2017-05-13,0.0,-0.033704157918691635,0.0005416070343926549,0.0,0.23749713599681854,-0.08250588923692703,0.0,0.0,-0.0037708880845457315,0.19507653625878535,changed,1
13,-63.91962404152456,-12.733619152394217,2017-05-19,0.0,-0.033704157918691635,0.0005416070343926549,0.0,0.23749713599681854,-0.08250588923692703,0.0,0.0,-0.0037708880845457315,0.20349038942140935,changed,1
13,-63.91962404152456,-12.733619152394217,2017-05-25,0.0,-0.033704157918691635,0.0005416070343926549,0.0,0.23749713599681854,-0.08250588923692703,0.0,0.0,-0.0037708880845457315,0.21225366290612221,changed,1
13,-63.91962404152456,-12.733619152394217,2017-05-31,0.12892749905586243,-0.033704157918691635,0.0005416070343926549,0.0,0.23749713599681854,-0.08250588923692703,0.0,0.0,-0.0037708880845457315,0.22126922857716202,changed,1
13,-63.91962404152456,-12.733619152394217,2017-06-06,0.14226500689983368,-0.033704157918691635,0.0005416070343926549,0.0,0.23749713599681854,-0.08250588923692703,0.0,0.0,-0.0037708880845457315,0.230437449010149,changed,1
13,-63.91962404152456,-12.733619152394217,2017-06-12,0.18643000721931458,-0.033704157918691635,0.0005416070343926549,0.0,0.23749713599681854,-0.08250588923692703,0.0,0.0,-0.0037708880845457315,0.23965600156929243,changed,1
13,-63.91962404152456,-12.733619152394217,2017-06-18,0.0,-0.033704157918691635,0.0005416070343926549,0.0,0.23749713599681854,-0.08250588923692703,0.0,0.0,-0.0037708880845457315,0.24882385644714833,changed,1
13,-63.91962404152456,-12.733619152394217,2017-06-24,0.0,-0.033704157918691635,0.0005416070343926549,0.0,0.23749713599681854,-0.08250588923692703,0.0,0.0,-0.0037708880845457315,0.2578410808543097,changed,1
13,-63.91962404152456,-12.733619152394217,2017-06-30,0.0,-0.033704157918691635,0.0005416070343926549,0.0,0.23749713599681854,-0.08250588923692703,0.0,0.0,-0.0037708880845457315,0.2666086133675411,changed,1
13,-63.91962404152456,-12.733619152394217,2017-07-06,0.259799987077713,-0.033704157918691635,0.0005416070343926549,0.0,0.23749713599681854,-0.08250588923692703,0.0,0.0,-0.0037708880845457315,0.2750321373903643,changed,1
13,-63.91962404152456,-12.733619152394217,2017-07-12,0.0,-0.033704157918691635,0.0005416070343926549,0.0,0.23749713599681854,-0.08250588923692703,0.0,0.0,-0.0037708880845457315,0.2830217305614447,changed,1
13,-63.91962404152456,-12.733619152394217,2017-07-18,0.0,-0.033704157918691635,0.0005416070343926549,0.0,0.23749713599681854,-0.08250588923692703,0.0,0.0,-0.0037708880845457315,0.2904914475945848,changed,1
13,-63.91962404152456,-12.733619152394217,2017-07-24,0.2825149893760681,-0.033704157918691635,0.0005416070343926549,0.0,0.23749713599681854,-0.08250588923692703,0.0,0.0,-0.0037708880845457315,0.2973629588331666,changed,1
13,-63.91962404152456,-12.733619152394217,2017-07-30,0.0,-0.033704157918691635,0.0005416070343926549,0.0,0.23749713599681854,-0.08250588923692703,0.0,0.0,-0.0037708880845457315,0.30356493367355775,changed,1
13,-63.91962404152456,-12.733619152394217,2017-08-05,0.0,-0.033704157918691635,0.0005416070343926549,0.0,0.23749713599681854,-0.08250588923692703,0.0,0.0,-0.0037708880845457315,0.30903235712342375,changed,1
13,-63.91962404152456,-12.733619152394217,2017-08-11,0.30776000022888184,-0.033704157918691635,0.0005416070343926549,0.0,0.23749713599681854,-0.08250588923692703,0.0,0.0,-0.0037708880845457315,0.31370983208679587,changed,1
13,-63.91962404152456,-12.733619152394217,2017-08-17,0.0,-0.033704157918691635,0.0005416070343926549,0.0,0.23749713599681854,-0.08250588923692703,0.0,0.0,-0.0037708880845457315,0.3175506916137699,changed,1
13,-63.91962404152456,-12.733619152394217,2017-08-23,0.3061924874782562,-0.033704157918691635,0.0005416070343926549,0.0,0.23749713599681854,-0.08250588923692703,0.0,0.0,-0.0037708880845457315,0.3205159534161241,changed,1
13,-63.91962404152456,-12.733619152394217,2017-08-29,0.0,-0.033704157918691635,0.0005416070343926549,0.0,0.23749713599681854,-0.08250588923692703,0.0,0.0,-0.0037708880845457315,0.32257735681506766,changed,1
13,-63.91962404152456,-12.733619152394217,2017-09-04,0.0,-0.033704157918691635,0.0005416070343926549,0.0,0.23749713599681854,-0.08250588923692703,0.0,0.0,-0.0037708880845457315,0.32371612452635834,changed,1
13,-63.91962404152456,-12.733619152394217,2017-09-10,0.31694498658180237,-0.033704157918691635,0.0005416070343926549,0.0,0.23749713599681854,-0.08250588923692703,0.0,0.0,-0.0037708880845457315,0.32392163071932084,changed,1
13,-63.91962404152456,-12.733619152394217,2017-09-16,0.0,-0.033704157918691635,0.0005416070343926549,0.0,0.23749713599681854,-0.08250588923692703,0.0,0.0,-0.0037708880845457315,0.3231941772351966,changed,1
13,-63.91962404152456,-12.733619152394217,2017-09-22,0.0,-0.033704157918691635,0.0005416070343926549,0.0,0.23749713599681854,-0.08250588923692703,0.0,0.0,-0.0037708880845457315,0.3215434410511414,changed,1
13,-63.91962404152456,-12.733619152394217,2017-09-28,0.3183475136756897,-0.033704157918691635,0.0005416070343926549,0.0,0.23749713599681854,-0.08250588923692703,0.0,0.0,-0.0037708880845457315,0.31898696199317217,changed,1
13,-63.91962404152456,-12.733619152394217,2017-10-04,0.40563249588012695,-0.033704157918691635,0.0005416070343926549,0.0,0.23749713599681854,-0.08250588923692703,0.0,0.0,-0.0037708880845457315,0.31555305707712306,changed,1
13,-63.91962404152456,-12.733619152394217,2017-10-10,0.3225274980068207,-0.033704157918691635,0.0005416070343926549,0.0,0.23749713599681854,-0.08250588923692703,0.0,0.0,-0.0037708880845457315,0.31127684686478435,changed,1
13,-63.91962404152456,-12.733619152394217,2017-10-16,0.0,-0.033704157918691635,0.0005416070343926549,0.0,0.23749713599681854,-0.08250588923692703,0.0,0.0,-0.0037708880845457315,0.3062030656762804,changed,1
13,-63.91962404152456,-12.733619152394217,2017-10-22,0.31084001064300537,-0.033704157918691635,0.0005416070343926549,0.0,0.23749713599681854,-0.08250588923692703,0.0,0.0,-0.0037708880845457315,0.3003842422819587,changed,1
13,-63.91962404152456,-12.733619152394217,2017-10-28,0.0,-0.033704157918691635,0.0005416070343926549,0.0,0.23749713599681854,-0.08250588923692703,0.0,0.0,-0.0037708880845457315,0.29387882744206095,changed,1
13,-63.91962404152456,-12.733619152394217,2017-11-03,0.3023974895477295,-0.033704157918691635,0.0005416070343926549,0.0,0.23749713599681854,-0.08250588923692703,0.0,0.0,-0.0037708880845457315,0.2867534068540619,changed,1
13,-63.91962404152456,-12.733619152394217,2017-11-09,0.0,-0.033704157918691635,0.0005416070343926549,0.0,0.23749713599681854,-0.08250588923692703,0.0,0.0,-0.0037708880845457315,0.27908071165742476,changed,1
13,-63.91962404152456,-12.733619152394217,2017-11-15,0.0,-0.033704157918691635,0.0005416070343926549,0.0,0.23749713599681854,-0.08250588923692703,0.0,0.0,-0.0037708880845457315,0.2709376075433157,changed,1
13,-63.91962404152456,-12.733619152394217,2017-11-21,0.22333499789237976,-0.033704157918691635,0.0005416070343926549,0.0,0.23749713599681854,-0.08250588923692703,0.0,0.0,-0.0037708880845457315,0.26240716978257167,changed,1
13,-63.91962404152456,-12.733619152394217,2017-11-27,0.0,-0.033704157918691635,0.0005416070343926549,0.0,0.23749713599681854,-0.08250588923692703,0.0,0.0,-0.0037708880845457315,0.25357656714896276,changed,1
13,-63.91962404152456,-12.733619152394217,2017-12-03,0.0,-0.033704157918691635,0.0005416070343926549,0.0,0.23749713599681854,-0.08250588923692703,0.0,0.0,-0.0037708880845457315,0.24453489516323723,changed,1
13,-63.91962404152456,-12.733619152394217,2017-12-09,0.0,-0.033704157918691635,0.0005416070343926549,0.0,0.23749713599681854,-0.08250588923692703,0.0,0.0,-0.0037708880845457315,0.23537515597600672,changed,1
13,-63.91962404152456,-12.733619152394217,2017-12-15,0.0,-0.033704157918691635,0.0005416070343926549,0.0,0.23749713599681854,-0.08250588923692703,0.0,0.0,-0.0037708880845457315,0.2261919923258246,changed,1
13,-63.91962404152456,-12.733619152394217,2017-12-21,0.0,-0.033704157918691635,0.0005416070343926549,0.0,0.23749713599681854,-0.08250588923692703,0.0,0.0,-0.0037708880845457315,0.2170794498175171,changed,1
13,-63.91962404152456,-12.733619152394217,2017-12-27,0.0,-0.033704157918691635,0.0005416070343926549,0.0,0.23749713599681854,-0.08250588923692703,0.0,0.0,-0.0037708880845457315,0.20813279382653707,changed,1
13,-63.91962404152456,-12.733619152394217,2018-01-02,0.0,-0.033704157918691635,0.0005416070343926549,0.0,0.23749713599681854,-0.08250588923692703,0.0,0.0,-0.0037708880845457315,0.1994462182761534,changed,1
13,-63.91962404152456,-12.733619152394217,2018-01-07,0.0,-0.033704157918691635,0.0005416070343926549,0.0,0.23749713599681854,-0.08250588923692703,0.0,0.0,-0.0037708880845457315,0.1924713367590069,changed,1
13,-63.91962404152456,-12.733619152394217,2018-01-13,0.0,-0.033704157918691635,0.0005416070343926549,0.0,0.23749713599681854,-0.08250588923692703,0.0,0.0,-0.0037708880845457315,0.18449670033446133,changed,1
13,-63.91962404152456,-12.733619152394217,2018-01-19,0.0,-0.033704157918691635,0.0005416070343926549,0.0,0.23749713599681854,-0.08250588923692703,0.0,0.0,-0.0037708880845457315,0.17703247331433494,changed,1
13,-63.91962404152456,-12.733619152394217,2018-01-25,0.0,-0.033704157918691635,0.0005416070343926549,0.0,0.23749713599681854,-0.08250588923692703,0.0,0.0,-0.0037708880845457315,0.170159760896262,changed,1
13,-63.91962404152456,-12.733619152394217,2018-01-31,0.0,-0.033704157918691635,0.0005416070343926549,0.0,0.23749713599681854,-0.08250588923692703,0.0,0.0,-0.0037708880845457315,0.16395397041208254,changed,1
13,-63.91962404152456,-12.733619152394217,2018-02-06,0.0,-0.033704157918691635,0.0005416070343926549,0.0,0.23749713599681854,-0.08250588923692703,0.0,0.0,-0.0037708880845457315,0.15848251771548588,changed,1
13,-63.91962404152456,-12.733619152394217,2018-02-12,0.0,-0.033704157918691635,0.0005416070343926549,0.0,0.23749713599681854,-0.08250588923692703,0.0,0.0,-0.0037708880845457315,0.1538067498257944,changed,1
13,-63.91962404152456,-12.733619152394217,2018-02-18,0.0,-0.033704157918691635,0.0005416070343926549,0.0,0.23749713599681854,-0.08250588923692703,0.0,0.0,-0.0037708880845457315,0.1499797611722435,changed,1
13,-63.91962404152456,-12.733619152394217,2018-02-24,0.0,-0.033704157918691635,0.0005416070343926549,0.0,0.23749713599681854,-0.08250588923692703,0.0,0.0,-0.0037708880845457315,0.1470443231453478,changed,1
13,-63.91962404152456,-12.733619152394217,2018-03-02,0.0,-0.033704157918691635,0.0005416070343926549,0.0,0.23749713599681854,-0.08250588923692703,0.0,0.0,-0.0037708880845457315,0.14503501771003516,changed,1
13,-63.91962404152456,-12.733619152394217,2018-03-08,0.0,-0.033704157918691635,0.0005416070343926549,0.0,0.23749713599681854,-0.08250588923692703,0.0,0.0,-0.0037708880845457315,0.14397634308104917,changed,1
13,-63.91962404152456,-12.733619152394217,2018-03-14,0.0,-0.033704157918691635,0.0005416070343926549,0.0,0.23749713599681854,-0.08250588923692703,0.0,0.0,-0.0037708880845457315,0.14388095516217084,changed,1
13,-63.91962404152456,-12.733619152394217,2018-03-20,0.015407499857246876,-0.033704157918691635,0.0005416070343926549,0.0,0.23749713599681854,-0.08250588923692703,0.0,0.0,-0.0037708880845457315,0.14475212857903233,changed,1
13,-63.91962404152456,-12.733619152394217,2018-03-26,0.0,-0.033704157918691635,0.0005416070343926549,0.0,0.23749713599681854,-0.08250588923692703,0.0,0.0,-0.0037708880845457315,0.14658226971806382,changed,1
13,-63.91962404152456,-12.733619152394217,2018-04-01,0.0,-0.033704157918691635,0.0005416070343926549,0.0,0.23749713599681854,-0.08250588923692703,0.0,0.0,-0.0037708880845457315,0.14935151652773188,changed,1
13,-63.91962404152456,-12.733619152394217,2018-04-07,0.0,-0.033704157918691635,0.0005416070343926549,0.0,0.23749713599681854,-0.08250588923692703,0.0,0.0,-0.0037708880845457315,0.15303067312190424,changed,1
13,-63.91962404152456,-12.733619152394217,2018-04-13,0.0,-0.033704157918691635,0.0005416070343926549,0.0,0.23749713599681854,-0.08250588923692703,0.0,0.0,-0.0037708880845457315,0.15758011452435672,changed,1
13,-63.91962404152456,-12.733619152394217,2018-04-19,0.0,-0.033704157918691635,0.0005416070343926549,0.0,0.23749713599681854,-0.08250588923692703,0.0,0.0,-0.0037708880845457315,0.16294882838132818,changed,1
13,-63.91962404152456,-12.733619152394217,2018-04-25,0.03743499889969826,-0.033704157918691635,0.0005416070343926549,0.0,0.23749713599681854,-0.08250588923692703,0.0,0.0,-0.0037708880845457315,0.16907777291174708,changed,1
13,-63.91962404152456,-12.733619152394217,2018-05-01,0.042054999619722366,0.02940255217254162,0.0,0.0,0.16039249300956726,-0.1290242075920105,0.0,0.0,0.0,0.03288484112255091,changed,1
13,-63.91962404152456,-12.733619152394217,2018-05-07,0.0,0.02940255217254162,0.0,0.0,0.16039249300956726,-0.1290242075920105,0.0,0.0,0.0,0.03721472848799279,changed,1
13,-63.91962404152456,-12.733619152394217,2018-05-13,0.0,0.02940255217254162,0.0,0.0,0.16039249300956726,-0.1290242075920105,0.0,0.0,0.0,0.04285748991956695,changed,1
13,-63.91962404152456,-12.733619152394217,2018-05-19,0.049754999577999115,0.02940255217254162,0.0,0.0,0.16039249300956726,-0.1290242075920105,0.0,0.0,0.0,0.04975297853683758,changed,1
13,-63.91962404152456,-12.733619152394217,2018-05-25,0.05258750170469284,0.02940255217254162,0.0,0.0,0.16039249300956726,-0.1290242075920105,0.0,0.0,0.0,0.057827702059959574,changed,1
13,-63.91962404152456,-12.733619152394217,2018-05-31,0.06042499840259552,0.02940255217254162,0.0,0.0,0.16039249300956726,-0.1290242075920105,0.0,0.0,0.0,0.06699560048039477,changed,1
13,-63.91962404152456,-12.733619152394217,2018-06-06,0.0,0.02940255217254162,0.0,0.0,0.16039249300956726,-0.1290242075920105,0.0,0.0,0.0,0.07715895709793619,changed,1
13,-63.91962404152456,-12.733619152394217,2018-06-12,0.0,0.02940255217254162,0.0,0.0,0.16039249300956726,-0.1290242075920105,0.0,0.0,0.0,0.08820944774894635,changed,1
13,-63.91962404152456,-12.733619152394217,2018-06-18,0.0,0.02940255217254162,0.0,0.0,0.16039249300956726,-0.1290242075920105,0.0,0.0,0.0,0.10002929006205263,changed,1
13,-63.91962404152456,-12.733619152394217,2018-06-24,0.06796000152826309,0.02940255217254162,0.0,0.0,0.16039249300956726,-0.1290242075920105,0.0,0.0,0.0,0.1124925057410382,changed,1
13,-63.91962404152456,-12.733619152394217,2018-06-30,0.0,0.02940255217254162,0.0,0.0,0.16039249300956726,-0.1290242075920105,0.0,0.0,0.0,0.12546625496774455,changed,1
13,-63.91962404152456,-12.733619152394217,2018-07-06,0.08547750115394592,0.02940255217254162,0.0,0.0,0.16039249300956726,-0.1290242075920105,0.0,0.0,0.0,0.1388122619218235,changed,1
13,-63.91962404152456,-12.733619152394217,2018-07-12,0.16687749326229095,0.02940255217254162,0.0,0.0,0.16039249300956726,-0.1290242075920105,0.0,0.0,0.0,0.15238827854554915,changed,1
13,-63.91962404152456,-12.733619152394217,2018-07-18,0.0,0.02940255217254162,0.0,0.0,0.16039249300956726,-0.1290242075920105,0.0,0.0,0.0,0.1660496069111823,changed,1
13,-63.91962404152456,-12.733619152394217,2018-07-24,0.0,0.02940255217254162,0.0,0.0,0.16039249300956726,-0.1290242075920105,0.0,0.0,0.0,0.1796506382336196,changed,1
13,-63.91962404152456,-12.733619152394217,2018-07-30,0.22644250094890594,0.02940255217254162,0.0,0.0,0.16039249300956726,-0.1290242075920105,0.0,0.0,0.0,0.19304640988150645,changed,1
13,-63.91962404152456,-12.733619152394217,2018-08-05,0.0,0.02940255217254162,0.0,0.0,0.16039249300956726,-0.1290242075920105,0.0,0.0,0.0,0.20609414822015637,changed,1
13,-63.91962404152456,-12.733619152394217,2018-08-11,0.2610650062561035,0.02940255217254162,0.0,0.0,0.16039249300956726,-0.1290242075920105,0.0,0.0,0.0,0.21865478019709828,changed,1
13,-63.91962404152456,-12.733619152394217,2018-08-17,0.0,0.02940255217254162,0.0,0.0,0.16039249300956726,-0.1290242075920105,0.0,0.0,0.0,0.23059442886641246,changed,1
13,-63.91962404152456,-12.733619152394217,2018-08-23,0.0,0.02940255217254162,0.0,0.0,0.16039249300956726,-0.1290242075920105,0.0,0.0,0.0,0.24178584019438254,changed,1
13,-63.91962404152456,-12.733619152394217,2018-08-29,0.0,0.02940255217254162,0.0,0.0,0.16039249300956726,-0.1290242075920105,0.0,0.0,0.0,0.2521097291155058,changed,1
13,-63.91962404152456,-12.733619152394217,2018-09-04,0.0,0.02940255217254162,0.0,0.0,0.16039249300956726,-0.1290242075920105,0.0,0.0,0.0,0.2614560731269679,changed,1
13,-63.91962404152456,-12.733619152394217,2018-09-10,0.0,0.02940255217254162,0.0,0.0,0.16039249300956726,-0.1290242075920105,0.0,0.0,0.0,0.2697252314358065,changed,1
13,-63.91962404152456,-12.733619152394217,2018-09-16,0.0,0.02940255217254162,0.0,0.0,0.16039249300956726,-0.1290242075920105,0.0,0.0,0.0,0.27682909672379213,changed,1
13,-63.91962404152456,-12.733619152394217,2018-09-22,0.0,0.02940255217254162,0.0,0.0,0.16039249300956726,-0.1290242075920105,0.0,0.0,0.0,0.2826919269806677,changed,1
13,-63.91962404152456,-12.733619152394217,2018-09-28,0.29656749963760376,0.02940255217254162,0.0,0.0,0.16039249300956726,-0.1290242075920105,0.0,0.0,0.0,0.287251252638959,changed,1
13,-63.91962404152456,-12.733619152394217,2018-10-04,0.0,0.02940255217254162,0.0,0.0,0.16039249300956726,-0.1290242075920105,0.0,0.0,0.0,0.2904584656392053,changed,1
13,-63.91962404152456,-12.733619152394217,2018-10-10,0.0,0.02940255217254162,0.0,0.0,0.16039249300956726,-0.1290242075920105,0.0,0.0,0.0,0.2922793922149123,changed,1
13,-63.91962404152456,-12.733619152394217,2018-10-16,0.0,0.02940255217254162,0.0,0.0,0.16039249300956726,-0.1290242075920105,0.0,0.0,0.0,0.2926946238551482,changed,1
13,-63.91962404152456,-12.733619152394217,2018-10-22,0.0,0.02940255217254162,0.0,0.0,0.16039249300956726,-0.1290242075920105,0.0,0.0,0.0,0.29169972765292246,changed,1
13,-63.91962404152456,-12.733619152394217,2018-10-28,0.0,0.02940255217254162,0.0,0.0,0.16039249300956726,-0.1290242075920105,0.0,0.0,0.0,0.28930531042563246,changed,1
13,-63.91962404152456,-12.733619152394217,2018-11-03,0.0,0.02940255217254162,0.0,0.0,0.16039249300956726,-0.1290242075920105,0.0,0.0,0.0,0.285536901159018,changed,1
13,-63.91962404152456,-12.733619152394217,2018-11-09,0.0,0.02940255217254162,0.0,0.0,0.16039249300956726,-0.1290242075920105,0.0,0.0,0.0,0.28043464991256184,changed,1
13,-63.91962404152456,-12.733619152394217,2018-11-15,0.0,0.02940255217254162,0.0,0.0,0.16039249300956726,-0.1290242075920105,0.0,0.0,0.0,0.2740529480679412,changed,1
13,-63.91962404152456,-12.733619152394217,2018-11-21,0.0,0.02940255217254162,0.0,0.0,0.16039249300956726,-0.1290242075920105,0.0,0.0,0.0,0.26645981469387137,changed,1
13,-63.91962404152456,-12.733619152394217,2018-11-27,0.0,0.02940255217254162,0.0,0.0,0.16039249300956726,-0.1290242075920105,0.0,0.0,0.0,0.25773617855388076,changed,1
13,-63.91962404152456,-12.733619152394217,2018-12-03,0.0,0.02940255217254162,0.0,0.0,0.16039249300956726,-0.1290242075920105,0.0,0.0,0.0,0.2479750142841406,changed,1
13,-63.91962404152456,-12.733619152394217,2018-12-09,0.0,0.02940255217254162,0.0,0.0,0.16039249300956726,-0.1290242075920105,0.0,0.0,0.0,0.23728036763679106,changed,1
13,-63.91962404152456,-12.733619152394217,2018-12-15,0.0,0.02940255217254162,0.0,0.0,0.16039249300956726,-0.1290242075920105,0.0,0.0,0.0,0.225766218151783,changed,1
13,-63.91962404152456,-12.733619152394217,2018-12-21,0.0,0.02940255217254162,0.0,0.0,0.16039249300956726,-0.1290242075920105,0.0,0.0,0.0,0.21355529434036347,changed,1
13,-63.91962404152456,-12.733619152394217,2018-12-27,0.0,0.02940255217254162,0.0,0.0,0.16039249300956726,-0.1290242075920105,0.0,0.0,0.0,0.20077774269845183,changed,1
13,-63.91962404152456,-12.733619152394217,2019-01-02,0.0,0.02940255217254162,0.0,0.0,0.16039249300956726,-0.1290242075920105,0.0,0.0,0.0,0.18756974881019284,changed,1
14,-61.00009936813611,-13.021080043312464,2016-01-07,0.0,0.0006865528412163258,0.0,0.0,0.1365499496459961,-0.004003995563834906,0.0,0.0,0.0,0.13682116885777793,changed,1
14,-61.00009936813611,-13.021080043312464,2016-01-13,0.0,0.0006865528412163258,0.0,0.0,0.1365499496459961,-0.004003995563834906,0.0,0.0,0.0,0.13640296020895498,changed,1
14,-61.00009936813611,-13.021080043312464,2016-01-19,0.0,0.0006865528412163258,0.0,0.0,0.1365499496459961,-0.004003995563834906,0.0,0.0,0.0,0.13598630980715992,changed,1
14,-61.00009936813611,-13.021080043312464,2016-01-25,0.0,0.0006865528412163258,0.0,0.0,0.1365499496459961,-0.004003995563834906,0.0,0.0,0.0,0.13557563401490164,changed,1
14,-61.00009936813611,-13.021080043312464,2016-01-31,0.0,0.0006865528412163258,0.0,0.0,0.1365499496459961,-0.004003995563834906,0.0,0.0,0.0,0.13517528611116253,changed,1
14,-61.00009936813611,-13.021080043312464,2016-02-06,0.0,0.0006865528412163258,0.0,0.0,0.1365499496459961,-0.004003995563834906,0.0,0.0,0.0,0.1347895101217693,changed,1
14,-61.00009936813611,-13.021080043312464,2016-02-12,0.0,0.0006865528412163258,0.0,0.0,0.1365499496459961,-0.004003995563834906,0.0,0.0,0.0,0.1344223951925156,changed,1
14,-61.00009936813611,-13.021080043312464,2016-02-18,0.0,0.0006865528412163258,0.0,0.0,0.1365499496459961,-0.004003995563834906,0.0,0.0,0.0,0.13407783302889567,changed,1
14,-61.00009936813611,-13.021080043312464,2016-02-24,0.0,0.0006865528412163258,0.0,0.0,0.1365499496459961,-0.004003995563834906,0.0,0.0,0.0,0.13375947563915383,changed,1
14,-61.00009936813611,-13.021080043312464,2016-03-01,0.0,0.0006865528412163258,0.0,0.0,0.1365499496459961,-0.004003995563834906,0.0,0.0,0.0,0.13347069806506737,changed,1
14,-61.00009936813611,-13.021080043312464,2016-03-07,0.0,0.0006865528412163258,0.0,0.0,0.1365499496459961,-0.004003995563834906,0.0,0.0,0.0,0.13321456155927164,changed,1
14,-61.00009936813611,-13.021080043312464,2016-03-13,0.0,0.0006865528412163258,0.0,0.0,0.1365499496459961,-0.004003995563834906,0.0,0.0,0.0,0.13299378062185424,changed,1
14,-61.00009936813611,-13.021080043312464,2016-03-19,0.0,0.0006865528412163258,0.0,0.0,0.1365499496459961,-0.004003995563834906,0.0,0.0,0.0,0.13281069608856805,changed,1
14,-61.00009936813611,-13.021080043312464,2016-03-25,0.0,0.0006865528412163258,0.0,0.0,0.1365499496459961,-0.004003995563834906,0.0,0.0,0.0,0.1326672486007663,changed,1
14,-61.00009936813611,-13.021080043312464,2016-03-31,0.0,0.0006865528412163258,0.0,0.0,0.1365499496459961,-0.004003995563834906,0.0,0.0,0.0,0.13256495879433255,changed,1
14,-61.00009936813611,-13.021080043312464,2016-04-06,0.0,0.0006865528412163258,0.0,0.0,0.1365499496459961,-0.004003995563834906,0.0,0.0,0.0,0.1325049109559262,changed,1
14,-61.00009936813611,-13.021080043312464,2016-04-12,0.24472999572753906,0.0006865528412163258,0.0,0.0,0.1365499496459961,-0.004003995563834906,0.0,0.0,0.0,0.1324877412349664,changed,1
14,-61.00009936813611,-13.021080043312464,2016-04-18,0.0,0.0006865528412163258,0.0,0.0,0.1365499496459961,-0.004003995563834906,0.0,0.0,0.0,0.1325136321067278,changed,1
14,-61.00009936813611,-13.021080043312464,2016-04-24,0.0,0.0006865528412163258,0.0,0.0,0.1365499496459961,-0.004003995563834906,0.0,0.0,0.0,0.1325823090626328,changed,1
14,-61.00009936813611,-13.021080043312464,2016-04-30,0.0,0.0006865528412163258,0.0,0.0,0.1365499496459961,-0.004003995563834906,0.0,0.0,0.0,0.13269304374427546,changed,1
14,-61.00009936813611,-13.021080043312464,2016-05-06,0.1328050047159195,0.0006865528412163258,0.0,0.0,0.1365499496459961,-0.004003995563834906,0.0,0.0,0.0,0.13284466284197322,changed,1
14,-61.00009936813611,-13.021080043312464,2016-05-12,0.0,0.0006865528412163258,0.0,0.0,0.1365499496459961,-0.004003995563834906,0.0,0.0,0.0,0.13303555870995226,changed,1
14,-61.00009936813611,-13.021080043312464,2016-05-18,0.0,0.0006865528412163258,0.0,0.0,0.1365499496459961,-0.004003995563834906,0.0,0.0,0.0,0.1332637079868444,changed,1
14,-61.00009936813611,-13.021080043312464,2016-05-24,0.0,0.0006865528412163258,0.0,0.0,0.1365499496459961,-0.004003995563834906,0.0,0.0,0.0,0.13352669244609794,changed,1
14,-61.00009936813611,-13.021080043312464,2016-05-30,0.12725000083446503,0.0006865528412163258,0.0,0.0,0.1365499496459961,-0.004003995563834906,0.0,0.0,0.0,0.13382172394447497,changed,1
14,-61.00009936813611,-13.021080043312464,2016-06-05,0.1434749960899353,0.0006865528412163258,0.0,0.0,0.1365499496459961,-0.004003995563834906,0.0,0.0,0.0,0.13414567546676598,changed,1
14,-61.00009936813611,-13.021080043312464,2016-06-11,0.0,0.0006865528412163258,0.0,0.0,0.1365499496459961,-0.004003995563834906,0.0,0.0,0.0,0.13449511281150492,changed,1
14,-61.00009936813611,-13.021080043312464,2016-06-17,0.0,0.0006865528412163258,0.0,0.0,0.1365499496459961,-0.004003995563834906,0.0,0.0,0.0,0.1348663319535341,changed,1
14,-61.00009936813611,-13.021080043312464,2016-06-23,0.0,0.0006865528412163258,0.0,0.0,0.1365499496459961,-0.004003995563834906,0.0,0.0,0.0,0.13525539789661528,changed,1
14,-61.00009936813611,-13.021080043312464,2016-06-29,0.0,0.0006865528412163258,0.0,0.0,0.1365499496459961,-0.004003995563834906,0.0,0.0,0.0,0.13565818640327967,changed,1
14,-61.00009936813611,-13.021080043312464,2016-07-05,0.13379499316215515,0.0006865528412163258,0.0,0.0,0.1365499496459961,-0.004003995563834906,0.0,0.0,0.0,0.13607042781441328,changed,1
14,-61.00009936813611,-13.021080043312464,2016-07-11,0.0,0.0006865528412163258,0.0,0.0,0.1365499496459961,-0.004003995563834906,0.0,0.0,0.0,0.13648775229539784,changed,1
14,-61.00009936813611,-13.021080043312464,2016-07-17,0.1356925070285797,0.0006865528412163258,0.0,0.0,0.1365499496459961,-0.004003995563834906,0.0,0.0,0.0,0.1369057360758532,changed,1
14,-61.00009936813611,-13.021080043312464,2016-07-23,0.139102503657341,0.0006865528412163258,0.0,0.0,0.1365499496459961,-0.004003995563834906,0.0,0.0,0.0,0.13731994841449133,changed,1
14,-61.00009936813611,-13.021080043312464,2016-07-29,0.1449050009250641,0.0006865528412163258,0.0,0.0,0.1365499496459961,-0.004003995563834906,0.0,0.0,0.0,0.13772599852875367,changed,1
14,-61.00009936813611,-13.021080043312464,2016-08-04,0.0,0.0006865528412163258,0.0,0.0,0.1365499496459961,-0.004003995563834906,0.0,0.0,0.0,0.13811958231711327,changed,1
14,-61.00009936813611,-13.021080043312464,2016-08-10,0.1397075057029724,0.0006865528412163258,0.0,0.0,0.1365499496459961,-0.004003995563834906,0.0,0.0,0.0,0.13849652751363356,changed,1
14,-61.00009936813611,-13.021080043312464,2016-08-16,0.1529349982738495,0.0006865528412163258,0.0,0.0,0.1365499496459961,-0.004003995563834906,0.0,0.0,0.0,0.1388528386619765,changed,1
14,-61.00009936813611,-13.021080043312464,2016-08-22,0.0,0.0006865528412163258,0.0,0.0,0.1365499496459961,-0.004003995563834906,0.0,0.0,0.0,0.13918473845864793,changed,1
14,-61.00009936813611,-13.021080043312464,2016-08-28,0.0,0.0006865528412163258,0.0,0.0,0.1365499496459961,-0.004003995563834906,0.0,0.0,0.0,0.13948870878261627,changed,1
14,-61.00009936813611,-13.021080043312464,2016-09-03,0.0,0.0006865528412163258,0.0,0.0,0.1365499496459961,-0.004003995563834906,0.0,0.0,0.0,0.13976152779756604,changed,1
14,-61.00009936813611,-13.021080043312464,2016-09-09,0.0,0.0006865528412163258,0.0,0.0,0.1365499496459961,-0.004003995563834906,0.0,0.0,0.0,0.1400003030379086,changed,1
14,-61.00009936813611,-13.021080043312464,2016-09-15,0.16123999655246735,0.0006865528412163258,0.0,0.0,0.1365499496459961,-0.004003995563834906,0.0,0.0,0.0,0.1402025038608263,changed,1
14,-61.00009936813611,-13.021080043312464,2016-09-21,0.0,0.0006865528412163258,0.0,0.0,0.1365499496459961,-0.004003995563834906,0.0,0.0,0.0,0.1403659866295969,changed,1
14,-61.00009936813611,-13.021080043312464,2016-09-27,0.0,0.0006865528412163258,0.0,0.0,0.1365499496459961,-0.004003995563834906,0.0,0.0,0.0,0.14048901827235782,changed,1
14,-61.00009936813611,-13.021080043312464,2016-10-03,0.0,0.0006865528412163258,0.0,0.0,0.1365499496459961,-0.004003995563834906,0.0,0.0,0.0,0.14057029510450153,changed,1
14,-61.00009936813611,-13.021080043312464,2016-10-09,0.0,0.0006865528412163258,0.0,0.0,0.1365499496459961,-0.004003995563834906,0.0,0.0,0.0,0.1406089552073392,changed,1
14,-61.00009936813611,-13.021080043312464,2016-10-15,0.0,0.0006865528412163258,0.0,0.0,0.1365499496459961,-0.004003995563834906,0.0,0.0,0.0,0.14060458873813964,changed,1
14,-61.00009936813611,-13.021080043312464,2016-10-21,0.17507250607013702,0.0006865528412163258,0.0,0.0,0.1365499496459961,-0.004003995563834906,0.0,0.0,0.0,0.1405572420811299,changed,1
14,-61.00009936813611,-13.021080043312464,2016-10-27,0.0,0.0006865528412163258,0.0,0.0,0.1365499496459961,-0.004003995563834906,0.0,0.0,0.0,0.140467417007965,changed,1
14,-61.00009936813611,-13.021080043312464,2016-11-02,0.1545024961233139,0.0006865528412163258,0.0,0.0,0.1365499496459961,-0.004003995563834906,0.0,0.0,0.0,0.1403360661458111,changed,1
14,-61.00009936813611,-13.021080043312464,2016-11-08,0.0,0.0006865528412163258,0.0,0.0,0.1365499496459961,-0.004003995563834906,0.0,0.0,0.0,0.14016458132233314,changed,1
14,-61.00009936813611,-13.021080043312464,2016-11-14,0.0,0.0006865528412163258,0.0,0.0,0.1365499496459961,-0.004003995563834906,0.0,0.0,0.0,0.13995478038315065,changed,1
14,-61.00009936813611,-13.021080043312464,2016-11-20,0.0,0.0006865528412163258,0.0,0.0,0.1365499496459961,-0.004003995563834906,0.0,0.0,0.0,0.13970888765076217,changed,1
14,-61.00009936813611,-13.021080043312464,2016-11-26,0.0,0.0006865528412163258,0.0,0.0,0.1365499496459961,-0.004003995563834906,0.0,0.0,0.0,0.13942950917378308,changed,1
14,-61.00009936813611,-13.021080043312464,2016-12-02,0.0,0.0006865528412163258,0.0,0.0,0.1365499496459961,-0.004003995563834906,0.0,0.0,0.0,0.1391196067521283,changed,1
14,-61.00009936813611,-13.021080043312464,2016-12-08,0.0,0.0006865528412163258,0.0,0.0,0.1365499496459961,-0.004003995563834906,0.0,0.0,0.0,0.13878246525574855,changed,1
14,-61.00009936813611,-13.021080043312464,2016-12-14,0.0,0.0006865528412163258,0.0,0.0,0.1365499496459961,-0.004003995563834906,0.0,0.0,0.0,0.1384216585760854,changed,1
14,-61.00009936813611,-13.021080043312464,2016-12-20,0.0,0.0006865528412163258,0.0,0.0,0.1365499496459961,-0.004003995563834906,0.0,0.0,0.0,0.13804101136510694,changed,1
14,-61.00009936813611,-13.021080043312464,2016-12-26,0.0,0.0006865528412163258,0.0,0.0,0.1365499496459961,-0.004003995563834906,0.0,0.0,0.0,0.13764455851287835,changed,1
14,-61.00009936813611,-13.021080043312464,2017-01-01,0.14969000220298767,0.0006865528412163258,0.0,0.0,0.1365499496459961,-0.004003995563834906,0.0,0.0,0.0,0.1372365024872163,changed,1
14,-61.00009936813611,-13.021080043312464,2017-01-07,0.0,0.0006865528412163258,0.0,0.0,0.1365499496459961,-0.004003995563834906,0.0,0.0,0.0,0.13682002496391643,changed,1
14,-61.00009936813611,-13.021080043312464,2017-01-13,0.0,0.0006865528412163258,0.0,0.0,0.1365499496459961,-0.004003995563834906,0.0,0.0,0.0,0.1364006689314365,changed,1
14,-61.00009936813611,-13.021080043312464,2017-01-19,0.0,0.0006865528412163258,0.0,0.0,0.1365499496459961,-0.004003995563834906,0.0,0.0,0.0,0.13598290399277604,changed,1
14,-61.00009936813611,-13.021080043312464,2017-01-25,0.0,0.0006865528412163258,0.0,0.0,0.1365499496459961,-0.004003995563834906,0.0,0.0,0.0,0.1355711827995562,changed,1
14,-61.00009936813611,-13.021080043312464,2017-01-31,0.0,0.0006865528412163258,0.0,0.0,0.1365499496459961,-0.004003995563834906,0.0,0.0,0.0,0.13516989361335408,changed,1
14,-61.00009936813611,-13.021080043312464,2017-02-06,0.0,0.0006865528412163258,0.0,0.0,0.1365499496459961,-0.004003995563834906,0.0,0.0,0.0,0.13478331349429415,changed,1
14,-61.00009936813611,-13.021080043312464,2017-02-12,0.0,0.0006865528412163258,0.0,0.0,0.1365499496459961,-0.004003995563834906,0.0,0.0,0.0,0.13441556297249185,changed,1
14,-61.00009936813611,-13.021080043312464,2017-02-18,0.0,0.0006865528412163258,0.0,0.0,0.1365499496459961,-0.004003995563834906,0.0,0.0,0.0,0.13407056157853325,changed,1
14,-61.00009936813611,-13.021080043312464,2017-02-24,0.0,0.0006865528412163258,0.0,0.0,0.1365499496459961,-0.004003995563834906,0.0,0.0,0.0,0.13375198621034073,changed,1
14,-61.00009936813611,-13.021080043312464,2017-03-02,0.0,0.0006865528412163258,0.0,0.0,0.1365499496459961,-0.004003995563834906,0.0,0.0,0.0,0.13346323272190458,changed,1
14,-61.00009936813611,-13.021080043312464,2017-03-08,0.0,0.0006865528412163258,0.0,0.0,0.1365499496459961,-0.004003995563834906,0.0,0.0,0.0,0.1332073782890469,changed,1
14,-61.00009936813611,-13.021080043312464,2017-03-14,0.14823250472545624,0.0006865528412163258,0.0,0.0,0.1365499496459961,-0.004003995563834906,0.0,0.0,0.0,0.13298715040306533,changed,1
14,-61.00009936813611,-13.021080043312464,2017-03-20,0.0,0.0006865528412163258,0.0,0.0,0.1365499496459961,-0.004003995563834906,0.0,0.0,0.0,0.13280489605172074,changed,1
14,-61.00009936813611,-13.021080043312464,2017-03-26,0.0,0.0006865528412163258,0.0,0.0,0.1365499496459961,-0.004003995563834906,0.0,0.0,0.0,0.13266255799167098,changed,1
14,-61.00009936813611,-13.021080043312464,2017-04-01,0.0,0.0006865528412163258,0.0,0.0,0.1365499496459961,-0.004003995563834906,0.0,0.0,0.0,0.13256165296292755,changed,1
14,-61.00009936813611,-13.021080043312464,2017-04-07,0.0,0.0006865528412163258,0.0,0.0,0.1365499496459961,-0.004003995563834906,0.0,0.0,0.0,0.13250325658650008,changed,1
14,-61.00009936813611,-13.021080043312464,2017-04-13,0.0,0.0006865528412163258,0.0,0.0,0.1365499496459961,-0.004003995563834906,0.0,0.0,0.0,0.13248799152267007,changed,1
14,-61.00009936813611,-13.021080043312464,2017-04-19,0.0,0.0006865528412163258,0.0,0.0,0.1365499496459961,-0.004003995563834906,0.0,0.0,0.0,0.1325160201279365,changed,1
14,-61.00009936813611,-13.021080043312464,2017-04-25,0.0,0.0006865528412163258,0.0,0.0,0.1365499496459961,-0.004003995563834906,0.0,0.0,0.0,0.13258704389793283,changed,1
14,-61.00009936813611,-13.021080043312464,2017-05-01,0.0,0.0006865528412163258,0.0,0.0,0.1365499496459961,-0.004003995563834906,0.0,0.0,0.0,0.1327003056455451,changed,1
14,-61.00009936813611,-13.021080043312464,2017-05-07,0.0,0.0006865528412163258,0.0,0.0,0.1365499496459961,-0.004003995563834906,0.0,0.0,0.0,0.13285459835678354,changed,1
14,-61.00009936813611,-13.021080043312464,2017-05-13,0.0,0.0006865528412163258,0.0,0.0,0.1365499496459961,-0.004003995563834906,0.0,0.0,0.0,0.13304827749702594,changed,1
14,-61.00009936813611,-13.021080043312464,2017-05-19,0.0,0.0006865528412163258,0.0,0.0,0.1365499496459961,-0.004003995563834906,0.0,0.0,0.0,0.1332792786019177,changed,1
14,-61.00009936813611,-13.021080043312464,2017-05-25,0.0,0.0006865528412163258,0.0,0.0,0.1365499496459961,-0.004003995563834906,0.0,0.0,0.0,0.13354513968232826,changed,1
14,-61.00009936813611,-13.021080043312464,2017-05-31,0.0,0.0006865528412163258,0.0,0.0,0.1365499496459961,-0.004003995563834906,0.0,0.0,0.0,0.13384302718214425,changed,1
14,-61.00009936813611,-13.021080043312464,2017-06-06,0.14380499720573425,0.0006865528412163258,0.0,0.0,0.1365499496459961,-0.004003995563834906,0.0,0.0,0.0,0.13416976605460995,changed,1
14,-61.00009936813611,-13.021080043312464,2017-06-12,0.0,0.0006865528412163258,0.0,0.0,0.1365499496459961,-0.004003995563834906,0.0,0.0,0.0,0.13452187380399844,changed,1
14,-61.00009936813611,-13.021080043312464,2017-06-18,0.12697499990463257,0.0006865528412163258,0.0,0.0,0.1365499496459961,-0.004003995563834906,0.0,0.0,0.0,0.1348955974833177,changed,1
14,-61.00009936813611,-13.021080043312464,2017-06-24,0.12249249964952469,0.0006865528412163258,0.0,0.0,0.1365499496459961,-0.004003995563834906,0.0,0.0,0.0,0.13528695386297052,changed,1
14,-61.00009936813611,-13.021080043312464,2017-06-30,0.127360001206398,0.0006865528412163258,0.0,0.0,0.1365499496459961,-0.004003995563834906,0.0,0.0,0.0,0.13569177164900778,changed,1
14,-61.00009936813611,-13.021080043312464,2017-07-06,0.0,0.0006865528412163258,0.0,0.0,0.1365499496459961,-0.004003995563834906,0.0,0.0,0.0,0.1361057362462508,changed,1
14,-61.00009936813611,-13.021080043312464,2017-07-12,0.0,0.0006865528412163258,0.0,0.0,0.1365499496459961,-0.004003995563834906,0.0,0.0,0.0,0.13652443542551873,changed,1
14,-61.00009936813611,-13.021080043312464,2017-07-18,0.1361600011587143,0.0006865528412163258,0.0,0.0,0.1365499496459961,-0.004003995563834906,0.0,0.0,0.0,0.13694340654017698,changed,1
14,-61.00009936813611,-13.021080043312464,2017-07-24,0.13767249882221222,0.0006865528412163258,0.0,0.0,0.1365499496459961,-0.004003995563834906,0.0,0.0,0.0,0.1373581840168791,changed,1
14,-61.00009936813611,-13.021080043312464,2017-07-30,0.0,0.0006865528412163258,0.0,0.0,0.1365499496459961,-0.004003995563834906,0.0,0.0,0.0,0.1377643470413174,changed,1
14,-61.00009936813611,-13.021080043312464,2017-08-05,0.13868999481201172,0.0006865528412163258,0.0,0.0,0.1365499496459961,-0.004003995563834906,0.0,0.0,0.0,0.13815756671004262,changed,1
14,-61.00009936813611,-13.021080043312464,2017-08-11,0.13709500432014465,0.0006865528412163258,0.0,0.0,0.1365499496459961,-0.004003995563834906,0.0,0.0,0.0,0.13853365175449048,changed,1
14,-61.00009936813611,-13.021080043312464,2017-08-17,0.0,0.0006865528412163258,0.0,0.0,0.1365499496459961,-0.004003995563834906,0.0,0.0,0.0,0.13888859371272477,changed,1
14,-61.00009936813611,-13.021080043312464,2017-08-23,0.0,0.0006865528412163258,0.0,0.0,0.1365499496459961,-0.004003995563834906,0.0,0.0,0.0,0.13921860955124665,changed,1
14,-61.00009936813611,-13.021080043312464,2017-08-29,0.0,0.0006865528412163258,0.0,0.0,0.1365499496459961,-0.004003995563834906,0.0,0.0,0.0,0.13952018178090822,changed,1
14,-61.00009936813611,-13.021080043312464,2017-09-04,0.14751750230789185,0.0006865528412163258,0.0,0.0,0.1365499496459961,-0.004003995563834906,0.0,0.0,0.0,0.1397900965206666,changed,1
14,-61.00009936813611,-13.021080043312464,2017-09-10,0.16596999764442444,0.0006865528412163258,0.0,0.0,0.1365499496459961,-0.004003995563834906,0.0,0.0,0.0,0.14002547618812472,changed,1
14,-61.00009936813611,-13.021080043312464,2017-09-16,0.0,0.0006865528412163258,0.0,0.0,0.1365499496459961,-0.004003995563834906,0.0,0.0,0.0,0.1402238128926152,changed,1
14,-61.00009936813611,-13.021080043312464,2017-09-22,0.16057999432086945,0.0006865528412163258,0.0,0.0,0.1365499496459961,-0.004003995563834906,0.0,0.0,0.0,0.14038299187631464,changed,1
14,-61.00009936813611,-13.021080043312464,2017-09-28,0.0,0.0006865528412163258,0.0,0.0,0.1365499496459961,-0.004003995563834906,0.0,0.0,0.0,0.14050131712724628,changed,1
14,-61.00009936813611,-13.021080043312464,2017-10-04,0.0,0.0006865528412163258,0.0,0.0,0.1365499496459961,-0.004003995563834906,0.0,0.0,0.0,0.1405775270837922,changed,1
14,-61.00009936813611,-13.021080043312464,2017-10-10,0.0,0.0006865528412163258,0.0,0.0,0.1365499496459961,-0.004003995563834906,0.0,0.0,0.0,0.1406108097818071,changed,1
14,-61.00009936813611,-13.021080043312464,2017-10-16,0.0,0.0006865528412163258,0.0,0.0,0.1365499496459961,-0.004003995563834906,0.0,0.0,0.0,0.14060081046446338,changed,1
14,-61.00009936813611,-13.021080043312464,2017-10-22,0.1642650067806244,0.0006865528412163258,0.0,0.0,0.1365499496459961,-0.004003995563834906,0.0,0.0,0.0,0.14054763548947996,changed,1
14,-61.00009936813611,-13.021080043312464,2017-10-28,0.1662449985742569,0.0006865528412163258,0.0,0.0,0.1365499496459961,-0.004003995563834906,0.0,0.0,0.0,0.1404518516993156,changed,1
14,-61.00009936813611,-13.021080043312464,2017-11-03,0.0,0.0006865528412163258,0.0,0.0,0.1365499496459961,-0.004003995563834906,0.0,0.0,0.0,0.14031448024934656,changed,1
14,-61.00009936813611,-13.021080043312464,2017-11-09,0.0,0.0006865528412163258,0.0,0.0,0.1365499496459961,-0.004003995563834906,0.0,0.0,0.0,0.1401369848505497,changed,1
14,-61.00009936813611,-13.021080043312464,2017-11-15,0.0,0.0006865528412163258,0.0,0.0,0.1365499496459961,-0.004003995563834906,0.0,0.0,0.0,0.1399212575846962,changed,1
14,-61.00009936813611,-13.021080043312464,2017-11-21,0.0,0.0006865528412163258,0.0,0.0,0.1365499496459961,-0.004003995563834906,0.0,0.0,0.0,0.1396695977812358,changed,1
14,-61.00009936813611,-13.021080043312464,2017-11-27,0.0,0.0006865528412163258,0.0,0.0,0.1365499496459961,-0.004003995563834906,0.0,0.0,0.0,0.1393846876893392,changed,1
14,-61.00009936813611,-13.021080043312464,2017-12-03,0.0,0.0006865528412163258,0.0,0.0,0.1365499496459961,-0.004003995563834906,0.0,0.0,0.0,0.13906956379945004,changed,1
14,-61.00009936813611,-13.021080043312464,2017-12-09,0.0,0.0006865528412163258,0.0,0.0,0.1365499496459961,-0.004003995563834906,0.0,0.0,0.0,0.1387275850722895,changed,1
14,-61.00009936813611,-13.021080043312464,2017-12-15,0.0,0.0006865528412163258,0.0,0.0,0.1365499496459961,-0.004003995563834906,0.0,0.0,0.0,0.1383623961901176,changed,1
14,-61.00009936813611,-13.021080043312464,2017-12-21,0.0,0.0006865528412163258,0.0,0.0,0.1365499496459961,-0.004003995563834906,0.0,0.0,0.0,0.13797788968436492,changed,1
14,-61.00009936813611,-13.021080043312464,2017-12-27,0.0,0.0006865528412163258,0.0,0.0,0.1365499496459961,-0.004003995563834906,0.0,0.0,0.0,0.1375781636752894,changed,1
14,-61.00009936813611,-13.021080043312464,2018-01-02,0.0,0.0006865528412163258,0.0,0.0,0.1365499496459961,-0.004003995563834906,0.0,0.0,0.0,0.1371674785557101,changed,1
14,-61.00009936813611,-13.021080043312464,2018-01-07,0.0,0.0006865528412163258,0.0,0.0,0.1365499496459961,-0.004003995563834906,0.0,0.0,0.0,0.13682002496391643,changed,1
14,-61.00009936813611,-13.021080043312464,2018-01-13,0.0,0.0006865528412163258,0.0,0.0,0.1365499496459961,-0.004003995563834906,0.0,0.0,0.0,0.1364006689314365,changed,1
14,-61.00009936813611,-13.021080043312464,2018-01-19,0.0,0.0006865528412163258,0.0,0.0,0.1365499496459961,-0.004003995563834906,0.0,0.0,0.0,0.13598290399277604,changed,1
14,-61.00009936813611,-13.021080043312464,2018-01-25,0.0,0.0006865528412163258,0.0,0.0,0.1365499496459961,-0.004003995563834906,0.0,0.0,0.0,0.1355711827995562,changed,1
14,-61.00009936813611,-13.021080043312464,2018-01-31,0.0,0.0006865528412163258,0.0,0.0,0.1365499496459961,-0.004003995563834906,0.0,0.0,0.0,0.13516989361335408,changed,1
14,-61.00009936813611,-13.021080043312464,2018-02-06,0.0,0.0006865528412163258,0.0,0.0,0.1365499496459961,-0.004003995563834906,0.0,0.0,0.0,0.13478331349429415,changed,1
14,-61.00009936813611,-13.021080043312464,2018-02-12,0.0,0.0006865528412163258,0.0,0.0,0.1365499496459961,-0.004003995563834906,0.0,0.0,0.0,0.13441556297249185,changed,1
14,-61.00009936813611,-13.021080043312464,2018-02-18,0.0,0.0006865528412163258,0.0,0.0,0.1365499496459961,-0.004003995563834906,0.0,0.0,0.0,0.13407056157853325,changed,1
14,-61.00009936813611,-13.021080043312464,2018-02-24,0.0,0.0006865528412163258,0.0,0.0,0.1365499496459961,-0.004003995563834906,0.0,0.0,0.0,0.13375198621034073,changed,1
14,-61.00009936813611,-13.021080043312464,2018-03-02,0.0,0.0006865528412163258,0.0,0.0,0.1365499496459961,-0.004003995563834906,0.0,0.0,0.0,0.13346323272190458,changed,1
14,-61.00009936813611,-13.021080043312464,2018-03-08,0.0,0.0006865528412163258,0.0,0.0,0.1365499496459961,-0.004003995563834906,0.0,0.0,0.0,0.1332073782890469,changed,1
14,-61.00009936813611,-13.021080043312464,2018-03-14,0.0,0.0006865528412163258,0.0,0.0,0.1365499496459961,-0.004003995563834906,0.0,0.0,0.0,0.13298715040306533,changed,1
14,-61.00009936813611,-13.021080043312464,2018-03-20,0.0,0.0006865528412163258,0.0,0.0,0.1365499496459961,-0.004003995563834906,0.0,0.0,0.0,0.13280489605172074,changed,1
14,-61.00009936813611,-13.021080043312464,2018-03-26,0.0,0.0006865528412163258,0.0,0.0,0.1365499496459961,-0.004003995563834906,0.0,0.0,0.0,0.13266255799167098,changed,1
14,-61.00009936813611,-13.021080043312464,2018-04-01,0.0,0.0006865528412163258,0.0,0.0,0.1365499496459961,-0.004003995563834906,0.0,0.0,0.0,0.13256165296292755,changed,1
14,-61.00009936813611,-13.021080043312464,2018-04-07,0.0,0.0006865528412163258,0.0,0.0,0.1365499496459961,-0.004003995563834906,0.0,0.0,0.0,0.13250325658650008,changed,1
14,-61.00009936813611,-13.021080043312464,2018-04-13,0.0,0.0006865528412163258,0.0,0.0,0.1365499496459961,-0.004003995563834906,0.0,0.0,0.0,0.13248799152267007,changed,1
14,-61.00009936813611,-13.021080043312464,2018-04-19,0.0,0.0006865528412163258,0.0,0.0,0.1365499496459961,-0.004003995563834906,0.0,0.0,0.0,0.1325160201279365,changed,1
14,-61.00009936813611,-13.021080043312464,2018-04-25,0.0,0.0006865528412163258,0.0,0.0,0.1365499496459961,-0.004003995563834906,0.0,0.0,0.0,0.13258704389793283,changed,1
14,-61.00009936813611,-13.021080043312464,2018-05-01,0.0,0.0006865528412163258,0.0,0.0,0.1365499496459961,-0.004003995563834906,0.0,0.0,0.0,0.1327003056455451,changed,1
14,-61.00009936813611,-13.021080043312464,2018-05-07,0.0,0.0006865528412163258,0.0,0.0,0.1365499496459961,-0.004003995563834906,0.0,0.0,0.0,0.13285459835678354,changed,1
14,-61.00009936813611,-13.021080043312464,2018-05-13,0.13522499799728394,0.0006865528412163258,0.0,0.0,0.1365499496459961,-0.004003995563834906,0.0,0.0,0.0,0.13304827749702594,changed,1
14,-61.00009936813611,-13.021080043312464,2018-05-19,0.0,0.0006865528412163258,0.0,0.0,0.1365499496459961,-0.004003995563834906,0.0,0.0,0.0,0.1332792786019177,changed,1
14,-61.00009936813611,-13.021080043312464,2018-05-25,0.14391499757766724,0.0006865528412163258,0.0,0.0,0.1365499496459961,-0.004003995563834906,0.0,0.0,0.0,0.13354513968232826,changed,1
14,-61.00009936813611,-13.021080043312464,2018-05-31,0.0,0.0006865528412163258,0.0,0.0,0.1365499496459961,-0.004003995563834906,0.0,0.0,0.0,0.13384302718214425,changed,1
14,-61.00009936813611,-13.021080043312464,2018-06-06,0.0,0.0006865528412163258,0.0,0.0,0.1365499496459961,-0.004003995563834906,0.0,0.0,0.0,0.13416976605460995,changed,1
14,-61.00009936813611,-13.021080043312464,2018-06-12,0.14666500687599182,0.0006865528412163258,0.0,0.0,0.1365499496459961,-0.004003995563834906,0.0,0.0,0.0,0.13452187380399844,changed,1
14,-61.00009936813611,-13.021080043312464,2018-06-18,0.1419074982404709,0.0006865528412163258,0.0,0.0,0.1365499496459961,-0.004003995563834906,0.0,0.0,0.0,0.1348955974833177,changed,1
14,-61.00009936813611,-13.021080043312464,2018-06-24,0.0,0.0006865528412163258,0.0,0.0,0.1365499496459961,-0.004003995563834906,0.0,0.0,0.0,0.13528695386297052,changed,1
14,-61.00009936813611,-13.021080043312464,2018-06-30,0.14405250549316406,0.0006865528412163258,0.0,0.0,0.1365499496459961,-0.004003995563834906,0.0,0.0,0.0,0.13569177164900778,changed,1
14,-61.00009936813611,-13.021080043312464,2018-07-06,0.13962499797344208,0.0006865528412163258,0.0,0.0,0.1365499496459961,-0.004003995563834906,0.0,0.0,0.0,0.1361057362462508,changed,1
14,-61.00009936813611,-13.021080043312464,2018-07-12,0.0,0.0006865528412163258,0.0,0.0,0.1365499496459961,-0.004003995563834906,0.0,0.0,0.0,0.13652443542551873,changed,1
14,-61.00009936813611,-13.021080043312464,2018-07-18,0.0,0.0006865528412163258,0.0,0.0,0.1365499496459961,-0.004003995563834906,0.0,0.0,0.0,0.13694340654017698,changed,1
14,-61.00009936813611,-13.021080043312464,2018-07-24,0.1427599936723709,0.0006865528412163258,0.0,0.0,0.1365499496459961,-0.004003995563834906,0.0,0.0,0.0,0.1373581840168791,changed,1
14,-61.00009936813611,-13.021080043312464,2018-07-30,0.14504249393939972,0.0006865528412163258,0.0,0.0,0.1365499496459961,-0.004003995563834906,0.0,0.0,0.0,0.1377643470413174,changed,1
14,-61.00009936813611,-13.021080043312464,2018-08-05,0.1277174949645996,0.0006865528412163258,0.0,0.0,0.1365499496459961,-0.004003995563834906,0.0,0.0,0.0,0.13815756671004262,changed,1
14,-61.00009936813611,-13.021080043312464,2018-08-11,0.0,0.0006865528412163258,0.0,0.0,0.1365499496459961,-0.004003995563834906,0.0,0.0,0.0,0.13853365175449048,changed,1
14,-61.00009936813611,-13.021080043312464,2018-08-17,0.14402499794960022,0.0006865528412163258,0.0,0.0,0.1365499496459961,-0.004003995563834906,0.0,0.0,0.0,0.13888859371272477,changed,1
14,-61.00009936813611,-13.021080043312464,2018-08-23,0.0,0.0006865528412163258,0.0,0.0,0.1365499496459961,-0.004003995563834906,0.0,0.0,0.0,0.13921860955124665,changed,1
14,-61.00009936813611,-13.021080043312464,2018-08-29,0.14757250249385834,0.0006865528412163258,0.0,0.0,0.1365499496459961,-0.004003995563834906,0.0,0.0,0.0,0.13952018178090822,changed,1
14,-61.00009936813611,-13.021080043312464,2018-09-04,0.0,0.0006865528412163258,0.0,0.0,0.1365499496459961,-0.004003995563834906,0.0,0.0,0.0,0.1397900965206666,changed,1
14,-61.00009936813611,-13.021080043312464,2018-09-10,0.0,0.0006865528412163258,0.0,0.0,0.1365499496459961,-0.004003995563834906,0.0,0.0,0.0,0.14002547618812472,changed,1
14,-61.00009936813611,-13.021080043312464,2018-09-16,0.14630749821662903,0.0006865528412163258,0.0,0.0,0.1365499496459961,-0.004003995563834906,0.0,0.0,0.0,0.1402238128926152,changed,1
14,-61.00009936813611,-13.021080043312464,2018-09-22,0.0,0.0006865528412163258,0.0,0.0,0.1365499496459961,-0.004003995563834906,0.0,0.0,0.0,0.14038299187631464,changed,1
14,-61.00009936813611,-13.021080043312464,2018-09-28,0.0,0.0006865528412163258,0.0,0.0,0.1365499496459961,-0.004003995563834906,0.0,0.0,0.0,0.14050131712724628,changed,1
14,-61.00009936813611,-13.021080043312464,2018-10-04,0.0,0.0006865528412163258,0.0,0.0,0.1365499496459961,-0.004003995563834906,0.0,0.0,0.0,0.1405775270837922,changed,1
14,-61.00009936813611,-13.021080043312464,2018-10-10,0.19446000456809998,0.0006865528412163258,0.0,0.0,0.1365499496459961,-0.004003995563834906,0.0,0.0,0.0,0.1406108097818071,changed,1
14,-61.00009936813611,-13.021080043312464,2018-10-16,0.1772724986076355,0.0006865528412163258,0.0,0.0,0.1365499496459961,-0.004003995563834906,0.0,0.0,0.0,0.14060081046446338,changed,1
14,-61.00009936813611,-13.021080043312464,2018-10-22,0.0,0.0006865528412163258,0.0,0.0,0.1365499496459961,-0.004003995563834906,0.0,0.0,0.0,0.14054763548947996,changed,1
14,-61.00009936813611,-13.021080043312464,2018-10-28,0.0,0.0006865528412163258,0.0,0.0,0.1365499496459961,-0.004003995563834906,0.0,0.0,0.0,0.1404518516993156,changed,1
14,-61.00009936813611,-13.021080043312464,2018-11-03,0.17994000017642975,0.0006865528412163258,0.0,0.0,0.1365499496459961,-0.004003995563834906,0.0,0.0,0.0,0.14031448024934656,changed,1
14,-61.00009936813611,-13.021080043312464,2018-11-09,0.0,0.0006865528412163258,0.0,0.0,0.1365499496459961,-0.004003995563834906,0.0,0.0,0.0,0.1401369848505497,changed,1
14,-61.00009936813611,-13.021080043312464,2018-11-15,0.0,0.0006865528412163258,0.0,0.0,0.1365499496459961,-0.004003995563834906,0.0,0.0,0.0,0.1399212575846962,changed,1
14,-61.00009936813611,-13.021080043312464,2018-11-21,0.0,0.0006865528412163258,0.0,0.0,0.1365499496459961,-0.004003995563834906,0.0,0.0,0.0,0.1396695977812358,changed,1
14,-61.00009936813611,-13.021080043312464,2018-11-27,0.0,0.0006865528412163258,0.0,0.0,0.1365499496459961,-0.004003995563834906,0.0,0.0,0.0,0.1393846876893392,changed,1
14,-61.00009936813611,-13.021080043312464,2018-12-03,0.0,0.0006865528412163258,0.0,0.0,0.1365499496459961,-0.004003995563834906,0.0,0.0,0.0,0.13906956379945004,changed,1
14,-61.00009936813611,-13.021080043312464,2018-12-09,0.0,0.0006865528412163258,0.0,0.0,0.1365499496459961,-0.004003995563834906,0.0,0.0,0.0,0.1387275850722895,changed,1
14,-61.00009936813611,-13.021080043312464,2018-12-15,0.0,0.0006865528412163258,0.0,0.0,0.1365499496459961,-0.004003995563834906,0.0,0.0,0.0,0.1383623961901176,changed,1
14,-61.00009936813611,-13.021080043312464,2018-12-21,0.0,0.0006865528412163258,0.0,0.0,0.1365499496459961,-0.004003995563834906,0.0,0.0,0.0,0.13797788968436492,changed,1
14,-61.00009936813611,-13.021080043312464,2018-12-27,0.0,0.0006865528412163258,0.0,0.0,0.1365499496459961,-0.004003995563834906,0.0,0.0,0.0,0.1375781636752894,changed,1
14,-61.00009936813611,-13.021080043312464,2019-01-02,0.0,0.0006865528412163258,0.0,0.0,0.1365499496459961,-0.004003995563834906,0.0,0.0,0.0,0.1371674785557101,changed,1
