point_id,set_type,sensor,band,longitude,latitude,timestamp,date,observed,ccdc_INTP,ccdc_SLP,ccdc_COS,ccdc_SIN,ccdc_COS2,ccdc_SIN2,ccdc_COS3,ccdc_SIN3,ccdc_fit
00000,train,Landsat8,RED,-64.29894655797644,-10.667470221992787,1370701388196,2013-06-08,0.028854999999999992,0.024160634726285934,0.0,9.74414506345056e-05,0.0,-0.0008498566458001733,0.0,0.0,0.0,0.023493313844615046
00000,train,Landsat8,RED,-64.29894655797644,-10.667470221992787,1370701412117,2013-06-08,0.028249999999999997,0.024160634726285934,0.0,9.74414506345056e-05,0.0,-0.0008498566458001733,0.0,0.0,0.0,0.02349330773207802
00000,train,Landsat8,RED,-64.29894655797644,-10.667470221992787,1373466186063,2013-07-10,0.017937499999999995,0.024160634726285934,0.0,9.74414506345056e-05,0.0,-0.0008498566458001733,0.0,0.0,0.0,0.023247109620508646
00000,train,Landsat8,RED,-64.29894655797644,-10.667470221992787,1373466209988,2013-07-10,0.01785500000000001,0.024160634726285934,0.0,9.74414506345056e-05,0.0,-0.0008498566458001733,0.0,0.0,0.0,0.023247111913233993
00000,train,Landsat8,RED,-64.29894655797644,-10.667470221992787,1374848585541,2013-07-26,0.018157499999999993,0.024160634726285934,0.0,9.74414506345056e-05,0.0,-0.0008498566458001733,0.0,0.0,0.0,0.02349772479554054
00000,train,Landsat8,RED,-64.29894655797644,-10.667470221992787,1374848609474,2013-07-26,0.01796500000000001,0.024160634726285934,0.0,9.74414506345056e-05,0.0,-0.0008498566458001733,0.0,0.0,0.0,0.02349773095873297
00000,train,Landsat8,RED,-64.29894655797644,-10.667470221992787,1376230987226,2013-08-11,0.020137500000000003,0.024160634726285934,0.0,9.74414506345056e-05,0.0,-0.0008498566458001733,0.0,0.0,0.0,0.0239247990942294
00000,train,Landsat8,RED,-64.29894655797644,-10.667470221992787,1376231011164,2013-08-11,0.01983499999999999,0.024160634726285934,0.0,9.74414506345056e-05,0.0,-0.0008498566458001733,0.0,0.0,0.0,0.02392480735599771
00000,train,Landsat8,RED,-64.29894655797644,-10.667470221992787,1377613389619,2013-08-27,0.022007499999999985,0.024160634726285934,0.0,9.74414506345056e-05,0.0,-0.0008498566458001733,0.0,0.0,0.0,0.024405080291356015
00000,train,Landsat8,RED,-64.29894655797644,-10.667470221992787,1377613413552,2013-08-27,0.021925,0.024160634726285934,0.0,9.74414506345056e-05,0.0,-0.0008498566458001733,0.0,0.0,0.0,0.024405088247664394
00000,train,Landsat8,RED,-64.29894655797644,-10.667470221992787,1378995786459,2013-09-12,0.07293749999999999,0.024160634726285934,0.0,9.74414506345056e-05,0.0,-0.0008498566458001733,0.0,0.0,0.0,0.024800822074207085
00000,train,Landsat8,RED,-64.29894655797644,-10.667470221992787,1378995810396,2013-09-12,0.06864749999999997,0.024160634726285934,0.0,9.74414506345056e-05,0.0,-0.0008498566458001733,0.0,0.0,0.0,0.024800827479841817
00000,train,Landsat8,RED,-64.29894655797644,-10.667470221992787,1380378178872,2013-09-28,0.029349999999999987,0.024160634726285934,0.0,9.74414506345056e-05,0.0,-0.0008498566458001733,0.0,0.0,0.0,0.025000214009650103
00000,train,Landsat8,RED,-64.29894655797644,-10.667470221992787,1380378202797,2013-09-28,0.026764999999999983,0.024160634726285934,0.0,9.74414506345056e-05,0.0,-0.0008498566458001733,0.0,0.0,0.0,0.02500021533470301
00000,train,Landsat8,RED,-64.29894655797644,-10.667470221992787,1402496448271,2014-06-11,0.016754999999999992,0.024160634726285934,0.0,9.74414506345056e-05,0.0,-0.0008498566458001733,0.0,0.0,0.0,0.023430298964595773
00000,train,Landsat8,RED,-64.29894655797644,-10.667470221992787,1402496472196,2014-06-11,0.016699999999999993,0.024160634726285934,0.0,9.74414506345056e-05,0.0,-0.0008498566458001733,0.0,0.0,0.0,0.023430293483155444
00000,train,Landsat8,RED,-64.29894655797644,-10.667470221992787,1403878849774,2014-06-27,0.01791000000000001,0.024160634726285934,0.0,9.74414506345056e-05,0.0,-0.0008498566458001733,0.0,0.0,0.0,0.023225758763909823
00000,train,Landsat8,RED,-64.29894655797644,-10.667470221992787,1403878873699,2014-06-27,0.018405000000000005,0.024160634726285934,0.0,9.74414506345056e-05,0.0,-0.0008498566458001733,0.0,0.0,0.0,0.02322575735555819
00000,train,Landsat8,RED,-64.29894655797644,-10.667470221992787,1405261258705,2014-07-13,0.017662499999999998,0.024160634726285934,0.0,9.74414506345056e-05,0.0,-0.0008498566458001733,0.0,0.0,0.0,0.02327639259386359
00000,train,Landsat8,RED,-64.29894655797644,-10.667470221992787,1405261282634,2014-07-13,0.017689999999999984,0.024160634726285934,0.0,9.74414506345056e-05,0.0,-0.0008498566458001733,0.0,0.0,0.0,0.023276395720307246
00000,train,Landsat8,RED,-64.29894655797644,-10.667470221992787,1406643663023,2014-07-29,0.03386,0.024160634726285934,0.0,9.74414506345056e-05,0.0,-0.0008498566458001733,0.0,0.0,0.0,0.023567535318507506
00000,train,Landsat8,RED,-64.29894655797644,-10.667470221992787,1406643686952,2014-07-29,0.03534499999999999,0.024160634726285934,0.0,9.74414506345056e-05,0.0,-0.0008498566458001733,0.0,0.0,0.0,0.023567542062141223
00000,train,Landsat8,RED,-64.29894655797644,-10.667470221992787,1408026070355,2014-08-14,0.0233275,0.024160634726285934,0.0,9.74414506345056e-05,0.0,-0.0008498566458001733,0.0,0.0,0.0,0.0240149584158418
00000,train,Landsat8,RED,-64.29894655797644,-10.667470221992787,1408026094288,2014-08-14,0.023354999999999987,0.024160634726285934,0.0,9.74414506345056e-05,0.0,-0.0008498566458001733,0.0,0.0,0.0,0.024014966802676736
00000,train,Landsat8,RED,-64.29894655797644,-10.667470221992787,1409408471887,2014-08-30,0.02285999999999999,0.024160634726285934,0.0,9.74414506345056e-05,0.0,-0.0008498566458001733,0.0,0.0,0.0,0.02448964109699717
00000,train,Landsat8,RED,-64.29894655797644,-10.667470221992787,1409408495821,2014-08-30,0.0235475,0.024160634726285934,0.0,9.74414506345056e-05,0.0,-0.0008498566458001733,0.0,0.0,0.0,0.024489648735661357
00000,train,Landsat8,RED,-64.29894655797644,-10.667470221992787,1425997245260,2015-03-10,0.024042499999999994,0.024160634726285934,0.0,9.74414506345056e-05,0.0,-0.0008498566458001733,0.0,0.0,0.0,0.024801921095618726
00000,train,Landsat8,RED,-64.29894655797644,-10.667470221992787,1425997269185,2015-03-10,0.024235000000000007,0.024160634726285934,0.0,9.74414506345056e-05,0.0,-0.0008498566458001733,0.0,0.0,0.0,0.024801926389890053
00000,train,Landsat8,RED,-64.29894655797644,-10.667470221992787,1434291623616,2015-06-14,0.01713999999999999,0.024160634726285934,0.0,9.74414506345056e-05,0.0,-0.0008498566458001733,0.0,0.0,0.0,0.02337430852441638
00000,train,Landsat8,RED,-64.29894655797644,-10.667470221992787,1434291647545,2015-06-14,0.017634999999999984,0.024160634726285934,0.0,9.74414506345056e-05,0.0,-0.0008498566458001733,0.0,0.0,0.0,0.023374303724728145
00000,train,Landsat8,RED,-64.29894655797644,-10.667470221992787,1435674030515,2015-06-30,0.01791000000000001,0.024160634726285934,0.0,9.74414506345056e-05,0.0,-0.0008498566458001733,0.0,0.0,0.0,0.023215211155771763
00000,train,Landsat8,RED,-64.29894655797644,-10.667470221992787,1435674054448,2015-06-30,0.017579999999999985,0.024160634726285934,0.0,9.74414506345056e-05,0.0,-0.0008498566458001733,0.0,0.0,0.0,0.023215210581138433
00000,train,Landsat8,RED,-64.29894655797644,-10.667470221992787,1438438843901,2015-08-01,0.020549999999999985,0.024160634726285934,0.0,9.74414506345056e-05,0.0,-0.0008498566458001733,0.0,0.0,0.0,0.02364299758934823
00000,train,Landsat8,RED,-64.29894655797644,-10.667470221992787,1438438867826,2015-08-01,0.021237499999999992,0.024160634726285934,0.0,9.74414506345056e-05,0.0,-0.0008498566458001733,0.0,0.0,0.0,0.02364300480630447
00000,train,Landsat8,RED,-64.29894655797644,-10.667470221992787,1441203655474,2015-09-02,0.02385000000000001,0.024160634726285934,0.0,9.74414506345056e-05,0.0,-0.0008498566458001733,0.0,0.0,0.0,0.02457032013143406
00000,train,Landsat8,RED,-64.29894655797644,-10.667470221992787,1441203679399,2015-09-02,0.023162500000000003,0.024160634726285934,0.0,9.74414506345056e-05,0.0,-0.0008498566458001733,0.0,0.0,0.0,0.024570327376470944
00000,train,Landsat8,RED,-64.29894655797644,-10.667470221992787,1442586064130,2015-09-18,0.02390500000000001,0.024160634726285934,0.0,9.74414506345056e-05,0.0,-0.0008498566458001733,0.0,0.0,0.0,0.024902973313890527
00000,train,Landsat8,RED,-64.29894655797644,-10.667470221992787,1442586088063,2015-09-18,0.02390500000000001,0.024160634726285934,0.0,9.74414506345056e-05,0.0,-0.0008498566458001733,0.0,0.0,0.0,0.02490297731278989
00000,train,Landsat8,RED,-64.29894655797644,-10.667470221992787,1443968467861,2015-10-04,0.025169999999999998,0.024160634726285934,0.0,9.74414506345056e-05,0.0,-0.0008498566458001733,0.0,0.0,0.0,0.025011184525573188
00000,train,Landsat8,RED,-64.29894655797644,-10.667470221992787,1443968491791,2015-10-04,0.026654999999999984,0.024160634726285934,0.0,9.74414506345056e-05,0.0,-0.0008498566458001733,0.0,0.0,0.0,0.025011184229653184
00000,train,Landsat8,RED,-64.29894655797644,-10.667470221992787,1448115675440,2015-11-21,0.04035,0.024160634726285934,0.0,9.74414506345056e-05,0.0,-0.0008498566458001733,0.0,0.0,0.0,0.024083443234581073
00000,train,Landsat8,RED,-64.29894655797644,-10.667470221992787,1453645271534,2016-01-24,0.022144999999999998,0.024160634726285934,0.0,9.74414506345056e-05,0.0,-0.0008498566458001733,0.0,0.0,0.0,0.023664351914863328
00000,train,Landsat8,RED,-64.29894655797644,-10.667470221992787,1453645295455,2016-01-24,0.022035,0.024160634726285934,0.0,9.74414506345056e-05,0.0,-0.0008498566458001733,0.0,0.0,0.0,0.023664357610843276
00000,train,Landsat8,RED,-64.29894655797644,-10.667470221992787,1455027666353,2016-02-09,0.022557500000000008,0.024160634726285934,0.0,9.74414506345056e-05,0.0,-0.0008498566458001733,0.0,0.0,0.0,0.024058236388074056
00000,train,Landsat8,RED,-64.29894655797644,-10.667470221992787,1455027690278,2016-02-09,0.022749999999999992,0.024160634726285934,0.0,9.74414506345056e-05,0.0,-0.0008498566458001733,0.0,0.0,0.0,0.024058243994110884
00000,train,Landsat8,RED,-64.29894655797644,-10.667470221992787,1461939641701,2016-04-29,0.02244750000000001,0.024160634726285934,0.0,9.74414506345056e-05,0.0,-0.0008498566458001733,0.0,0.0,0.0,0.024599555486469266
00000,train,Landsat8,RED,-64.29894655797644,-10.667470221992787,1461939665635,2016-04-29,0.022942500000000005,0.024160634726285934,0.0,9.74414506345056e-05,0.0,-0.0008498566458001733,0.0,0.0,0.0,0.024599548441150015
00000,train,Landsat8,RED,-64.29894655797644,-10.667470221992787,1466086848499,2016-06-16,0.018130000000000007,0.024160634726285934,0.0,9.74414506345056e-05,0.0,-0.0008498566458001733,0.0,0.0,0.0,0.023332813117969628
00000,train,Landsat8,RED,-64.29894655797644,-10.667470221992787,1466086872424,2016-06-16,0.018212499999999993,0.024160634726285934,0.0,9.74414506345056e-05,0.0,-0.0008498566458001733,0.0,0.0,0.0,0.02333280889291472
00000,train,Landsat8,RED,-64.29894655797644,-10.667470221992787,1467469258263,2016-07-02,0.016562500000000008,0.024160634726285934,0.0,9.74414506345056e-05,0.0,-0.0008498566458001733,0.0,0.0,0.0,0.023213520830941907
00000,train,Landsat8,RED,-64.29894655797644,-10.667470221992787,1467469282196,2016-07-02,0.016479999999999995,0.024160634726285934,0.0,9.74414506345056e-05,0.0,-0.0008498566458001733,0.0,0.0,0.0,0.02321352098871608
00000,train,Landsat8,RED,-64.29894655797644,-10.667470221992787,1468851664930,2016-07-18,0.017194999999999988,0.024160634726285934,0.0,9.74414506345056e-05,0.0,-0.0008498566458001733,0.0,0.0,0.0,0.023351572347614723
00000,train,Landsat8,RED,-64.29894655797644,-10.667470221992787,1468851688855,2016-07-18,0.0172225,0.024160634726285934,0.0,9.74414506345056e-05,0.0,-0.0008498566458001733,0.0,0.0,0.0,0.02335157683175461
00000,train,Landsat8,RED,-64.29894655797644,-10.667470221992787,1470234068097,2016-08-03,0.021292499999999992,0.024160634726285934,0.0,9.74414506345056e-05,0.0,-0.0008498566458001733,0.0,0.0,0.0,0.02370720159482349
00000,train,Landsat8,RED,-64.29894655797644,-10.667470221992787,1470234092031,2016-08-03,0.021237499999999992,0.024160634726285934,0.0,9.74414506345056e-05,0.0,-0.0008498566458001733,0.0,0.0,0.0,0.02370720910780834
00000,train,Landsat8,RED,-64.29894655797644,-10.667470221992787,1471616472778,2016-08-19,0.02307999999999999,0.024160634726285934,0.0,9.74414506345056e-05,0.0,-0.0008498566458001733,0.0,0.0,0.0,0.02417815510008061
00000,train,Landsat8,RED,-64.29894655797644,-10.667470221992787,1471616496703,2016-08-19,0.025142499999999984,0.024160634726285934,0.0,9.74414506345056e-05,0.0,-0.0008498566458001733,0.0,0.0,0.0,0.024178163484295735
00000,train,Landsat8,RED,-64.29894655797644,-10.667470221992787,1477146087511,2016-10-22,0.01994499999999999,0.024160634726285934,0.0,9.74414506345056e-05,0.0,-0.0008498566458001733,0.0,0.0,0.0,0.024831619665827444
00000,train,Landsat8,RED,-64.29894655797644,-10.667470221992787,1484058077534,2017-01-10,0.021045000000000008,0.024160634726285934,0.0,9.74414506345056e-05,0.0,-0.0008498566458001733,0.0,0.0,0.0,0.023452872285497507
00000,train,Landsat8,RED,-64.29894655797644,-10.667470221992787,1484058101459,2017-01-10,0.019669999999999993,0.024160634726285934,0.0,9.74414506345056e-05,0.0,-0.0008498566458001733,0.0,0.0,0.0,0.023452874793419565
00000,train,Landsat8,RED,-64.29894655797644,-10.667470221992787,1485440471964,2017-01-26,0.021320000000000006,0.024160634726285934,0.0,9.74414506345056e-05,0.0,-0.0008498566458001733,0.0,0.0,0.0,0.023708133144338332
00000,train,Landsat8,RED,-64.29894655797644,-10.667470221992787,1485440495889,2017-01-26,0.021787499999999987,0.024160634726285934,0.0,9.74414506345056e-05,0.0,-0.0008498566458001733,0.0,0.0,0.0,0.023708139177482216
00000,train,Landsat8,RED,-64.29894655797644,-10.667470221992787,1493734822810,2017-05-02,0.017469999999999986,0.024160634726285934,0.0,9.74414506345056e-05,0.0,-0.0008498566458001733,0.0,0.0,0.0,0.024538694619064473
00000,train,Landsat8,RED,-64.29894655797644,-10.667470221992787,1493734846744,2017-05-02,0.017414999999999986,0.024160634726285934,0.0,9.74414506345056e-05,0.0,-0.0008498566458001733,0.0,0.0,0.0,0.02453868722496536
00000,train,Landsat8,RED,-64.29894655797644,-10.667470221992787,1495117258868,2017-05-18,0.041724999999999984,0.024160634726285934,0.0,9.74414506345056e-05,0.0,-0.0008498566458001733,0.0,0.0,0.0,0.024069731739919463
00000,train,Landsat8,RED,-64.29894655797644,-10.667470221992787,1497882050455,2017-06-19,0.01713999999999999,0.024160634726285934,0.0,9.74414506345056e-05,0.0,-0.0008498566458001733,0.0,0.0,0.0,0.023298205407397063
00000,train,Landsat8,RED,-64.29894655797644,-10.667470221992787,1497882074380,2017-06-19,0.017167500000000002,0.024160634726285934,0.0,9.74414506345056e-05,0.0,-0.0008498566458001733,0.0,0.0,0.0,0.023298201813438852
00000,train,Landsat8,RED,-64.29894655797644,-10.667470221992787,1499264454168,2017-07-05,0.019284999999999997,0.024160634726285934,0.0,9.74414506345056e-05,0.0,-0.0008498566458001733,0.0,0.0,0.0,0.023218304180039465
00000,train,Landsat8,RED,-64.29894655797644,-10.667470221992787,1499264478102,2017-07-05,0.019092499999999984,0.024160634726285934,0.0,9.74414506345056e-05,0.0,-0.0008498566458001733,0.0,0.0,0.0,0.023218305064413174
00000,train,Landsat8,RED,-64.29894655797644,-10.667470221992787,1500646859570,2017-07-21,0.018240000000000006,0.024160634726285934,0.0,9.74414506345056e-05,0.0,-0.0008498566458001733,0.0,0.0,0.0,0.023395736672198124
00000,train,Landsat8,RED,-64.29894655797644,-10.667470221992787,1500646883504,2017-07-21,0.018075000000000008,0.024160634726285934,0.0,9.74414506345056e-05,0.0,-0.0008498566458001733,0.0,0.0,0.0,0.023395741787434705
00000,train,Landsat8,RED,-64.29894655797644,-10.667470221992787,1502029266718,2017-08-06,0.022172499999999984,0.024160634726285934,0.0,9.74414506345056e-05,0.0,-0.0008498566458001733,0.0,0.0,0.0,0.023779130785028777
00000,train,Landsat8,RED,-64.29894655797644,-10.667470221992787,1502029290647,2017-08-06,0.021897499999999986,0.024160634726285934,0.0,9.74414506345056e-05,0.0,-0.0008498566458001733,0.0,0.0,0.0,0.023779138619369936
00000,train,Landsat8,RED,-64.29894655797644,-10.667470221992787,1503411671491,2017-08-22,0.023684999999999984,0.024160634726285934,0.0,9.74414506345056e-05,0.0,-0.0008498566458001733,0.0,0.0,0.0,0.024257711890476347
00000,train,Landsat8,RED,-64.29894655797644,-10.667470221992787,1503411695420,2017-08-22,0.022887500000000005,0.024160634726285934,0.0,9.74414506345056e-05,0.0,-0.0008498566458001733,0.0,0.0,0.0,0.024257720203468405
00000,train,Landsat8,RED,-64.29894655797644,-10.667470221992787,1504794073402,2017-09-07,0.029404999999999987,0.024160634726285934,0.0,9.74414506345056e-05,0.0,-0.0008498566458001733,0.0,0.0,0.0,0.02469387828526177
00000,train,Landsat8,RED,-64.29894655797644,-10.667470221992787,1504794097332,2017-09-07,0.02918499999999999,0.024160634726285934,0.0,9.74414506345056e-05,0.0,-0.0008498566458001733,0.0,0.0,0.0,0.02469388474014007
00000,train,Landsat8,RED,-64.29894655797644,-10.667470221992787,1506176477662,2017-09-23,0.03163250000000001,0.024160634726285934,0.0,9.74414506345056e-05,0.0,-0.0008498566458001733,0.0,0.0,0.0,0.024963610854679297
00000,train,Landsat8,RED,-64.29894655797644,-10.667470221992787,1506176501595,2017-09-23,0.03174250000000001,0.024160634726285934,0.0,9.74414506345056e-05,0.0,-0.0008498566458001733,0.0,0.0,0.0,0.024963613543798124
00000,train,Landsat8,RED,-64.29894655797644,-10.667470221992787,1507558883170,2017-10-09,0.02593999999999999,0.024160634726285934,0.0,9.74414506345056e-05,0.0,-0.0008498566458001733,0.0,0.0,0.0,0.024992780721421325
00000,train,Landsat8,RED,-64.29894655797644,-10.667470221992787,1507558907095,2017-10-09,0.024812499999999987,0.024160634726285934,0.0,9.74414506345056e-05,0.0,-0.0008498566458001733,0.0,0.0,0.0,0.02499277900352005
00000,train,Landsat8,RED,-64.29894655797644,-10.667470221992787,1522765232331,2018-04-03,0.017112500000000003,0.024160634726285934,0.0,9.74414506345056e-05,0.0,-0.0008498566458001733,0.0,0.0,0.0,0.025007316614527004
00000,train,Landsat8,RED,-64.29894655797644,-10.667470221992787,1522765256256,2018-04-03,0.017992499999999995,0.024160634726285934,0.0,9.74414506345056e-05,0.0,-0.0008498566458001733,0.0,0.0,0.0,0.025007315795665133
00000,train,Landsat8,RED,-64.29894655797644,-10.667470221992787,1524147622639,2018-04-19,0.023299999999999987,0.024160634726285934,0.0,9.74414506345056e-05,0.0,-0.0008498566458001733,0.0,0.0,0.0,0.024834702679339394
00000,train,Landsat8,RED,-64.29894655797644,-10.667470221992787,1524147646564,2018-04-19,0.025224999999999997,0.024160634726285934,0.0,9.74414506345056e-05,0.0,-0.0008498566458001733,0.0,0.0,0.0,0.024834697676043908
00000,train,Landsat8,RED,-64.29894655797644,-10.667470221992787,1525530014053,2018-05-05,0.01832249999999999,0.024160634726285934,0.0,9.74414506345056e-05,0.0,-0.0008498566458001733,0.0,0.0,0.0,0.024456351409439383
00000,train,Landsat8,RED,-64.29894655797644,-10.667470221992787,1525530037982,2018-05-05,0.018240000000000006,0.024160634726285934,0.0,9.74414506345056e-05,0.0,-0.0008498566458001733,0.0,0.0,0.0,0.02445634362461695
00000,train,Landsat8,RED,-64.29894655797644,-10.667470221992787,1526912402666,2018-05-21,0.020384999999999986,0.024160634726285934,0.0,9.74414506345056e-05,0.0,-0.0008498566458001733,0.0,0.0,0.0,0.023978850373457428
00000,train,Landsat8,RED,-64.29894655797644,-10.667470221992787,1526912426595,2018-05-21,0.020384999999999986,0.024160634726285934,0.0,9.74414506345056e-05,0.0,-0.0008498566458001733,0.0,0.0,0.0,0.023978842036753933
00000,train,Landsat8,RED,-64.29894655797644,-10.667470221992787,1529677205054,2018-06-22,0.022722500000000007,0.024160634726285934,0.0,9.74414506345056e-05,0.0,-0.0008498566458001733,0.0,0.0,0.0,0.023263664630724563
00000,train,Landsat8,RED,-64.29894655797644,-10.667470221992787,1531059613822,2018-07-08,0.019257499999999983,0.024160634726285934,0.0,9.74414506345056e-05,0.0,-0.0008498566458001733,0.0,0.0,0.0,0.023232529883663325
00000,train,Landsat8,RED,-64.29894655797644,-10.667470221992787,1531059637756,2018-07-08,0.01901,0.024160634726285934,0.0,9.74414506345056e-05,0.0,-0.0008498566458001733,0.0,0.0,0.0,0.023232531601755348
00000,train,Landsat8,RED,-64.29894655797644,-10.667470221992787,1532442020324,2018-07-24,0.018680000000000002,0.024160634726285934,0.0,9.74414506345056e-05,0.0,-0.0008498566458001733,0.0,0.0,0.0,0.02345460878455407
00000,train,Landsat8,RED,-64.29894655797644,-10.667470221992787,1532442044258,2018-07-24,0.018570000000000003,0.024160634726285934,0.0,9.74414506345056e-05,0.0,-0.0008498566458001733,0.0,0.0,0.0,0.02345461458154275
00000,train,Landsat8,RED,-64.29894655797644,-10.667470221992787,1537971648574,2018-09-26,0.02745249999999999,0.024160634726285934,0.0,9.74414506345056e-05,0.0,-0.0008498566458001733,0.0,0.0,0.0,0.02498852530159013
00000,train,Landsat8,RED,-64.29894655797644,-10.667470221992787,1537971672499,2018-09-26,0.026379999999999987,0.024160634726285934,0.0,9.74414506345056e-05,0.0,-0.0008498566458001733,0.0,0.0,0.0,0.024988527182400484
00000,train,Landsat8,RED,-64.29894655797644,-10.667470221992787,1540736460884,2018-10-28,0.02901999999999999,0.024160634726285934,0.0,9.74414506345056e-05,0.0,-0.0008498566458001733,0.0,0.0,0.0,0.024716009418659316
00000,train,Landsat8,RED,-64.29894655797644,-10.667470221992787,1540736484817,2018-10-28,0.030175000000000007,0.024160634726285934,0.0,9.74414506345056e-05,0.0,-0.0008498566458001733,0.0,0.0,0.0,0.024716003350037027
00001,train,Landsat8,RED,-64.64827690899091,-10.5586924109823,1369924160836,2013-05-30,0.037847500000000006,0.036179397255182266,0.0,0.00029730601818300784,-0.0022711430210620165,-0.002138646552339196,0.0012398683466017246,0.0,0.0,0.032679820868532404
00001,train,Landsat8,RED,-64.64827690899091,-10.5586924109823,1371306555719,2013-06-15,0.022529999999999994,0.036179397255182266,0.0,0.00029730601818300784,-0.0022711430210620165,-0.002138646552339196,0.0012398683466017246,0.0,0.0,0.03277513431186416
00001,train,Landsat8,RED,-64.64827690899091,-10.5586924109823,1374071355805,2013-07-17,0.025115,0.036179397255182266,0.0,0.00029730601818300784,-0.0022711430210620165,-0.002138646552339196,0.0012398683466017246,0.0,0.0,0.035236041021018134
00001,train,Landsat8,RED,-64.64827690899091,-10.5586924109823,1375453757871,2013-08-02,0.029459999999999986,0.036179397255182266,0.0,0.00029730601818300784,-0.0022711430210620165,-0.002138646552339196,0.0012398683466017246,0.0,0.0,0.03714534963730348
00001,train,Landsat8,RED,-64.64827690899091,-10.5586924109823,1376836158726,2013-08-18,0.036142499999999994,0.036179397255182266,0.0,0.00029730601818300784,-0.0022711430210620165,-0.002138646552339196,0.0012398683466017246,0.0,0.0,0.03896797439297888
00001,train,Landsat8,RED,-64.64827690899091,-10.5586924109823,1378218559861,2013-09-03,0.04183500000000001,0.036179397255182266,0.0,0.00029730601818300784,-0.0022711430210620165,-0.002138646552339196,0.0012398683466017246,0.0,0.0,0.04028340664082142
00001,train,Landsat8,RED,-64.64827690899091,-10.5586924109823,1379600953981,2013-09-19,0.04738999999999999,0.036179397255182266,0.0,0.00029730601818300784,-0.0022711430210620165,-0.002138646552339196,0.0012398683466017246,0.0,0.0,0.04079722994863675
00001,train,Landsat8,RED,-64.64827690899091,-10.5586924109823,1382365745849,2013-10-21,0.0323475,0.036179397255182266,0.0,0.00029730601818300784,-0.0022711430210620165,-0.002138646552339196,0.0012398683466017246,0.0,0.0,0.03929401765783388
00001,train,Landsat8,RED,-64.64827690899091,-10.5586924109823,1403101620341,2014-06-18,0.02209,0.036179397255182266,0.0,0.00029730601818300784,-0.0022711430210620165,-0.002138646552339196,0.0012398683466017246,0.0,0.0,0.032883034872258236
00001,train,Landsat8,RED,-64.64827690899091,-10.5586924109823,1407248838225,2014-08-05,0.030780000000000002,0.036179397255182266,0.0,0.00029730601818300784,-0.0022711430210620165,-0.002138646552339196,0.0012398683466017246,0.0,0.0,0.037507094404393704
00001,train,Landsat8,RED,-64.64827690899091,-10.5586924109823,1408631242184,2014-08-21,0.03473999999999999,0.036179397255182266,0.0,0.00029730601818300784,-0.0022711430210620165,-0.002138646552339196,0.0012398683466017246,0.0,0.0,0.03926433810578406
00001,train,Landsat8,RED,-64.64827690899091,-10.5586924109823,1411396043213,2014-09-22,0.03292500000000001,0.036179397255182266,0.0,0.00029730601818300784,-0.0022711430210620165,-0.002138646552339196,0.0012398683466017246,0.0,0.0,0.0407933341626113
00001,train,Landsat8,RED,-64.64827690899091,-10.5586924109823,1419690441987,2014-12-27,0.023217500000000002,0.036179397255182266,0.0,0.00029730601818300784,-0.0022711430210620165,-0.002138646552339196,0.0012398683466017246,0.0,0.0,0.03434643210976743
00001,train,Landsat8,RED,-64.64827690899091,-10.5586924109823,1422455234791,2015-01-28,0.039415000000000006,0.036179397255182266,0.0,0.00029730601818300784,-0.0022711430210620165,-0.002138646552339196,0.0012398683466017246,0.0,0.0,0.03517003922959545
00001,train,Landsat8,RED,-64.64827690899091,-10.5586924109823,1432131980278,2015-05-20,0.019779999999999992,0.036179397255182266,0.0,0.00029730601818300784,-0.0022711430210620165,-0.002138646552339196,0.0012398683466017246,0.0,0.0,0.032995839372821974
00001,train,Landsat8,RED,-64.64827690899091,-10.5586924109823,1433514388572,2015-06-05,0.022832500000000006,0.036179397255182266,0.0,0.00029730601818300784,-0.0022711430210620165,-0.002138646552339196,0.0012398683466017246,0.0,0.0,0.03262269015381185
00001,train,Landsat8,RED,-64.64827690899091,-10.5586924109823,1434896796488,2015-06-21,0.023712499999999997,0.036179397255182266,0.0,0.00029730601818300784,-0.0022711430210620165,-0.002138646552339196,0.0012398683466017246,0.0,0.0,0.03301949450830881
00001,train,Landsat8,RED,-64.64827690899091,-10.5586924109823,1436279206041,2015-07-07,0.04486000000000001,0.036179397255182266,0.0,0.00029730601818300784,-0.0022711430210620165,-0.002138646552339196,0.0012398683466017246,0.0,0.0,0.0341933719634989
00001,train,Landsat8,RED,-64.64827690899091,-10.5586924109823,1437661613141,2015-07-23,0.028057499999999985,0.036179397255182266,0.0,0.00029730601818300784,-0.0022711430210620165,-0.002138646552339196,0.0012398683466017246,0.0,0.0,0.03593343497560697
00001,train,Landsat8,RED,-64.64827690899091,-10.5586924109823,1440426424196,2015-08-24,0.03897500000000001,0.036179397255182266,0.0,0.00029730601818300784,-0.0022711430210620165,-0.002138646552339196,0.0012398683466017246,0.0,0.0,0.03954017985199657
00001,train,Landsat8,RED,-64.64827690899091,-10.5586924109823,1441808830373,2015-09-09,0.0442275,0.036179397255182266,0.0,0.00029730601818300784,-0.0022711430210620165,-0.002138646552339196,0.0012398683466017246,0.0,0.0,0.040579731270992785
00001,train,Landsat8,RED,-64.64827690899091,-10.5586924109823,1443191237327,2015-09-25,0.03386,0.036179397255182266,0.0,0.00029730601818300784,-0.0022711430210620165,-0.002138646552339196,0.0012398683466017246,0.0,0.0,0.04075782155259398
00001,train,Landsat8,RED,-64.64827690899091,-10.5586924109823,1447338443319,2015-11-12,0.028469999999999995,0.036179397255182266,0.0,0.00029730601818300784,-0.0022711430210620165,-0.002138646552339196,0.0012398683466017246,0.0,0.0,0.03712989060938121
00001,train,Landsat8,RED,-64.64827690899091,-10.5586924109823,1448720846674,2015-11-28,0.034932500000000005,0.036179397255182266,0.0,0.00029730601818300784,-0.0022711430210620165,-0.002138646552339196,0.0012398683466017246,0.0,0.0,0.035658301561425354
00001,train,Landsat8,RED,-64.64827690899091,-10.5586924109823,1450103245171,2015-12-14,0.030807499999999988,0.036179397255182266,0.0,0.00029730601818300784,-0.0022711430210620165,-0.002138646552339196,0.0012398683466017246,0.0,0.0,0.03466815215486396
00001,train,Landsat8,RED,-64.64827690899091,-10.5586924109823,1461162410083,2016-04-20,0.06661250000000002,0.036179397255182266,0.0,0.00029730601818300784,-0.0022711430210620165,-0.002138646552339196,0.0012398683466017246,0.0,0.0,0.03487234222442976
00001,train,Landsat8,RED,-64.64827690899091,-10.5586924109823,1461939641701,2016-04-29,0.026269999999999988,0.036179397255182266,0.0,0.00029730601818300784,-0.0022711430210620165,-0.002138646552339196,0.0012398683466017246,0.0,0.0,0.03422872038843497
00001,train,Landsat8,RED,-64.64827690899091,-10.5586924109823,1461939665635,2016-04-29,0.0263525,0.036179397255182266,0.0,0.00029730601818300784,-0.0022711430210620165,-0.002138646552339196,0.0012398683466017246,0.0,0.0,0.03422870072375995
00001,train,Landsat8,RED,-64.64827690899091,-10.5586924109823,1462544813364,2016-05-06,0.0234375,0.036179397255182266,0.0,0.00029730601818300784,-0.0022711430210620165,-0.002138646552339196,0.0012398683466017246,0.0,0.0,0.033746418201431094
00001,train,Landsat8,RED,-64.64827690899091,-10.5586924109823,1465309618585,2016-06-07,0.029349999999999987,0.036179397255182266,0.0,0.00029730601818300784,-0.0022711430210620165,-0.002138646552339196,0.0012398683466017246,0.0,0.0,0.03263161733466773
00001,train,Landsat8,RED,-64.64827690899091,-10.5586924109823,1466692023968,2016-06-23,0.02176,0.036179397255182266,0.0,0.00029730601818300784,-0.0022711430210620165,-0.002138646552339196,0.0012398683466017246,0.0,0.0,0.03315595809652422
00001,train,Landsat8,RED,-64.64827690899091,-10.5586924109823,1468074432444,2016-07-09,0.025389999999999996,0.036179397255182266,0.0,0.00029730601818300784,-0.0022711430210620165,-0.002138646552339196,0.0012398683466017246,0.0,0.0,0.03443394195404206
00001,train,Landsat8,RED,-64.64827690899091,-10.5586924109823,1469456837478,2016-07-25,0.028469999999999995,0.036179397255182266,0.0,0.00029730601818300784,-0.0022711430210620165,-0.002138646552339196,0.0012398683466017246,0.0,0.0,0.03622573680636355
00001,train,Landsat8,RED,-64.64827690899091,-10.5586924109823,1472221646628,2016-08-26,0.03991,0.036179397255182266,0.0,0.00029730601818300784,-0.0022711430210620165,-0.002138646552339196,0.0012398683466017246,0.0,0.0,0.039740250157062944
00001,train,Landsat8,RED,-64.64827690899091,-10.5586924109823,1474986451323,2016-09-27,0.0388375,0.036179397255182266,0.0,0.00029730601818300784,-0.0022711430210620165,-0.002138646552339196,0.0012398683466017246,0.0,0.0,0.04071053075551386
00001,train,Landsat8,RED,-64.64827690899091,-10.5586924109823,1476368856821,2016-10-13,0.03281500000000001,0.036179397255182266,0.0,0.00029730601818300784,-0.0022711430210620165,-0.002138646552339196,0.0012398683466017246,0.0,0.0,0.039919170065165724
00001,train,Landsat8,RED,-64.64827690899091,-10.5586924109823,1494339999197,2017-05-09,0.018075000000000008,0.036179397255182266,0.0,0.00029730601818300784,-0.0022711430210620165,-0.002138646552339196,0.0012398683466017246,0.0,0.0,0.033594554111162744
00001,train,Landsat8,RED,-64.64827690899091,-10.5586924109823,1495722410216,2017-05-25,0.024097499999999994,0.036179397255182266,0.0,0.00029730601818300784,-0.0022711430210620165,-0.002138646552339196,0.0012398683466017246,0.0,0.0,0.032805869350053654
00001,train,Landsat8,RED,-64.64827690899091,-10.5586924109823,1498487223209,2017-06-26,0.025142499999999984,0.036179397255182266,0.0,0.00029730601818300784,-0.0022711430210620165,-0.002138646552339196,0.0012398683466017246,0.0,0.0,0.03330869216056409
00001,train,Landsat8,RED,-64.64827690899091,-10.5586924109823,1499869625884,2017-07-12,0.024895,0.036179397255182266,0.0,0.00029730601818300784,-0.0022711430210620165,-0.002138646552339196,0.0012398683466017246,0.0,0.0,0.03469153276576232
00001,train,Landsat8,RED,-64.64827690899091,-10.5586924109823,1501252033785,2017-07-28,0.03377749999999999,0.036179397255182266,0.0,0.00029730601818300784,-0.0022711430210620165,-0.002138646552339196,0.0012398683466017246,0.0,0.0,0.03653663746920062
00001,train,Landsat8,RED,-64.64827690899091,-10.5586924109823,1502634439904,2017-08-13,0.0443375,0.036179397255182266,0.0,0.00029730601818300784,-0.0022711430210620165,-0.002138646552339196,0.0012398683466017246,0.0,0.0,0.03843450015536392
00001,train,Landsat8,RED,-64.64827690899091,-10.5586924109823,1506781651389,2017-09-30,0.031,0.036179397255182266,0.0,0.00029730601818300784,-0.0022711430210620165,-0.002138646552339196,0.0012398683466017246,0.0,0.0,0.040630174738307774
00001,train,Landsat8,RED,-64.64827690899091,-10.5586924109823,1508164055195,2017-10-16,0.031494999999999995,0.036179397255182266,0.0,0.00029730601818300784,-0.0022711430210620165,-0.002138646552339196,0.0012398683466017246,0.0,0.0,0.03971025046872727
00001,train,Landsat8,RED,-64.64827690899091,-10.5586924109823,1524752790005,2018-04-26,0.02599499999999999,0.036179397255182266,0.0,0.00029730601818300784,-0.0022711430210620165,-0.002138646552339196,0.0012398683466017246,0.0,0.0,0.03449198575058133
00001,train,Landsat8,RED,-64.64827690899091,-10.5586924109823,1527517567643,2018-05-28,0.026434999999999986,0.036179397255182266,0.0,0.00029730601818300784,-0.0022711430210620165,-0.002138646552339196,0.0012398683466017246,0.0,0.0,0.03272211451017717
00001,train,Landsat8,RED,-64.64827690899091,-10.5586924109823,1530282380016,2018-06-29,0.02593999999999999,0.036179397255182266,0.0,0.00029730601818300784,-0.0022711430210620165,-0.002138646552339196,0.0012398683466017246,0.0,0.0,0.03351766860374404
00001,train,Landsat8,RED,-64.64827690899091,-10.5586924109823,1531664787793,2018-07-15,0.0325125,0.036179397255182266,0.0,0.00029730601818300784,-0.0022711430210620165,-0.002138646552339196,0.0012398683466017246,0.0,0.0,0.03501326754205705
00001,train,Landsat8,RED,-64.64827690899091,-10.5586924109823,1535812010909,2018-09-01,0.0293225,0.036179397255182266,0.0,0.00029730601818300784,-0.0022711430210620165,-0.002138646552339196,0.0012398683466017246,0.0,0.0,0.04015842000843211
00001,train,Landsat8,RED,-64.64827690899091,-10.5586924109823,1537194415363,2018-09-17,0.028469999999999995,0.036179397255182266,0.0,0.00029730601818300784,-0.0022711430210620165,-0.002138646552339196,0.0012398683466017246,0.0,0.0,0.04078206993755173
00001,train,Landsat8,RED,-64.64827690899091,-10.5586924109823,1541341632930,2018-11-04,0.03534499999999999,0.036179397255182266,0.0,0.00029730601818300784,-0.0022711430210620165,-0.002138646552339196,0.0012398683466017246,0.0,0.0,0.037943198945147895
00002,train,Landsat8,RED,-64.20595893280215,-10.309220082630318,1373466186063,2013-07-10,0.05740000000000001,0.06179574131965637,0.0006966701475903392,-0.00024736073100939393,-0.01655261404812336,-0.0007595698698423803,0.0031022035982459784,0.0,-0.0031103133223950863,0.06668918464457177
00002,train,Landsat8,RED,-64.20595893280215,-10.309220082630318,1374848585541,2013-07-26,0.0750825,0.06179574131965637,0.0006966701475903392,-0.00024736073100939393,-0.01655261404812336,-0.0007595698698423803,0.0031022035982459784,0.0,-0.0031103133223950863,0.07440742481322406
00002,train,Landsat8,RED,-64.20595893280215,-10.309220082630318,1376230987226,2013-08-11,0.0937,0.06179574131965637,0.0006966701475903392,-0.00024736073100939393,-0.01655261404812336,-0.0007595698698423803,0.0031022035982459784,0.0,-0.0031103133223950863,0.07918066741482763
00002,train,Landsat8,RED,-64.20595893280215,-10.309220082630318,1377613389619,2013-08-27,0.10255500000000001,0.06179574131965637,0.0006966701475903392,-0.00024736073100939393,-0.01655261404812336,-0.0007595698698423803,0.0031022035982459784,0.0,-0.0031103133223950863,0.08052638440153821
00002,train,Landsat8,RED,-64.20595893280215,-10.309220082630318,1383142970075,2013-10-30,0.046015,0.06179574131965637,0.0006966701475903392,-0.00024736073100939393,-0.01655261404812336,-0.0007595698698423803,0.0031022035982459784,0.0,-0.0031103133223950863,0.07496996925789969
00002,train,Landsat8,RED,-64.20595893280215,-10.309220082630318,1384525368470,2013-11-15,0.058499999999999996,0.06179574131965637,0.0006966701475903392,-0.00024736073100939393,-0.01655261404812336,-0.0007595698698423803,0.0031022035982459784,0.0,-0.0031103133223950863,0.07371700885543285
00002,train,Landsat8,RED,-64.20595893280215,-10.309220082630318,1388672549445,2014-01-02,0.051460000000000006,0.06179574131965637,0.0006966701475903392,-0.00024736073100939393,-0.01655261404812336,-0.0007595698698423803,0.0031022035982459784,0.0,-0.0031103133223950863,0.06154568589103322
00002,train,Landsat8,RED,-64.20595893280215,-10.309220082630318,1401114038758,2014-05-26,0.039112499999999994,0.06179574131965637,0.0006966701475903392,-0.00024736073100939393,-0.01655261404812336,-0.0007595698698423803,0.0031022035982459784,0.0,-0.0031103133223950863,0.04761930867127485
00002,train,Landsat8,RED,-64.20595893280215,-10.309220082630318,1402496448271,2014-06-11,0.0352075,0.06179574131965637,0.0006966701475903392,-0.00024736073100939393,-0.01655261404812336,-0.0007595698698423803,0.0031022035982459784,0.0,-0.0031103133223950863,0.052443216774298904
00002,train,Landsat8,RED,-64.20595893280215,-10.309220082630318,1403878849774,2014-06-27,0.044639999999999985,0.06179574131965637,0.0006966701475903392,-0.00024736073100939393,-0.01655261404812336,-0.0007595698698423803,0.0031022035982459784,0.0,-0.0031103133223950863,0.06023109382528537
00002,train,Landsat8,RED,-64.20595893280215,-10.309220082630318,1405261258705,2014-07-13,0.048655000000000004,0.06179574131965637,0.0006966701475903392,-0.00024736073100939393,-0.01655261404812336,-0.0007595698698423803,0.0031022035982459784,0.0,-0.0031103133223950863,0.06898358964332052
00002,train,Landsat8,RED,-64.20595893280215,-10.309220082630318,1406643663023,2014-07-29,0.06350499999999998,0.06179574131965637,0.0006966701475903392,-0.00024736073100939393,-0.01655261404812336,-0.0007595698698423803,0.0031022035982459784,0.0,-0.0031103133223950863,0.07625965922944239
00002,train,Landsat8,RED,-64.20595893280215,-10.309220082630318,1408026070355,2014-08-14,0.079565,0.06179574131965637,0.0006966701475903392,-0.00024736073100939393,-0.01655261404812336,-0.0007595698698423803,0.0031022035982459784,0.0,-0.0031103133223950863,0.0803783373200899
00002,train,Landsat8,RED,-64.20595893280215,-10.309220082630318,1409408471887,2014-08-30,0.09471750000000001,0.06179574131965637,0.0006966701475903392,-0.00024736073100939393,-0.01655261404812336,-0.0007595698698423803,0.0031022035982459784,0.0,-0.0031103133223950863,0.08115482936661912
00002,train,Landsat8,RED,-64.20595893280215,-10.309220082630318,1412173276458,2014-10-01,0.06553999999999999,0.06179574131965637,0.0006966701475903392,-0.00024736073100939393,-0.01655261404812336,-0.0007595698698423803,0.0031022035982459784,0.0,-0.0031103133223950863,0.07783072655385351
00002,train,Landsat8,RED,-64.20595893280215,-10.309220082630318,1413555680889,2014-10-17,0.07719999999999999,0.06179574131965637,0.0006966701475903392,-0.00024736073100939393,-0.01655261404812336,-0.0007595698698423803,0.0031022035982459784,0.0,-0.0031103133223950863,0.07643019582501573
00002,train,Landsat8,RED,-64.20595893280215,-10.309220082630318,1419085274286,2014-12-20,0.05234,0.06179574131965637,0.0006966701475903392,-0.00024736073100939393,-0.01655261404812336,-0.0007595698698423803,0.0031022035982459784,0.0,-0.0031103133223950863,0.06658893209256485
00002,train,Landsat8,RED,-64.20595893280215,-10.309220082630318,1425997245260,2015-03-10,0.03842499999999999,0.06179574131965637,0.0006966701475903392,-0.00024736073100939393,-0.01655261404812336,-0.0007595698698423803,0.0031022035982459784,0.0,-0.0031103133223950863,0.052448789603726426
00002,train,Landsat8,RED,-64.20595893280215,-10.309220082630318,1428762029321,2015-04-11,0.05811499999999997,0.06179574131965637,0.0006966701475903392,-0.00024736073100939393,-0.01655261404812336,-0.0007595698698423803,0.0031022035982459784,0.0,-0.0031103133223950863,0.05017351360253916
00002,train,Landsat8,RED,-64.20595893280215,-10.309220082630318,1434291623616,2015-06-14,0.051927500000000015,0.06179574131965637,0.0006966701475903392,-0.00024736073100939393,-0.01655261404812336,-0.0007595698698423803,0.0031022035982459784,0.0,-0.0031103133223950863,0.05441929538089028
00002,train,Landsat8,RED,-64.20595893280215,-10.309220082630318,1435674030515,2015-06-30,0.0656775,0.06179574131965637,0.0006966701475903392,-0.00024736073100939393,-0.01655261404812336,-0.0007595698698423803,0.0031022035982459784,0.0,-0.0031103133223950863,0.06257023877534622
00002,train,Landsat8,RED,-64.20595893280215,-10.309220082630318,1437056440104,2015-07-16,0.07241500000000001,0.06179574131965637,0.0006966701475903392,-0.00024736073100939393,-0.01655261404812336,-0.0007595698698423803,0.0031022035982459784,0.0,-0.0031103133223950863,0.07122443349076316
00002,train,Landsat8,RED,-64.20595893280215,-10.309220082630318,1438438843901,2015-08-01,0.08407500000000001,0.06179574131965637,0.0006966701475903392,-0.00024736073100939393,-0.01655261404812336,-0.0007595698698423803,0.0031022035982459784,0.0,-0.0031103133223950863,0.07799688073258725
00002,train,Landsat8,RED,-64.20595893280215,-10.309220082630318,1441203655474,2015-09-02,0.08973999999999999,0.06179574131965637,0.0006966701475903392,-0.00024736073100939393,-0.01655261404812336,-0.0007595698698423803,0.0031022035982459784,0.0,-0.0031103133223950863,0.0817056028011331
00002,train,Landsat8,RED,-64.20595893280215,-10.309220082630318,1442586064130,2015-09-18,0.10112500000000002,0.06179574131965637,0.0006966701475903392,-0.00024736073100939393,-0.01655261404812336,-0.0007595698698423803,0.0031022035982459784,0.0,-0.0031103133223950863,0.08008967252700361
00002,train,Landsat8,RED,-64.20595893280215,-10.309220082630318,1443968467861,2015-10-04,0.10832999999999998,0.06179574131965637,0.0006966701475903392,-0.00024736073100939393,-0.01655261404812336,-0.0007595698698423803,0.0031022035982459784,0.0,-0.0031103133223950863,0.07821042555740122
00002,train,Landsat8,RED,-64.20595893280215,-10.309220082630318,1445350869778,2015-10-20,0.08385500000000001,0.06179574131965637,0.0006966701475903392,-0.00024736073100939393,-0.01655261404812336,-0.0007595698698423803,0.0031022035982459784,0.0,-0.0031103133223950863,0.07693582619969541
00002,train,Landsat8,RED,-64.20595893280215,-10.309220082630318,1450880475111,2015-12-23,0.046097499999999986,0.06179574131965637,0.0006966701475903392,-0.00024736073100939393,-0.01655261404812336,-0.0007595698698423803,0.0031022035982459784,0.0,-0.0031103133223950863,0.0663025995361604
00002,train,Landsat8,RED,-64.20595893280215,-10.309220082630318,1453645271534,2016-01-24,0.043017499999999986,0.06179574131965637,0.0006966701475903392,-0.00024736073100939393,-0.01655261404812336,-0.0007595698698423803,0.0031022035982459784,0.0,-0.0031103133223950863,0.05658476196314721
00002,train,Landsat8,RED,-64.20595893280215,-10.309220082630318,1455027666353,2016-02-09,0.05140499999999998,0.06179574131965637,0.0006966701475903392,-0.00024736073100939393,-0.01655261404812336,-0.0007595698698423803,0.0031022035982459784,0.0,-0.0031103133223950863,0.054059541085296973
00002,train,Landsat8,RED,-64.20595893280215,-10.309220082630318,1461939641701,2016-04-29,0.061277499999999985,0.06179574131965637,0.0006966701475903392,-0.00024736073100939393,-0.01655261404812336,-0.0007595698698423803,0.0031022035982459784,0.0,-0.0031103133223950863,0.04842829324839258
00002,train,Landsat8,RED,-64.20595893280215,-10.309220082630318,1466086848499,2016-06-16,0.062460000000000016,0.06179574131965637,0.0006966701475903392,-0.00024736073100939393,-0.01655261404812336,-0.0007595698698423803,0.0031022035982459784,0.0,-0.0031103133223950863,0.0562774806189027
00002,train,Landsat8,RED,-64.20595893280215,-10.309220082630318,1467469258263,2016-07-02,0.06284499999999998,0.06179574131965637,0.0006966701475903392,-0.00024736073100939393,-0.01655261404812336,-0.0007595698698423803,0.0031022035982459784,0.0,-0.0031103133223950863,0.06464976322454621
00002,train,Landsat8,RED,-64.20595893280215,-10.309220082630318,1468851664930,2016-07-18,0.07412000000000002,0.06179574131965637,0.0006966701475903392,-0.00024736073100939393,-0.01655261404812336,-0.0007595698698423803,0.0031022035982459784,0.0,-0.0031103133223950863,0.07313414156934961
00002,train,Landsat8,RED,-64.20595893280215,-10.309220082630318,1470234068097,2016-08-03,0.09799000000000002,0.06179574131965637,0.0006966701475903392,-0.00024736073100939393,-0.01655261404812336,-0.0007595698698423803,0.0031022035982459784,0.0,-0.0031103133223950863,0.07944219753901229
00002,train,Landsat8,RED,-64.20595893280215,-10.309220082630318,1477146087511,2016-10-22,0.09097749999999999,0.06179574131965637,0.0006966701475903392,-0.00024736073100939393,-0.01655261404812336,-0.0007595698698423803,0.0031022035982459784,0.0,-0.0031103133223950863,0.07750193807523416
00002,train,Landsat8,RED,-64.20595893280215,-10.309220082630318,1482675680843,2016-12-25,0.05753750000000002,0.06179574131965637,0.0006966701475903392,-0.00024736073100939393,-0.01655261404812336,-0.0007595698698423803,0.0031022035982459784,0.0,-0.0031103133223950863,0.06632650339491912
00002,train,Landsat8,RED,-64.20595893280215,-10.309220082630318,1484058077534,2017-01-10,0.047032500000000005,0.06179574131965637,0.0006966701475903392,-0.00024736073100939393,-0.01655261404812336,-0.0007595698698423803,0.0031022035982459784,0.0,-0.0031103133223950863,0.06104030059893499
00002,train,Landsat8,RED,-64.20595893280215,-10.309220082630318,1485440471964,2017-01-26,0.039580000000000004,0.06179574131965637,0.0006966701475903392,-0.00024736073100939393,-0.01655261404812336,-0.0007595698698423803,0.0031022035982459784,0.0,-0.0031103133223950863,0.056840591796804195
00002,train,Landsat8,RED,-64.20595893280215,-10.309220082630318,1490970041467,2017-03-31,0.05979249999999997,0.06179574131965637,0.0006966701475903392,-0.00024736073100939393,-0.01655261404812336,-0.0007595698698423803,0.0031022035982459784,0.0,-0.0031103133223950863,0.05283150271563393
00002,train,Landsat8,RED,-64.20595893280215,-10.309220082630318,1497882050455,2017-06-19,0.05245,0.06179574131965637,0.0006966701475903392,-0.00024736073100939393,-0.01655261404812336,-0.0007595698698423803,0.0031022035982459784,0.0,-0.0031103133223950863,0.05815705107259961
00002,train,Landsat8,RED,-64.20595893280215,-10.309220082630318,1499264454168,2017-07-05,0.06705250000000001,0.06179574131965637,0.0006966701475903392,-0.00024736073100939393,-0.01655261404812336,-0.0007595698698423803,0.0031022035982459784,0.0,-0.0031103133223950863,0.06673375383240047
00002,train,Landsat8,RED,-64.20595893280215,-10.309220082630318,1500646859570,2017-07-21,0.09447,0.06179574131965637,0.0006966701475903392,-0.00024736073100939393,-0.01655261404812336,-0.0007595698698423803,0.0031022035982459784,0.0,-0.0031103133223950863,0.0750315252610255
00002,train,Landsat8,RED,-64.20595893280215,-10.309220082630318,1502029266718,2017-08-06,0.10516750000000002,0.06179574131965637,0.0006966701475903392,-0.00024736073100939393,-0.01655261404812336,-0.0007595698698423803,0.0031022035982459784,0.0,-0.0031103133223950863,0.08085326702401004
00002,train,Landsat8,RED,-64.20595893280215,-10.309220082630318,1503411671491,2017-08-22,0.10607499999999997,0.06179574131965637,0.0006966701475903392,-0.00024736073100939393,-0.01655261404812336,-0.0007595698698423803,0.0031022035982459784,0.0,-0.0031103133223950863,0.0832251860375521
00002,train,Landsat8,RED,-64.20595893280215,-10.309220082630318,1504794073402,2017-09-07,0.06488,0.06179574131965637,0.0006966701475903392,-0.00024736073100939393,-0.01655261404812336,-0.0007595698698423803,0.0031022035982459784,0.0,-0.0031103133223950863,0.08271388523560835
00002,train,Landsat8,RED,-64.20595893280215,-10.309220082630318,1507558883170,2017-10-09,0.06345,0.06179574131965637,0.0006966701475903392,-0.00024736073100939393,-0.01655261404812336,-0.0007595698698423803,0.0031022035982459784,0.0,-0.0031103133223950863,0.07913128556165847
00002,train,Landsat8,RED,-64.20595893280215,-10.309220082630318,1521382839291,2018-03-18,0.042605000000000004,0.06179574131965637,0.0006966701475903392,-0.00024736073100939393,-0.01655261404812336,-0.0007595698698423803,0.0031022035982459784,0.0,-0.0031103133223950863,0.05435788622777555
00002,train,Landsat8,RED,-64.20595893280215,-10.309220082630318,1522765232331,2018-04-03,0.056684999999999985,0.06179574131965637,0.0006966701475903392,-0.00024736073100939393,-0.01655261404812336,-0.0007595698698423803,0.0031022035982459784,0.0,-0.0031103133223950863,0.053228346413314455
00002,train,Landsat8,RED,-64.20595893280215,-10.309220082630318,1524147622639,2018-04-19,0.02995500000000001,0.06179574131965637,0.0006966701475903392,-0.00024736073100939393,-0.01655261404812336,-0.0007595698698423803,0.0031022035982459784,0.0,-0.0031103133223950863,0.051163326641175844
00002,train,Landsat8,RED,-64.20595893280215,-10.309220082630318,1526912402666,2018-05-21,0.053852500000000025,0.06179574131965637,0.0006966701475903392,-0.00024736073100939393,-0.01655261404812336,-0.0007595698698423803,0.0031022035982459784,0.0,-0.0031103133223950863,0.049646724285274814
00002,train,Landsat8,RED,-64.20595893280215,-10.309220082630318,1531059613822,2018-07-08,0.07555,0.06179574131965637,0.0006966701475903392,-0.00024736073100939393,-0.01655261404812336,-0.0007595698698423803,0.0031022035982459784,0.0,-0.0031103133223950863,0.06908341896483478
00002,train,Landsat8,RED,-64.20595893280215,-10.309220082630318,1532442020324,2018-07-24,0.08193,0.06179574131965637,0.0006966701475903392,-0.00024736073100939393,-0.01655261404812336,-0.0007595698698423803,0.0031022035982459784,0.0,-0.0031103133223950863,0.07705871369449248
00002,train,Landsat8,RED,-64.20595893280215,-10.309220082630318,1533824429568,2018-08-09,0.07593499999999997,0.06179574131965637,0.0006966701475903392,-0.00024736073100939393,-0.01655261404812336,-0.0007595698698423803,0.0031022035982459784,0.0,-0.0031103133223950863,0.08226018510594396
00002,train,Landsat8,RED,-64.20595893280215,-10.309220082630318,1536589242907,2018-09-10,0.06213000000000002,0.06179574131965637,0.0006966701475903392,-0.00024736073100939393,-0.01655261404812336,-0.0007595698698423803,0.0031022035982459784,0.0,-0.0031103133223950863,0.08311360589167807
00002,train,Landsat8,RED,-64.20595893280215,-10.309220082630318,1537971648574,2018-09-26,0.06061749999999999,0.06179574131965637,0.0006966701475903392,-0.00024736073100939393,-0.01655261404812336,-0.0007595698698423803,0.0031022035982459784,0.0,-0.0031103133223950863,0.0811926757458411
00002,train,Landsat8,RED,-64.20595893280215,-10.309220082630318,1540736460884,2018-10-28,0.05764750000000002,0.06179574131965637,0.0006966701475903392,-0.00024736073100939393,-0.01655261404812336,-0.0007595698698423803,0.0031022035982459784,0.0,-0.0031103133223950863,0.07856725713461168
00003,train,Landsat8,RED,-64.05665962883877,-10.63338679248049,1373466186063,2013-07-10,0.015242499999999992,0.024020930752158165,0.0,0.0,0.0,0.0,0.0,0.0,0.0,0.024020930752158165
00003,train,Landsat8,RED,-64.05665962883877,-10.63338679248049,1374848585541,2013-07-26,0.015600000000000003,0.024020930752158165,0.0,0.0,0.0,0.0,0.0,0.0,0.0,0.024020930752158165
00003,train,Landsat8,RED,-64.05665962883877,-10.63338679248049,1376230987226,2013-08-11,0.020714999999999983,0.024020930752158165,0.0,0.0,0.0,0.0,0.0,0.0,0.0,0.024020930752158165
00003,train,Landsat8,RED,-64.05665962883877,-10.63338679248049,1377613389619,2013-08-27,0.023657499999999998,0.024020930752158165,0.0,0.0,0.0,0.0,0.0,0.0,0.0,0.024020930752158165
00003,train,Landsat8,RED,-64.05665962883877,-10.63338679248049,1378995786459,2013-09-12,0.014857499999999996,0.024020930752158165,0.0,0.0,0.0,0.0,0.0,0.0,0.0,0.024020930752158165
00003,train,Landsat8,RED,-64.05665962883877,-10.63338679248049,1380378178872,2013-09-28,0.036500000000000005,0.024020930752158165,0.0,0.0,0.0,0.0,0.0,0.0,0.0,0.024020930752158165
00003,train,Landsat8,RED,-64.05665962883877,-10.63338679248049,1401114038758,2014-05-26,0.0173875,0.024020930752158165,0.0,0.0,0.0,0.0,0.0,0.0,0.0,0.024020930752158165
00003,train,Landsat8,RED,-64.05665962883877,-10.63338679248049,1402496448271,2014-06-11,0.016589999999999994,0.024020930752158165,0.0,0.0,0.0,0.0,0.0,0.0,0.0,0.024020930752158165
00003,train,Landsat8,RED,-64.05665962883877,-10.63338679248049,1403878849774,2014-06-27,0.018460000000000004,0.024020930752158165,0.0,0.0,0.0,0.0,0.0,0.0,0.0,0.024020930752158165
00003,train,Landsat8,RED,-64.05665962883877,-10.63338679248049,1405261258705,2014-07-13,0.01686499999999999,0.024020930752158165,0.0,0.0,0.0,0.0,0.0,0.0,0.0,0.024020930752158165
00003,train,Landsat8,RED,-64.05665962883877,-10.63338679248049,1406643663023,2014-07-29,0.0174975,0.024020930752158165,0.0,0.0,0.0,0.0,0.0,0.0,0.0,0.024020930752158165
00003,train,Landsat8,RED,-64.05665962883877,-10.63338679248049,1408026070355,2014-08-14,0.0234375,0.024020930752158165,0.0,0.0,0.0,0.0,0.0,0.0,0.0,0.024020930752158165
00003,train,Landsat8,RED,-64.05665962883877,-10.63338679248049,1409408471887,2014-08-30,0.022419999999999995,0.024020930752158165,0.0,0.0,0.0,0.0,0.0,0.0,0.0,0.024020930752158165
00003,train,Landsat8,RED,-64.05665962883877,-10.63338679248049,1412173276458,2014-10-01,0.06581500000000001,0.024020930752158165,0.0,0.0,0.0,0.0,0.0,0.0,0.0,0.024020930752158165
00003,train,Landsat8,RED,-64.05665962883877,-10.63338679248049,1413555680889,2014-10-17,0.07931749999999999,0.024020930752158165,0.0,0.0,0.0,0.0,0.0,0.0,0.0,0.024020930752158165
00003,train,Landsat8,RED,-64.05665962883877,-10.63338679248049,1425997245260,2015-03-10,0.036555000000000004,0.032903969287872314,0.0,0.0008510268526151776,-0.0002873273042496294,-0.0008910587057471275,0.0,0.0,0.0,0.033595255104994864
00003,train,Landsat8,RED,-64.05665962883877,-10.63338679248049,1428762029321,2015-04-11,0.030120000000000008,0.032903969287872314,0.0,0.0008510268526151776,-0.0002873273042496294,-0.0008910587057471275,0.0,0.0,0.0,0.03332931692615958
00003,train,Landsat8,RED,-64.05665962883877,-10.63338679248049,1434291623616,2015-06-14,0.025005,0.032903969287872314,0.0,0.0008510268526151776,-0.0002873273042496294,-0.0008910587057471275,0.0,0.0,0.0,0.03127878726973639
00003,train,Landsat8,RED,-64.05665962883877,-10.63338679248049,1435674030515,2015-06-30,0.02610499999999999,0.032903969287872314,0.0,0.0008510268526151776,-0.0002873273042496294,-0.0008910587057471275,0.0,0.0,0.0,0.03115484275419588
00003,train,Landsat8,RED,-64.05665962883877,-10.63338679248049,1437056440104,2015-07-16,0.02704000000000001,0.032903969287872314,0.0,0.0008510268526151776,-0.0002873273042496294,-0.0008910587057471275,0.0,0.0,0.0,0.0313587788012552
00003,train,Landsat8,RED,-64.05665962883877,-10.63338679248049,1438438843901,2015-08-01,0.030450000000000005,0.032903969287872314,0.0,0.0008510268526151776,-0.0002873273042496294,-0.0008910587057471275,0.0,0.0,0.0,0.03185295299141026
00003,train,Landsat8,RED,-64.05665962883877,-10.63338679248049,1441203655474,2015-09-02,0.037847500000000006,0.032903969287872314,0.0,0.0008510268526151776,-0.0002873273042496294,-0.0008910587057471275,0.0,0.0,0.0,0.03322519166093198
00003,train,Landsat8,RED,-64.05665962883877,-10.63338679248049,1442586064130,2015-09-18,0.04733499999999999,0.032903969287872314,0.0,0.0008510268526151776,-0.0002873273042496294,-0.0008910587057471275,0.0,0.0,0.0,0.033794193264715396
00003,train,Landsat8,RED,-64.05665962883877,-10.63338679248049,1443968467861,2015-10-04,0.04576749999999999,0.032903969287872314,0.0,0.0008510268526151776,-0.0002873273042496294,-0.0008910587057471275,0.0,0.0,0.0,0.03411943592624908
00003,train,Landsat8,RED,-64.05665962883877,-10.63338679248049,1445350869778,2015-10-20,0.03881000000000001,0.032903969287872314,0.0,0.0008510268526151776,-0.0002873273042496294,-0.0008910587057471275,0.0,0.0,0.0,0.03415755114404053
00003,train,Landsat8,RED,-64.05665962883877,-10.63338679248049,1446733273653,2015-11-05,0.03886500000000001,0.032903969287872314,0.0,0.0008510268526151776,-0.0002873273042496294,-0.0008910587057471275,0.0,0.0,0.0,0.033944650980334404
00003,train,Landsat8,RED,-64.05665962883877,-10.63338679248049,1453645271534,2016-01-24,0.19072,0.032903969287872314,0.0,0.0008510268526151776,-0.0002873273042496294,-0.0008910587057471275,0.0,0.0,0.0,0.03295863145314876
00003,train,Landsat8,RED,-64.05665962883877,-10.63338679248049,1455027666353,2016-02-09,0.027645000000000003,0.032903969287872314,0.0,0.0008510268526151776,-0.0002873273042496294,-0.0008910587057471275,0.0,0.0,0.0,0.03319838020340474
00003,train,Landsat8,RED,-64.05665962883877,-10.63338679248049,1461939641701,2016-04-29,0.03309000000000001,0.032903969287872314,0.0,0.0008510268526151776,-0.0002873273042496294,-0.0008910587057471275,0.0,0.0,0.0,0.032762251190893016
00003,train,Landsat8,RED,-64.05665962883877,-10.63338679248049,1463322039935,2016-05-15,0.019394999999999996,0.032903969287872314,0.0,0.0008510268526151776,-0.0002873273042496294,-0.0008910587057471275,0.0,0.0,0.0,0.03216118372988523
00003,train,Landsat8,RED,-64.05665962883877,-10.63338679248049,1466086848499,2016-06-16,0.029294999999999988,0.032903969287872314,0.0,0.0008510268526151776,-0.0002873273042496294,-0.0008910587057471275,0.0,0.0,0.0,0.031238087589748262
00003,train,Landsat8,RED,-64.05665962883877,-10.63338679248049,1467469258263,2016-07-02,0.026544999999999985,0.032903969287872314,0.0,0.0008510268526151776,-0.0002873273042496294,-0.0008910587057471275,0.0,0.0,0.0,0.031165065450213414
00003,train,Landsat8,RED,-64.05665962883877,-10.63338679248049,1468851664930,2016-07-18,0.026709999999999984,0.032903969287872314,0.0,0.0008510268526151776,-0.0002873273042496294,-0.0008910587057471275,0.0,0.0,0.0,0.031417784306755916
00003,train,Landsat8,RED,-64.05665962883877,-10.63338679248049,1470234068097,2016-08-03,0.03366749999999999,0.032903969287872314,0.0,0.0008510268526151776,-0.0002873273042496294,-0.0008910587057471275,0.0,0.0,0.0,0.03194645449136428
00003,train,Landsat8,RED,-64.05665962883877,-10.63338679248049,1471616472778,2016-08-19,0.036885,0.032903969287872314,0.0,0.0008510268526151776,-0.0002873273042496294,-0.0008910587057471275,0.0,0.0,0.0,0.03263218483632945
00003,train,Landsat8,RED,-64.05665962883877,-10.63338679248049,1484058077534,2017-01-10,0.03539999999999999,0.032903969287872314,0.0,0.0008510268526151776,-0.0002873273042496294,-0.0008910587057471275,0.0,0.0,0.0,0.032853298994255924
00003,train,Landsat8,RED,-64.05665962883877,-10.63338679248049,1485440471964,2017-01-26,0.037077499999999985,0.032903969287872314,0.0,0.0008510268526151776,-0.0002873273042496294,-0.0008910587057471275,0.0,0.0,0.0,0.03298430282181188
00003,train,Landsat8,RED,-64.05665962883877,-10.63338679248049,1493734822810,2017-05-02,0.030752499999999988,0.032903969287872314,0.0,0.0008510268526151776,-0.0002873273042496294,-0.0008910587057471275,0.0,0.0,0.0,0.03267769625082235
00003,train,Landsat8,RED,-64.05665962883877,-10.63338679248049,1496499644152,2017-06-03,0.041504999999999986,0.032903969287872314,0.0,0.0008510268526151776,-0.0002873273042496294,-0.0008910587057471275,0.0,0.0,0.0,0.031533848769767406
00003,train,Landsat8,RED,-64.05665962883877,-10.63338679248049,1497882050455,2017-06-19,0.0321275,0.032903969287872314,0.0,0.0008510268526151776,-0.0002873273042496294,-0.0008910587057471275,0.0,0.0,0.0,0.031205969148269674
00003,train,Landsat8,RED,-64.05665962883877,-10.63338679248049,1499264454168,2017-07-05,0.030395000000000005,0.032903969287872314,0.0,0.0008510268526151776,-0.0002873273042496294,-0.0008910587057471275,0.0,0.0,0.0,0.03118347171827157
00003,train,Landsat8,RED,-64.05665962883877,-10.63338679248049,1500646859570,2017-07-21,0.03490499999999999,0.032903969287872314,0.0,0.0008510268526151776,-0.0002873273042496294,-0.0008910587057471275,0.0,0.0,0.0,0.031486000091260305
00003,train,Landsat8,RED,-64.05665962883877,-10.63338679248049,1502029266718,2017-08-06,0.06336750000000002,0.032903969287872314,0.0,0.0008510268526151776,-0.0002873273042496294,-0.0008910587057471275,0.0,0.0,0.0,0.032050910275017774
00003,train,Landsat8,RED,-64.05665962883877,-10.63338679248049,1503411671491,2017-08-22,0.07645750000000001,0.05370153486728668,-0.004471868276596069,0.006392318289726973,-0.0012677842751145363,0.0,0.0,0.0,0.0,0.05540405831366263
00003,train,Landsat8,RED,-64.05665962883877,-10.63338679248049,1504794073402,2017-09-07,0.05591499999999999,0.05370153486728668,-0.004471868276596069,0.006392318289726973,-0.0012677842751145363,0.0,0.0,0.0,0.0,0.05688409297962055
00003,train,Landsat8,RED,-64.05665962883877,-10.63338679248049,1506176477662,2017-09-23,0.061470000000000025,0.05370153486728668,-0.004471868276596069,0.006392318289726973,-0.0012677842751145363,0.0,0.0,0.0,0.0,0.058471321022300515
00003,train,Landsat8,RED,-64.05665962883877,-10.63338679248049,1507558883170,2017-10-09,0.07774999999999999,0.05370153486728668,-0.004471868276596069,0.006392318289726973,-0.0012677842751145363,0.0,0.0,0.0,0.0,0.0600313192424033
00003,train,Landsat8,RED,-64.05665962883877,-10.63338679248049,1521382839291,2018-03-18,0.045520000000000005,0.05370153486728668,-0.004471868276596069,0.006392318289726973,-0.0012677842751145363,0.0,0.0,0.0,0.0,0.05632145537488429
00003,train,Landsat8,RED,-64.05665962883877,-10.63338679248049,1522765232331,2018-04-03,0.054759999999999975,0.05370153486728668,-0.004471868276596069,0.006392318289726973,-0.0012677842751145363,0.0,0.0,0.0,0.0,0.054342155049922056
00003,train,Landsat8,RED,-64.05665962883877,-10.63338679248049,1525530014053,2018-05-05,0.041147500000000004,0.05370153486728668,-0.004471868276596069,0.006392318289726973,-0.0012677842751145363,0.0,0.0,0.0,0.0,0.05083009822714121
00003,train,Landsat8,RED,-64.05665962883877,-10.63338679248049,1526912402666,2018-05-21,0.03438250000000001,0.05370153486728668,-0.004471868276596069,0.006392318289726973,-0.0012677842751145363,0.0,0.0,0.0,0.0,0.04953199144112605
00003,train,Landsat8,RED,-64.05665962883877,-10.63338679248049,1531059613822,2018-07-08,0.032594999999999985,0.05370153486728668,-0.004471868276596069,0.006392318289726973,-0.0012677842751145363,0.0,0.0,0.0,0.0,0.048357181942687774
00003,train,Landsat8,RED,-64.05665962883877,-10.63338679248049,1532442020324,2018-07-24,0.04631750000000001,0.05370153486728668,-0.004471868276596069,0.006392318289726973,-0.0012677842751145363,0.0,0.0,0.0,0.0,0.04892083650799231
00003,train,Landsat8,RED,-64.05665962883877,-10.63338679248049,1533824429568,2018-08-09,0.07895999999999997,0.05370153486728668,-0.004471868276596069,0.006392318289726973,-0.0012677842751145363,0.0,0.0,0.0,0.0,0.04989643615180489
00003,train,Landsat8,RED,-64.05665962883877,-10.63338679248049,1537971648574,2018-09-26,0.04862749999999999,0.05370153486728668,-0.004471868276596069,0.006392318289726973,-0.0012677842751145363,0.0,0.0,0.0,0.0,0.05429823853266358
00004,train,Landsat8,RED,-64.50735244812665,-10.664908173237874,1371306555719,2013-06-15,0.016149999999999998,0.025473929941654205,0.0,0.0,0.0,0.0,0.0,0.0,0.0,0.025473929941654205
00004,train,Landsat8,RED,-64.50735244812665,-10.664908173237874,1372688955756,2013-07-01,0.01865249999999999,0.025473929941654205,0.0,0.0,0.0,0.0,0.0,0.0,0.0,0.025473929941654205
00004,train,Landsat8,RED,-64.50735244812665,-10.664908173237874,1374071355805,2013-07-17,0.018570000000000003,0.025473929941654205,0.0,0.0,0.0,0.0,0.0,0.0,0.0,0.025473929941654205
00004,train,Landsat8,RED,-64.50735244812665,-10.664908173237874,1374848585541,2013-07-26,0.022309999999999997,0.025473929941654205,0.0,0.0,0.0,0.0,0.0,0.0,0.0,0.025473929941654205
00004,train,Landsat8,RED,-64.50735244812665,-10.664908173237874,1374848609474,2013-07-26,0.02228250000000001,0.025473929941654205,0.0,0.0,0.0,0.0,0.0,0.0,0.0,0.025473929941654205
00004,train,Landsat8,RED,-64.50735244812665,-10.664908173237874,1375453757871,2013-08-02,0.015352499999999991,0.025473929941654205,0.0,0.0,0.0,0.0,0.0,0.0,0.0,0.025473929941654205
00004,train,Landsat8,RED,-64.50735244812665,-10.664908173237874,1376230987226,2013-08-11,0.027837499999999987,0.025473929941654205,0.0,0.0,0.0,0.0,0.0,0.0,0.0,0.025473929941654205
00004,train,Landsat8,RED,-64.50735244812665,-10.664908173237874,1376231011164,2013-08-11,0.027287499999999992,0.025473929941654205,0.0,0.0,0.0,0.0,0.0,0.0,0.0,0.025473929941654205
00004,train,Landsat8,RED,-64.50735244812665,-10.664908173237874,1376836158726,2013-08-18,0.020219999999999988,0.025473929941654205,0.0,0.0,0.0,0.0,0.0,0.0,0.0,0.025473929941654205
00004,train,Landsat8,RED,-64.50735244812665,-10.664908173237874,1377613389619,2013-08-27,0.02484,0.025473929941654205,0.0,0.0,0.0,0.0,0.0,0.0,0.0,0.025473929941654205
00004,train,Landsat8,RED,-64.50735244812665,-10.664908173237874,1377613413552,2013-08-27,0.024730000000000002,0.025473929941654205,0.0,0.0,0.0,0.0,0.0,0.0,0.0,0.025473929941654205
00004,train,Landsat8,RED,-64.50735244812665,-10.664908173237874,1378218559861,2013-09-03,0.02162249999999999,0.025473929941654205,0.0,0.0,0.0,0.0,0.0,0.0,0.0,0.025473929941654205
00004,train,Landsat8,RED,-64.50735244812665,-10.664908173237874,1379600953981,2013-09-19,0.023107500000000003,0.025473929941654205,0.0,0.0,0.0,0.0,0.0,0.0,0.0,0.025473929941654205
00004,train,Landsat8,RED,-64.50735244812665,-10.664908173237874,1380378178872,2013-09-28,0.033117499999999994,0.025473929941654205,0.0,0.0,0.0,0.0,0.0,0.0,0.0,0.025473929941654205
00004,train,Landsat8,RED,-64.50735244812665,-10.664908173237874,1380378202797,2013-09-28,0.02803,0.025473929941654205,0.0,0.0,0.0,0.0,0.0,0.0,0.0,0.025473929941654205
00004,train,Landsat8,RED,-64.50735244812665,-10.664908173237874,1382365745849,2013-10-21,0.019779999999999992,0.025473929941654205,0.0,0.0,0.0,0.0,0.0,0.0,0.0,0.025473929941654205
00004,train,Landsat8,RED,-64.50735244812665,-10.664908173237874,1388672549445,2014-01-02,0.024812499999999987,0.025473929941654205,0.0,0.0,0.0,0.0,0.0,0.0,0.0,0.025473929941654205
00004,train,Landsat8,RED,-64.50735244812665,-10.664908173237874,1388672573383,2014-01-02,0.025197499999999984,0.025473929941654205,0.0,0.0,0.0,0.0,0.0,0.0,0.0,0.025473929941654205
00004,train,Landsat8,RED,-64.50735244812665,-10.664908173237874,1392819715105,2014-02-19,0.04032250000000001,0.025473929941654205,0.0,0.0,0.0,0.0,0.0,0.0,0.0,0.025473929941654205
00004,train,Landsat8,RED,-64.50735244812665,-10.664908173237874,1402496448271,2014-06-11,0.0204125,0.025473929941654205,0.0,0.0,0.0,0.0,0.0,0.0,0.0,0.025473929941654205
00004,train,Landsat8,RED,-64.50735244812665,-10.664908173237874,1402496472196,2014-06-11,0.019779999999999992,0.025473929941654205,0.0,0.0,0.0,0.0,0.0,0.0,0.0,0.025473929941654205
00004,train,Landsat8,RED,-64.50735244812665,-10.664908173237874,1403101620341,2014-06-18,0.015985,0.025473929941654205,0.0,0.0,0.0,0.0,0.0,0.0,0.0,0.025473929941654205
00004,train,Landsat8,RED,-64.50735244812665,-10.664908173237874,1403878849774,2014-06-27,0.020027500000000004,0.025473929941654205,0.0,0.0,0.0,0.0,0.0,0.0,0.0,0.025473929941654205
00004,train,Landsat8,RED,-64.50735244812665,-10.664908173237874,1403878873699,2014-06-27,0.0204675,0.025473929941654205,0.0,0.0,0.0,0.0,0.0,0.0,0.0,0.025473929941654205
00004,train,Landsat8,RED,-64.50735244812665,-10.664908173237874,1404484025941,2014-07-04,0.02082500000000001,0.025473929941654205,0.0,0.0,0.0,0.0,0.0,0.0,0.0,0.025473929941654205
00004,train,Landsat8,RED,-64.50735244812665,-10.664908173237874,1405261258705,2014-07-13,0.020632499999999998,0.025473929941654205,0.0,0.0,0.0,0.0,0.0,0.0,0.0,0.025473929941654205
00004,train,Landsat8,RED,-64.50735244812665,-10.664908173237874,1405261282634,2014-07-13,0.01988999999999999,0.025473929941654205,0.0,0.0,0.0,0.0,0.0,0.0,0.0,0.025473929941654205
00004,train,Landsat8,RED,-64.50735244812665,-10.664908173237874,1407248838225,2014-08-05,0.020632499999999998,0.025473929941654205,0.0,0.0,0.0,0.0,0.0,0.0,0.0,0.025473929941654205
00004,train,Landsat8,RED,-64.50735244812665,-10.664908173237874,1408026070355,2014-08-14,0.024757499999999988,0.025473929941654205,0.0,0.0,0.0,0.0,0.0,0.0,0.0,0.025473929941654205
00004,train,Landsat8,RED,-64.50735244812665,-10.664908173237874,1408026094288,2014-08-14,0.024785,0.025473929941654205,0.0,0.0,0.0,0.0,0.0,0.0,0.0,0.025473929941654205
00004,train,Landsat8,RED,-64.50735244812665,-10.664908173237874,1408631242184,2014-08-21,0.024042499999999994,0.025473929941654205,0.0,0.0,0.0,0.0,0.0,0.0,0.0,0.025473929941654205
00004,train,Landsat8,RED,-64.50735244812665,-10.664908173237874,1409408471887,2014-08-30,0.023629999999999984,0.025473929941654205,0.0,0.0,0.0,0.0,0.0,0.0,0.0,0.025473929941654205
00004,train,Landsat8,RED,-64.50735244812665,-10.664908173237874,1409408495821,2014-08-30,0.023299999999999987,0.025473929941654205,0.0,0.0,0.0,0.0,0.0,0.0,0.0,0.025473929941654205
00004,train,Landsat8,RED,-64.50735244812665,-10.664908173237874,1410013645475,2014-09-06,0.021430000000000005,0.025473929941654205,0.0,0.0,0.0,0.0,0.0,0.0,0.0,0.025473929941654205
00004,train,Landsat8,RED,-64.50735244812665,-10.664908173237874,1411396043213,2014-09-22,0.019697500000000007,0.025473929941654205,0.0,0.0,0.0,0.0,0.0,0.0,0.0,0.025473929941654205
00004,train,Landsat8,RED,-64.50735244812665,-10.664908173237874,1412173276458,2014-10-01,0.02704000000000001,0.025473929941654205,0.0,0.0,0.0,0.0,0.0,0.0,0.0,0.025473929941654205
00004,train,Landsat8,RED,-64.50735244812665,-10.664908173237874,1412173300387,2014-10-01,0.027205000000000007,0.025473929941654205,0.0,0.0,0.0,0.0,0.0,0.0,0.0,0.025473929941654205
00004,train,Landsat8,RED,-64.50735244812665,-10.664908173237874,1412778449385,2014-10-08,0.012217499999999992,0.025473929941654205,0.0,0.0,0.0,0.0,0.0,0.0,0.0,0.025473929941654205
00004,train,Landsat8,RED,-64.50735244812665,-10.664908173237874,1417702900864,2014-12-04,0.013812500000000005,0.025473929941654205,0.0,0.0,0.0,0.0,0.0,0.0,0.0,0.025473929941654205
00004,train,Landsat8,RED,-64.50735244812665,-10.664908173237874,1422455234791,2015-01-28,0.018020000000000008,0.025473929941654205,0.0,0.0,0.0,0.0,0.0,0.0,0.0,0.025473929941654205
00004,train,Landsat8,RED,-64.50735244812665,-10.664908173237874,1425997245260,2015-03-10,0.024510000000000004,0.025473929941654205,0.0,0.0,0.0,0.0,0.0,0.0,0.0,0.025473929941654205
00004,train,Landsat8,RED,-64.50735244812665,-10.664908173237874,1425997269185,2015-03-10,0.024730000000000002,0.025473929941654205,0.0,0.0,0.0,0.0,0.0,0.0,0.0,0.025473929941654205
00004,train,Landsat8,RED,-64.50735244812665,-10.664908173237874,1427984800373,2015-04-02,0.019559999999999994,0.025473929941654205,0.0,0.0,0.0,0.0,0.0,0.0,0.0,0.025473929941654205
00004,train,Landsat8,RED,-64.50735244812665,-10.664908173237874,1432131980278,2015-05-20,0.015242499999999992,0.025473929941654205,0.0,0.0,0.0,0.0,0.0,0.0,0.0,0.025473929941654205
00004,train,Landsat8,RED,-64.50735244812665,-10.664908173237874,1433514388572,2015-06-05,0.018570000000000003,0.025473929941654205,0.0,0.0,0.0,0.0,0.0,0.0,0.0,0.025473929941654205
00004,train,Landsat8,RED,-64.50735244812665,-10.664908173237874,1434291623616,2015-06-14,0.023107500000000003,0.025473929941654205,0.0,0.0,0.0,0.0,0.0,0.0,0.0,0.025473929941654205
00004,train,Landsat8,RED,-64.50735244812665,-10.664908173237874,1434291647545,2015-06-14,0.022557500000000008,0.025473929941654205,0.0,0.0,0.0,0.0,0.0,0.0,0.0,0.025473929941654205
00004,train,Landsat8,RED,-64.50735244812665,-10.664908173237874,1434896796488,2015-06-21,0.019284999999999997,0.025473929941654205,0.0,0.0,0.0,0.0,0.0,0.0,0.0,0.025473929941654205
00004,train,Landsat8,RED,-64.50735244812665,-10.664908173237874,1435674030515,2015-06-30,0.02379500000000001,0.025473929941654205,0.0,0.0,0.0,0.0,0.0,0.0,0.0,0.025473929941654205
00004,train,Landsat8,RED,-64.50735244812665,-10.664908173237874,1435674054448,2015-06-30,0.023107500000000003,0.025473929941654205,0.0,0.0,0.0,0.0,0.0,0.0,0.0,0.025473929941654205
00004,train,Landsat8,RED,-64.50735244812665,-10.664908173237874,1437661613141,2015-07-23,0.021017499999999995,0.025473929941654205,0.0,0.0,0.0,0.0,0.0,0.0,0.0,0.025473929941654205
00004,train,Landsat8,RED,-64.50735244812665,-10.664908173237874,1439044016101,2015-08-08,0.021732499999999988,0.025473929941654205,0.0,0.0,0.0,0.0,0.0,0.0,0.0,0.025473929941654205
00004,train,Landsat8,RED,-64.50735244812665,-10.664908173237874,1440426424196,2015-08-24,0.023052500000000004,0.025473929941654205,0.0,0.0,0.0,0.0,0.0,0.0,0.0,0.025473929941654205
00004,train,Landsat8,RED,-64.50735244812665,-10.664908173237874,1441203655474,2015-09-02,0.024867499999999987,0.025473929941654205,0.0,0.0,0.0,0.0,0.0,0.0,0.0,0.025473929941654205
00004,train,Landsat8,RED,-64.50735244812665,-10.664908173237874,1441203679399,2015-09-02,0.023822499999999996,0.025473929941654205,0.0,0.0,0.0,0.0,0.0,0.0,0.0,0.025473929941654205
00004,train,Landsat8,RED,-64.50735244812665,-10.664908173237874,1441808830373,2015-09-09,0.021925,0.025473929941654205,0.0,0.0,0.0,0.0,0.0,0.0,0.0,0.025473929941654205
00004,train,Landsat8,RED,-64.50735244812665,-10.664908173237874,1442586064130,2015-09-18,0.026489999999999986,0.025473929941654205,0.0,0.0,0.0,0.0,0.0,0.0,0.0,0.025473929941654205
00004,train,Landsat8,RED,-64.50735244812665,-10.664908173237874,1442586088063,2015-09-18,0.026737499999999997,0.025473929941654205,0.0,0.0,0.0,0.0,0.0,0.0,0.0,0.025473929941654205
00004,train,Landsat8,RED,-64.50735244812665,-10.664908173237874,1443191237327,2015-09-25,0.023162500000000003,0.025473929941654205,0.0,0.0,0.0,0.0,0.0,0.0,0.0,0.025473929941654205
00004,train,Landsat8,RED,-64.50735244812665,-10.664908173237874,1443968467861,2015-10-04,0.030257499999999993,0.025473929941654205,0.0,0.0,0.0,0.0,0.0,0.0,0.0,0.025473929941654205
00004,train,Landsat8,RED,-64.50735244812665,-10.664908173237874,1443968491791,2015-10-04,0.02995500000000001,0.025473929941654205,0.0,0.0,0.0,0.0,0.0,0.0,0.0,0.025473929941654205
00004,train,Landsat8,RED,-64.50735244812665,-10.664908173237874,1445350869778,2015-10-20,0.03237499999999999,0.025473929941654205,0.0,0.0,0.0,0.0,0.0,0.0,0.0,0.025473929941654205
00004,train,Landsat8,RED,-64.50735244812665,-10.664908173237874,1445350893711,2015-10-20,0.03135750000000001,0.025473929941654205,0.0,0.0,0.0,0.0,0.0,0.0,0.0,0.025473929941654205
00004,train,Landsat8,RED,-64.50735244812665,-10.664908173237874,1447338443319,2015-11-12,0.02464749999999999,0.025473929941654205,0.0,0.0,0.0,0.0,0.0,0.0,0.0,0.025473929941654205
00004,train,Landsat8,RED,-64.50735244812665,-10.664908173237874,1450880475111,2015-12-23,0.029349999999999987,0.025473929941654205,0.0,0.0,0.0,0.0,0.0,0.0,0.0,0.025473929941654205
00004,train,Landsat8,RED,-64.50735244812665,-10.664908173237874,1450880499036,2015-12-23,0.027837499999999987,0.025473929941654205,0.0,0.0,0.0,0.0,0.0,0.0,0.0,0.025473929941654205
00004,train,Landsat8,RED,-64.50735244812665,-10.664908173237874,1453645271534,2016-01-24,0.024730000000000002,0.025473929941654205,0.0,0.0,0.0,0.0,0.0,0.0,0.0,0.025473929941654205
00004,train,Landsat8,RED,-64.50735244812665,-10.664908173237874,1453645295455,2016-01-24,0.02442749999999999,0.025473929941654205,0.0,0.0,0.0,0.0,0.0,0.0,0.0,0.025473929941654205
00004,train,Landsat8,RED,-64.50735244812665,-10.664908173237874,1455027666353,2016-02-09,0.02396000000000001,0.025473929941654205,0.0,0.0,0.0,0.0,0.0,0.0,0.0,0.025473929941654205
00004,train,Landsat8,RED,-64.50735244812665,-10.664908173237874,1455027690278,2016-02-09,0.024290000000000006,0.025473929941654205,0.0,0.0,0.0,0.0,0.0,0.0,0.0,0.025473929941654205
00004,train,Landsat8,RED,-64.50735244812665,-10.664908173237874,1457792457696,2016-03-12,0.023052500000000004,0.025473929941654205,0.0,0.0,0.0,0.0,0.0,0.0,0.0,0.025473929941654205
00004,train,Landsat8,RED,-64.50735244812665,-10.664908173237874,1457792481626,2016-03-12,0.022612500000000008,0.025473929941654205,0.0,0.0,0.0,0.0,0.0,0.0,0.0,0.025473929941654205
00004,train,Landsat8,RED,-64.50735244812665,-10.664908173237874,1459780015959,2016-04-04,0.025444999999999995,0.025473929941654205,0.0,0.0,0.0,0.0,0.0,0.0,0.0,0.025473929941654205
00004,train,Landsat8,RED,-64.50735244812665,-10.664908173237874,1461162410083,2016-04-20,0.022639999999999993,0.025473929941654205,0.0,0.0,0.0,0.0,0.0,0.0,0.0,0.025473929941654205
00004,train,Landsat8,RED,-64.50735244812665,-10.664908173237874,1461939641701,2016-04-29,0.020604999999999984,0.025473929941654205,0.0,0.0,0.0,0.0,0.0,0.0,0.0,0.025473929941654205
00004,train,Landsat8,RED,-64.50735244812665,-10.664908173237874,1461939665635,2016-04-29,0.020659999999999984,0.025473929941654205,0.0,0.0,0.0,0.0,0.0,0.0,0.0,0.025473929941654205
00004,train,Landsat8,RED,-64.50735244812665,-10.664908173237874,1462544813364,2016-05-06,0.0173875,0.025473929941654205,0.0,0.0,0.0,0.0,0.0,0.0,0.0,0.025473929941654205
00004,train,Landsat8,RED,-64.50735244812665,-10.664908173237874,1465309618585,2016-06-07,0.022612500000000008,0.025473929941654205,0.0,0.0,0.0,0.0,0.0,0.0,0.0,0.025473929941654205
00004,train,Landsat8,RED,-64.50735244812665,-10.664908173237874,1466086848499,2016-06-16,0.01983499999999999,0.025473929941654205,0.0,0.0,0.0,0.0,0.0,0.0,0.0,0.025473929941654205
00004,train,Landsat8,RED,-64.50735244812665,-10.664908173237874,1466086872424,2016-06-16,0.019807500000000006,0.025473929941654205,0.0,0.0,0.0,0.0,0.0,0.0,0.0,0.025473929941654205
00004,train,Landsat8,RED,-64.50735244812665,-10.664908173237874,1466692023968,2016-06-23,0.01702999999999999,0.025473929941654205,0.0,0.0,0.0,0.0,0.0,0.0,0.0,0.025473929941654205
00004,train,Landsat8,RED,-64.50735244812665,-10.664908173237874,1467469258263,2016-07-02,0.0204125,0.025473929941654205,0.0,0.0,0.0,0.0,0.0,0.0,0.0,0.025473929941654205
00004,train,Landsat8,RED,-64.50735244812665,-10.664908173237874,1467469282196,2016-07-02,0.020329999999999987,0.025473929941654205,0.0,0.0,0.0,0.0,0.0,0.0,0.0,0.025473929941654205
00004,train,Landsat8,RED,-64.50735244812665,-10.664908173237874,1468074432444,2016-07-09,0.022172499999999984,0.025473929941654205,0.0,0.0,0.0,0.0,0.0,0.0,0.0,0.025473929941654205
00004,train,Landsat8,RED,-64.50735244812665,-10.664908173237874,1468851664930,2016-07-18,0.0205775,0.025473929941654205,0.0,0.0,0.0,0.0,0.0,0.0,0.0,0.025473929941654205
00004,train,Landsat8,RED,-64.50735244812665,-10.664908173237874,1468851688855,2016-07-18,0.02010999999999999,0.025473929941654205,0.0,0.0,0.0,0.0,0.0,0.0,0.0,0.025473929941654205
00004,train,Landsat8,RED,-64.50735244812665,-10.664908173237874,1469456837478,2016-07-25,0.021017499999999995,0.025473929941654205,0.0,0.0,0.0,0.0,0.0,0.0,0.0,0.025473929941654205
00004,train,Landsat8,RED,-64.50735244812665,-10.664908173237874,1470234068097,2016-08-03,0.023244999999999988,0.025473929941654205,0.0,0.0,0.0,0.0,0.0,0.0,0.0,0.025473929941654205
00004,train,Landsat8,RED,-64.50735244812665,-10.664908173237874,1470234092031,2016-08-03,0.0236025,0.025473929941654205,0.0,0.0,0.0,0.0,0.0,0.0,0.0,0.025473929941654205
00004,train,Landsat8,RED,-64.50735244812665,-10.664908173237874,1472221646628,2016-08-26,0.023217500000000002,0.025473929941654205,0.0,0.0,0.0,0.0,0.0,0.0,0.0,0.025473929941654205
00004,train,Landsat8,RED,-64.50735244812665,-10.664908173237874,1474986451323,2016-09-27,0.0236025,0.025473929941654205,0.0,0.0,0.0,0.0,0.0,0.0,0.0,0.025473929941654205
00004,train,Landsat8,RED,-64.50735244812665,-10.664908173237874,1476368856821,2016-10-13,0.020549999999999985,0.025473929941654205,0.0,0.0,0.0,0.0,0.0,0.0,0.0,0.025473929941654205
00004,train,Landsat8,RED,-64.50735244812665,-10.664908173237874,1482675680843,2016-12-25,0.0236025,0.025473929941654205,0.0,0.0,0.0,0.0,0.0,0.0,0.0,0.025473929941654205
00004,train,Landsat8,RED,-64.50735244812665,-10.664908173237874,1482675704768,2016-12-25,0.022942500000000005,0.025473929941654205,0.0,0.0,0.0,0.0,0.0,0.0,0.0,0.025473929941654205
00004,train,Landsat8,RED,-64.50735244812665,-10.664908173237874,1484058077534,2017-01-10,0.018047499999999994,0.025473929941654205,0.0,0.0,0.0,0.0,0.0,0.0,0.0,0.025473929941654205
00004,train,Landsat8,RED,-64.50735244812665,-10.664908173237874,1484058101459,2017-01-10,0.015380000000000005,0.025473929941654205,0.0,0.0,0.0,0.0,0.0,0.0,0.0,0.025473929941654205
00004,train,Landsat8,RED,-64.50735244812665,-10.664908173237874,1485440471964,2017-01-26,0.028662500000000007,0.025473929941654205,0.0,0.0,0.0,0.0,0.0,0.0,0.0,0.025473929941654205
00004,train,Landsat8,RED,-64.50735244812665,-10.664908173237874,1485440495889,2017-01-26,0.02855250000000001,0.025473929941654205,0.0,0.0,0.0,0.0,0.0,0.0,0.0,0.025473929941654205
00004,train,Landsat8,RED,-64.50735244812665,-10.664908173237874,1487428032820,2017-02-18,0.018075000000000008,0.025473929941654205,0.0,0.0,0.0,0.0,0.0,0.0,0.0,0.025473929941654205
00004,train,Landsat8,RED,-64.50735244812665,-10.664908173237874,1492352433206,2017-04-16,0.022639999999999993,0.025473929941654205,0.0,0.0,0.0,0.0,0.0,0.0,0.0,0.025473929941654205
00004,train,Landsat8,RED,-64.50735244812665,-10.664908173237874,1492352457135,2017-04-16,0.022584999999999994,0.025473929941654205,0.0,0.0,0.0,0.0,0.0,0.0,0.0,0.025473929941654205
00004,train,Landsat8,RED,-64.50735244812665,-10.664908173237874,1493734822810,2017-05-02,0.01988999999999999,0.025473929941654205,0.0,0.0,0.0,0.0,0.0,0.0,0.0,0.025473929941654205
00004,train,Landsat8,RED,-64.50735244812665,-10.664908173237874,1493734846744,2017-05-02,0.01983499999999999,0.025473929941654205,0.0,0.0,0.0,0.0,0.0,0.0,0.0,0.025473929941654205
00004,train,Landsat8,RED,-64.50735244812665,-10.664908173237874,1495117234935,2017-05-18,0.028524999999999995,0.025473929941654205,0.0,0.0,0.0,0.0,0.0,0.0,0.0,0.025473929941654205
00004,train,Landsat8,RED,-64.50735244812665,-10.664908173237874,1495117258868,2017-05-18,0.027370000000000005,0.025473929941654205,0.0,0.0,0.0,0.0,0.0,0.0,0.0,0.025473929941654205
00004,train,Landsat8,RED,-64.50735244812665,-10.664908173237874,1495722410216,2017-05-25,0.017689999999999984,0.025473929941654205,0.0,0.0,0.0,0.0,0.0,0.0,0.0,0.025473929941654205
00004,train,Landsat8,RED,-64.50735244812665,-10.664908173237874,1496499644152,2017-06-03,0.02134749999999999,0.025473929941654205,0.0,0.0,0.0,0.0,0.0,0.0,0.0,0.025473929941654205
00004,train,Landsat8,RED,-64.50735244812665,-10.664908173237874,1496499668085,2017-06-03,0.020439999999999986,0.025473929941654205,0.0,0.0,0.0,0.0,0.0,0.0,0.0,0.025473929941654205
00004,train,Landsat8,RED,-64.50735244812665,-10.664908173237874,1497882050455,2017-06-19,0.019614999999999994,0.025473929941654205,0.0,0.0,0.0,0.0,0.0,0.0,0.0,0.025473929941654205
00004,train,Landsat8,RED,-64.50735244812665,-10.664908173237874,1497882074380,2017-06-19,0.019587500000000008,0.025473929941654205,0.0,0.0,0.0,0.0,0.0,0.0,0.0,0.025473929941654205
00004,train,Landsat8,RED,-64.50735244812665,-10.664908173237874,1498487223209,2017-06-26,0.016892500000000005,0.025473929941654205,0.0,0.0,0.0,0.0,0.0,0.0,0.0,0.025473929941654205
00004,train,Landsat8,RED,-64.50735244812665,-10.664908173237874,1499264454168,2017-07-05,0.020549999999999985,0.025473929941654205,0.0,0.0,0.0,0.0,0.0,0.0,0.0,0.025473929941654205
00004,train,Landsat8,RED,-64.50735244812665,-10.664908173237874,1499264478102,2017-07-05,0.020549999999999985,0.025473929941654205,0.0,0.0,0.0,0.0,0.0,0.0,0.0,0.025473929941654205
00004,train,Landsat8,RED,-64.50735244812665,-10.664908173237874,1499869625884,2017-07-12,0.016617500000000007,0.025473929941654205,0.0,0.0,0.0,0.0,0.0,0.0,0.0,0.025473929941654205
00004,train,Landsat8,RED,-64.50735244812665,-10.664908173237874,1500646859570,2017-07-21,0.021265000000000006,0.025473929941654205,0.0,0.0,0.0,0.0,0.0,0.0,0.0,0.025473929941654205
00004,train,Landsat8,RED,-64.50735244812665,-10.664908173237874,1500646883504,2017-07-21,0.021182499999999993,0.025473929941654205,0.0,0.0,0.0,0.0,0.0,0.0,0.0,0.025473929941654205
00004,train,Landsat8,RED,-64.50735244812665,-10.664908173237874,1501252033785,2017-07-28,0.02285999999999999,0.025473929941654205,0.0,0.0,0.0,0.0,0.0,0.0,0.0,0.025473929941654205
00004,train,Landsat8,RED,-64.50735244812665,-10.664908173237874,1502029266718,2017-08-06,0.023987499999999995,0.025473929941654205,0.0,0.0,0.0,0.0,0.0,0.0,0.0,0.025473929941654205
00004,train,Landsat8,RED,-64.50735244812665,-10.664908173237874,1502029290647,2017-08-06,0.023629999999999984,0.025473929941654205,0.0,0.0,0.0,0.0,0.0,0.0,0.0,0.025473929941654205
00004,train,Landsat8,RED,-64.50735244812665,-10.664908173237874,1503411671491,2017-08-22,0.025115,0.025473929941654205,0.0,0.0,0.0,0.0,0.0,0.0,0.0,0.025473929941654205
00004,train,Landsat8,RED,-64.50735244812665,-10.664908173237874,1503411695420,2017-08-22,0.024290000000000006,0.025473929941654205,0.0,0.0,0.0,0.0,0.0,0.0,0.0,0.025473929941654205
00004,train,Landsat8,RED,-64.50735244812665,-10.664908173237874,1504016843501,2017-08-29,0.01628750000000001,0.025473929941654205,0.0,0.0,0.0,0.0,0.0,0.0,0.0,0.025473929941654205
00004,train,Landsat8,RED,-64.50735244812665,-10.664908173237874,1504794073402,2017-09-07,0.026957499999999995,0.025473929941654205,0.0,0.0,0.0,0.0,0.0,0.0,0.0,0.025473929941654205
00004,train,Landsat8,RED,-64.50735244812665,-10.664908173237874,1504794097332,2017-09-07,0.027287499999999992,0.025473929941654205,0.0,0.0,0.0,0.0,0.0,0.0,0.0,0.025473929941654205
00004,train,Landsat8,RED,-64.50735244812665,-10.664908173237874,1507558883170,2017-10-09,0.025582500000000008,0.025473929941654205,0.0,0.0,0.0,0.0,0.0,0.0,0.0,0.025473929941654205
00004,train,Landsat8,RED,-64.50735244812665,-10.664908173237874,1507558907095,2017-10-09,0.025279999999999997,0.025473929941654205,0.0,0.0,0.0,0.0,0.0,0.0,0.0,0.025473929941654205
00004,train,Landsat8,RED,-64.50735244812665,-10.664908173237874,1508164055195,2017-10-16,0.023712499999999997,0.025473929941654205,0.0,0.0,0.0,0.0,0.0,0.0,0.0,0.025473929941654205
00004,train,Landsat8,RED,-64.50735244812665,-10.664908173237874,1516458437705,2018-01-20,0.030285000000000006,0.025473929941654205,0.0,0.0,0.0,0.0,0.0,0.0,0.0,0.025473929941654205
00004,train,Landsat8,RED,-64.50735244812665,-10.664908173237874,1519223223345,2018-02-21,0.03322749999999999,0.025473929941654205,0.0,0.0,0.0,0.0,0.0,0.0,0.0,0.025473929941654205
00004,train,Landsat8,RED,-64.50735244812665,-10.664908173237874,1521382839291,2018-03-18,0.026792499999999997,0.025473929941654205,0.0,0.0,0.0,0.0,0.0,0.0,0.0,0.025473929941654205
00004,train,Landsat8,RED,-64.50735244812665,-10.664908173237874,1521382863212,2018-03-18,0.025005,0.025473929941654205,0.0,0.0,0.0,0.0,0.0,0.0,0.0,0.025473929941654205
00004,train,Landsat8,RED,-64.50735244812665,-10.664908173237874,1522765232331,2018-04-03,0.022749999999999992,0.025473929941654205,0.0,0.0,0.0,0.0,0.0,0.0,0.0,0.025473929941654205
00004,train,Landsat8,RED,-64.50735244812665,-10.664908173237874,1522765256256,2018-04-03,0.022474999999999995,0.025473929941654205,0.0,0.0,0.0,0.0,0.0,0.0,0.0,0.025473929941654205
00004,train,Landsat8,RED,-64.50735244812665,-10.664908173237874,1524147622639,2018-04-19,0.022612500000000008,0.025473929941654205,0.0,0.0,0.0,0.0,0.0,0.0,0.0,0.025473929941654205
00004,train,Landsat8,RED,-64.50735244812665,-10.664908173237874,1524147646564,2018-04-19,0.022997500000000004,0.025473929941654205,0.0,0.0,0.0,0.0,0.0,0.0,0.0,0.025473929941654205
00004,train,Landsat8,RED,-64.50735244812665,-10.664908173237874,1524752790005,2018-04-26,0.013729999999999992,0.025473929941654205,0.0,0.0,0.0,0.0,0.0,0.0,0.0,0.025473929941654205
00004,train,Landsat8,RED,-64.50735244812665,-10.664908173237874,1525530014053,2018-05-05,0.028194999999999998,0.025473929941654205,0.0,0.0,0.0,0.0,0.0,0.0,0.0,0.025473929941654205
00004,train,Landsat8,RED,-64.50735244812665,-10.664908173237874,1525530037982,2018-05-05,0.02781,0.025473929941654205,0.0,0.0,0.0,0.0,0.0,0.0,0.0,0.025473929941654205
00004,train,Landsat8,RED,-64.50735244812665,-10.664908173237874,1526912402666,2018-05-21,0.018625000000000003,0.025473929941654205,0.0,0.0,0.0,0.0,0.0,0.0,0.0,0.025473929941654205
00004,train,Landsat8,RED,-64.50735244812665,-10.664908173237874,1526912426595,2018-05-21,0.01791000000000001,0.025473929941654205,0.0,0.0,0.0,0.0,0.0,0.0,0.0,0.025473929941654205
00004,train,Landsat8,RED,-64.50735244812665,-10.664908173237874,1527517567643,2018-05-28,0.0172225,0.025473929941654205,0.0,0.0,0.0,0.0,0.0,0.0,0.0,0.025473929941654205
00004,train,Landsat8,RED,-64.50735244812665,-10.664908173237874,1530282380016,2018-06-29,0.017524999999999985,0.025473929941654205,0.0,0.0,0.0,0.0,0.0,0.0,0.0,0.025473929941654205
00004,train,Landsat8,RED,-64.50735244812665,-10.664908173237874,1531059613822,2018-07-08,0.021952499999999986,0.025473929941654205,0.0,0.0,0.0,0.0,0.0,0.0,0.0,0.025473929941654205
00004,train,Landsat8,RED,-64.50735244812665,-10.664908173237874,1531059637756,2018-07-08,0.022035,0.025473929941654205,0.0,0.0,0.0,0.0,0.0,0.0,0.0,0.025473929941654205
00004,train,Landsat8,RED,-64.50735244812665,-10.664908173237874,1531664787793,2018-07-15,0.021100000000000008,0.025473929941654205,0.0,0.0,0.0,0.0,0.0,0.0,0.0,0.025473929941654205
00004,train,Landsat8,RED,-64.50735244812665,-10.664908173237874,1532442020324,2018-07-24,0.02209,0.025473929941654205,0.0,0.0,0.0,0.0,0.0,0.0,0.0,0.025473929941654205
00004,train,Landsat8,RED,-64.50735244812665,-10.664908173237874,1532442044258,2018-07-24,0.022199999999999998,0.025473929941654205,0.0,0.0,0.0,0.0,0.0,0.0,0.0,0.025473929941654205
00004,train,Landsat8,RED,-64.50735244812665,-10.664908173237874,1533824429568,2018-08-09,0.01034750000000001,0.025473929941654205,0.0,0.0,0.0,0.0,0.0,0.0,0.0,0.025473929941654205
00004,train,Landsat8,RED,-64.50735244812665,-10.664908173237874,1533824453493,2018-08-09,0.011172500000000002,0.025473929941654205,0.0,0.0,0.0,0.0,0.0,0.0,0.0,0.025473929941654205
00004,train,Landsat8,RED,-64.50735244812665,-10.664908173237874,1535812010909,2018-09-01,0.02082500000000001,0.025473929941654205,0.0,0.0,0.0,0.0,0.0,0.0,0.0,0.025473929941654205
00004,train,Landsat8,RED,-64.50735244812665,-10.664908173237874,1536589242907,2018-09-10,0.02750749999999999,0.025473929941654205,0.0,0.0,0.0,0.0,0.0,0.0,0.0,0.025473929941654205
00004,train,Landsat8,RED,-64.50735244812665,-10.664908173237874,1536589266832,2018-09-10,0.025444999999999995,0.025473929941654205,0.0,0.0,0.0,0.0,0.0,0.0,0.0,0.025473929941654205
00004,train,Landsat8,RED,-64.50735244812665,-10.664908173237874,1537194415363,2018-09-17,0.01389499999999999,0.025473929941654205,0.0,0.0,0.0,0.0,0.0,0.0,0.0,0.025473929941654205
00004,train,Landsat8,RED,-64.50735244812665,-10.664908173237874,1537971648574,2018-09-26,0.029817499999999997,0.025473929941654205,0.0,0.0,0.0,0.0,0.0,0.0,0.0,0.025473929941654205
00004,train,Landsat8,RED,-64.50735244812665,-10.664908173237874,1537971672499,2018-09-26,0.029514999999999986,0.025473929941654205,0.0,0.0,0.0,0.0,0.0,0.0,0.0,0.025473929941654205
00004,train,Landsat8,RED,-64.50735244812665,-10.664908173237874,1539354056101,2018-10-12,0.03933249999999999,0.025473929941654205,0.0,0.0,0.0,0.0,0.0,0.0,0.0,0.025473929941654205
00004,train,Landsat8,RED,-64.50735244812665,-10.664908173237874,1539354080030,2018-10-12,0.040679999999999994,0.025473929941654205,0.0,0.0,0.0,0.0,0.0,0.0,0.0,0.025473929941654205
00004,train,Landsat8,RED,-64.50735244812665,-10.664908173237874,1540736460884,2018-10-28,0.031219999999999998,0.025473929941654205,0.0,0.0,0.0,0.0,0.0,0.0,0.0,0.025473929941654205
00004,train,Landsat8,RED,-64.50735244812665,-10.664908173237874,1540736484817,2018-10-28,0.031137499999999985,0.025473929941654205,0.0,0.0,0.0,0.0,0.0,0.0,0.0,0.025473929941654205
00004,train,Landsat8,RED,-64.50735244812665,-10.664908173237874,1541341632930,2018-11-04,0.01994499999999999,0.025473929941654205,0.0,0.0,0.0,0.0,0.0,0.0,0.0,0.025473929941654205
00005,train,Landsat8,RED,-64.70225022786803,-10.403541485706715,1367159343320,2013-04-28,0.085945,0.0702790915966034,0.0,-4.5350090658757836e-05,-0.01286980789154768,0.0024140418972820044,0.0,0.008473002351820469,0.0,0.06553134603194281
00005,train,Landsat8,RED,-64.70225022786803,-10.403541485706715,1371306555719,2013-06-15,0.06729999999999997,0.0702790915966034,0.0,-4.5350090658757836e-05,-0.01286980789154768,0.0024140418972820044,0.0,0.008473002351820469,0.0,0.06320185681943342
00005,train,Landsat8,RED,-64.70225022786803,-10.403541485706715,1376836158726,2013-08-18,0.10192250000000003,0.0702790915966034,0.0,-4.5350090658757836e-05,-0.01286980789154768,0.0024140418972820044,0.0,0.008473002351820469,0.0,0.0859474186045708
00005,train,Landsat8,RED,-64.70225022786803,-10.403541485706715,1378218559861,2013-09-03,0.11388500000000001,0.0702790915966034,0.0,-4.5350090658757836e-05,-0.01286980789154768,0.0024140418972820044,0.0,0.008473002351820469,0.0,0.08873695930462942
00005,train,Landsat8,RED,-64.70225022786803,-10.403541485706715,1379600953981,2013-09-19,0.09713749999999999,0.0702790915966034,0.0,-4.5350090658757836e-05,-0.01286980789154768,0.0024140418972820044,0.0,0.008473002351820469,0.0,0.08564510520694286
00005,train,Landsat8,RED,-64.70225022786803,-10.403541485706715,1382365745849,2013-10-21,0.07659500000000002,0.0702790915966034,0.0,-4.5350090658757836e-05,-0.01286980789154768,0.0024140418972820044,0.0,0.008473002351820469,0.0,0.0732743845060599
00005,train,Landsat8,RED,-64.70225022786803,-10.403541485706715,1401719214648,2014-06-02,0.06963750000000002,0.0702790915966034,0.0,-4.5350090658757836e-05,-0.01286980789154768,0.0024140418972820044,0.0,0.008473002351820469,0.0,0.06500066051554862
00005,train,Landsat8,RED,-64.70225022786803,-10.403541485706715,1403101620341,2014-06-18,0.06358750000000002,0.0702790915966034,0.0,-4.5350090658757836e-05,-0.01286980789154768,0.0024140418972820044,0.0,0.008473002351820469,0.0,0.0630336290114794
00005,train,Landsat8,RED,-64.70225022786803,-10.403541485706715,1404484025941,2014-07-04,0.08591749999999998,0.0702790915966034,0.0,-4.5350090658757836e-05,-0.01286980789154768,0.0024140418972820044,0.0,0.008473002351820469,0.0,0.06477462836905507
00005,train,Landsat8,RED,-64.70225022786803,-10.403541485706715,1407248838225,2014-08-05,0.06763000000000002,0.0702790915966034,0.0,-4.5350090658757836e-05,-0.01286980789154768,0.0024140418972820044,0.0,0.008473002351820469,0.0,0.0799812065719279
00005,train,Landsat8,RED,-64.70225022786803,-10.403541485706715,1408631242184,2014-08-21,0.08454250000000002,0.0702790915966034,0.0,-4.5350090658757836e-05,-0.01286980789154768,0.0024140418972820044,0.0,0.008473002351820469,0.0,0.08691684489604116
00005,train,Landsat8,RED,-64.70225022786803,-10.403541485706715,1411396043213,2014-09-22,0.0592975,0.0702790915966034,0.0,-4.5350090658757836e-05,-0.01286980789154768,0.0024140418972820044,0.0,0.008473002351820469,0.0,0.08455695861408295
00005,train,Landsat8,RED,-64.70225022786803,-10.403541485706715,1412778449385,2014-10-08,0.07002249999999999,0.0702790915966034,0.0,-4.5350090658757836e-05,-0.01286980789154768,0.0024140418972820044,0.0,0.008473002351820469,0.0,0.07777074411731376
00005,train,Landsat8,RED,-64.70225022786803,-10.403541485706715,1419690441987,2014-12-27,0.049122499999999986,0.0702790915966034,0.0,-4.5350090658757836e-05,-0.01286980789154768,0.0024140418972820044,0.0,0.008473002351820469,0.0,0.08184907220232997
00005,train,Landsat8,RED,-64.70225022786803,-10.403541485706715,1427984800373,2015-04-02,0.054595000000000005,0.0702790915966034,0.0,-4.5350090658757836e-05,-0.01286980789154768,0.0024140418972820044,0.0,0.008473002351820469,0.0,0.05514988241699059
00005,train,Landsat8,RED,-64.70225022786803,-10.403541485706715,1432131980278,2015-05-20,0.047609999999999986,0.0702790915966034,0.0,-4.5350090658757836e-05,-0.01286980789154768,0.0024140418972820044,0.0,0.008473002351820469,0.0,0.0669667531439366
00005,train,Landsat8,RED,-64.70225022786803,-10.403541485706715,1433514388572,2015-06-05,0.050277499999999975,0.0702790915966034,0.0,-4.5350090658757836e-05,-0.01286980789154768,0.0024140418972820044,0.0,0.008473002351820469,0.0,0.06449091793463348
00005,train,Landsat8,RED,-64.70225022786803,-10.403541485706715,1434896796488,2015-06-21,0.06812499999999999,0.0702790915966034,0.0,-4.5350090658757836e-05,-0.01286980789154768,0.0024140418972820044,0.0,0.008473002351820469,0.0,0.06300334674394502
00005,train,Landsat8,RED,-64.70225022786803,-10.403541485706715,1437661613141,2015-07-23,0.06416499999999997,0.0702790915966034,0.0,-4.5350090658757836e-05,-0.01286980789154768,0.0024140418972820044,0.0,0.008473002351820469,0.0,0.07277842701869829
00005,train,Landsat8,RED,-64.70225022786803,-10.403541485706715,1439044016101,2015-08-08,0.08616499999999999,0.0702790915966034,0.0,-4.5350090658757836e-05,-0.01286980789154768,0.0024140418972820044,0.0,0.008473002351820469,0.0,0.0815534533170203
00005,train,Landsat8,RED,-64.70225022786803,-10.403541485706715,1440426424196,2015-08-24,0.096835,0.0702790915966034,0.0,-4.5350090658757836e-05,-0.01286980789154768,0.0024140418972820044,0.0,0.008473002351820469,0.0,0.0876919228379809
00005,train,Landsat8,RED,-64.70225022786803,-10.403541485706715,1441808830373,2015-09-09,0.08239750000000001,0.0702790915966034,0.0,-4.5350090658757836e-05,-0.01286980789154768,0.0024140418972820044,0.0,0.008473002351820469,0.0,0.08820823237457062
00005,train,Landsat8,RED,-64.70225022786803,-10.403541485706715,1443191237327,2015-09-25,0.09161000000000002,0.0702790915966034,0.0,-4.5350090658757836e-05,-0.01286980789154768,0.0024140418972820044,0.0,0.008473002351820469,0.0,0.08336659839795563
00005,train,Landsat8,RED,-64.70225022786803,-10.403541485706715,1447338443319,2015-11-12,0.060287499999999994,0.0702790915966034,0.0,-4.5350090658757836e-05,-0.01286980789154768,0.0024140418972820044,0.0,0.008473002351820469,0.0,0.07257035588032912
00005,train,Landsat8,RED,-64.70225022786803,-10.403541485706715,1450103245171,2015-12-14,0.04618,0.0702790915966034,0.0,-4.5350090658757836e-05,-0.01286980789154768,0.0024140418972820044,0.0,0.008473002351820469,0.0,0.08130365099670546
00005,train,Landsat8,RED,-64.70225022786803,-10.403541485706715,1457015230866,2016-03-03,0.031027499999999986,0.0702790915966034,0.0,-4.5350090658757836e-05,-0.01286980789154768,0.0024140418972820044,0.0,0.008473002351820469,0.0,0.04917485190082545
00005,train,Landsat8,RED,-64.70225022786803,-10.403541485706715,1459780015959,2016-04-04,0.0353725,0.0702790915966034,0.0,-4.5350090658757836e-05,-0.01286980789154768,0.0024140418972820044,0.0,0.008473002351820469,0.0,0.056377471955287944
00005,train,Landsat8,RED,-64.70225022786803,-10.403541485706715,1462544813364,2016-05-06,0.09158250000000001,0.0702790915966034,0.0,-4.5350090658757836e-05,-0.01286980789154768,0.0024140418972820044,0.0,0.008473002351820469,0.0,0.067074938861372
00005,train,Landsat8,RED,-64.70225022786803,-10.403541485706715,1463927214080,2016-05-22,0.07087500000000002,0.0702790915966034,0.0,-4.5350090658757836e-05,-0.01286980789154768,0.0024140418972820044,0.0,0.008473002351820469,0.0,0.06666264303641373
00005,train,Landsat8,RED,-64.70225022786803,-10.403541485706715,1465309618585,2016-06-07,0.06039749999999999,0.0702790915966034,0.0,-4.5350090658757836e-05,-0.01286980789154768,0.0024140418972820044,0.0,0.008473002351820469,0.0,0.0640825935944051
00005,train,Landsat8,RED,-64.70225022786803,-10.403541485706715,1466692023968,2016-06-23,0.06449500000000002,0.0702790915966034,0.0,-4.5350090658757836e-05,-0.01286980789154768,0.0024140418972820044,0.0,0.008473002351820469,0.0,0.06309656461073751
00005,train,Landsat8,RED,-64.70225022786803,-10.403541485706715,1468074432444,2016-07-09,0.08143499999999998,0.0702790915966034,0.0,-4.5350090658757836e-05,-0.01286980789154768,0.0024140418972820044,0.0,0.008473002351820469,0.0,0.0664993568075803
00005,train,Landsat8,RED,-64.70225022786803,-10.403541485706715,1469456837478,2016-07-25,0.1084675,0.0702790915966034,0.0,-4.5350090658757836e-05,-0.01286980789154768,0.0024140418972820044,0.0,0.008473002351820469,0.0,0.0741106680643868
00005,train,Landsat8,RED,-64.70225022786803,-10.403541485706715,1472221646628,2016-08-26,0.10525000000000001,0.0702790915966034,0.0,-4.5350090658757836e-05,-0.01286980789154768,0.0024140418972820044,0.0,0.008473002351820469,0.0,0.08815425398200563
00005,train,Landsat8,RED,-64.70225022786803,-10.403541485706715,1474986451323,2016-09-27,0.09342499999999998,0.0702790915966034,0.0,-4.5350090658757836e-05,-0.01286980789154768,0.0024140418972820044,0.0,0.008473002351820469,0.0,0.08242006171422644
00005,train,Landsat8,RED,-64.70225022786803,-10.403541485706715,1495722410216,2017-05-25,0.1696825,0.0702790915966034,0.0,-4.5350090658757836e-05,-0.01286980789154768,0.0024140418972820044,0.0,0.008473002351820469,0.0,0.06632950865118362
00005,train,Landsat8,RED,-64.70225022786803,-10.403541485706715,1498487223209,2017-06-26,0.07423000000000002,0.0702790915966034,0.0,-4.5350090658757836e-05,-0.01286980789154768,0.0024140418972820044,0.0,0.008473002351820469,0.0,0.06330125018914569
00005,train,Landsat8,RED,-64.70225022786803,-10.403541485706715,1499869625884,2017-07-12,0.09447,0.0702790915966034,0.0,-4.5350090658757836e-05,-0.01286980789154768,0.0024140418972820044,0.0,0.008473002351820469,0.0,0.0674742008099179
00005,train,Landsat8,RED,-64.70225022786803,-10.403541485706715,1501252033785,2017-07-28,0.11759750000000002,0.0702790915966034,0.0,-4.5350090658757836e-05,-0.01286980789154768,0.0024140418972820044,0.0,0.008473002351820469,0.0,0.07554094497324369
00005,train,Landsat8,RED,-64.70225022786803,-10.403541485706715,1502634439904,2017-08-13,0.11864249999999998,0.0702790915966034,0.0,-4.5350090658757836e-05,-0.01286980789154768,0.0024140418972820044,0.0,0.008473002351820469,0.0,0.08394570178986699
00005,train,Landsat8,RED,-64.70225022786803,-10.403541485706715,1506781651389,2017-09-30,0.06529249999999998,0.0702790915966034,0.0,-4.5350090658757836e-05,-0.01286980789154768,0.0024140418972820044,0.0,0.008473002351820469,0.0,0.08123696524006187
00005,train,Landsat8,RED,-64.70225022786803,-10.403541485706715,1508164055195,2017-10-16,0.06477,0.0702790915966034,0.0,-4.5350090658757836e-05,-0.01286980789154768,0.0024140418972820044,0.0,0.008473002351820469,0.0,0.07473360988120195
00005,train,Landsat8,RED,-64.70225022786803,-10.403541485706715,1516458437705,2018-01-20,0.07233250000000002,0.0702790915966034,0.0,-4.5350090658757836e-05,-0.01286980789154768,0.0024140418972820044,0.0,0.008473002351820469,0.0,0.07235017705932056
00005,train,Landsat8,RED,-64.70225022786803,-10.403541485706715,1524752790005,2018-04-26,0.03438250000000001,0.0702790915966034,0.0,-4.5350090658757836e-05,-0.01286980789154768,0.0024140418972820044,0.0,0.008473002351820469,0.0,0.06498867124765241
00005,train,Landsat8,RED,-64.70225022786803,-10.403541485706715,1526135180249,2018-05-12,0.047142500000000004,0.0702790915966034,0.0,-4.5350090658757836e-05,-0.01286980789154768,0.0024140418972820044,0.0,0.008473002351820469,0.0,0.06736646425352594
00005,train,Landsat8,RED,-64.70225022786803,-10.403541485706715,1527517567643,2018-05-28,0.03944249999999999,0.0702790915966034,0.0,-4.5350090658757836e-05,-0.01286980789154768,0.0024140418972820044,0.0,0.008473002351820469,0.0,0.06585671617118094
00005,train,Landsat8,RED,-64.70225022786803,-10.403541485706715,1530282380016,2018-06-29,0.0861925,0.0702790915966034,0.0,-4.5350090658757836e-05,-0.01286980789154768,0.0024140418972820044,0.0,0.008473002351820469,0.0,0.06370630284009257
00005,train,Landsat8,RED,-64.70225022786803,-10.403541485706715,1531664787793,2018-07-15,0.10720249999999998,0.0702790915966034,0.0,-4.5350090658757836e-05,-0.01286980789154768,0.0024140418972820044,0.0,0.008473002351820469,0.0,0.06876752228340823
00005,train,Landsat8,RED,-64.70225022786803,-10.403541485706715,1535812010909,2018-09-01,0.07959250000000001,0.0702790915966034,0.0,-4.5350090658757836e-05,-0.01286980789154768,0.0024140418972820044,0.0,0.008473002351820469,0.0,0.08872268583771555
00005,train,Landsat8,RED,-64.70225022786803,-10.403541485706715,1537194415363,2018-09-17,0.066475,0.0702790915966034,0.0,-4.5350090658757836e-05,-0.01286980789154768,0.0024140418972820044,0.0,0.008473002351820469,0.0,0.08630116767372381
00005,train,Landsat8,RED,-64.70225022786803,-10.403541485706715,1541341632930,2018-11-04,0.07071,0.0702790915966034,0.0,-4.5350090658757836e-05,-0.01286980789154768,0.0024140418972820044,0.0,0.008473002351820469,0.0,0.0717080118374203
00006,train,Landsat8,RED,-64.88627048180022,-10.572005311190475,1371306555719,2013-06-15,0.014554999999999985,0.027179332450032234,0.0,0.003137193853035569,0.0,-1.8520363482821267e-06,0.0,0.0,0.0,0.024172358357130535
00006,train,Landsat8,RED,-64.88627048180022,-10.572005311190475,1374071355805,2013-07-17,0.01713999999999999,0.027179332450032234,0.0,0.003137193853035569,0.0,-1.8520363482821267e-06,0.0,0.0,0.0,0.024145970532090378
00006,train,Landsat8,RED,-64.88627048180022,-10.572005311190475,1375453757871,2013-08-02,0.018185000000000007,0.027179332450032234,0.0,0.003137193853035569,0.0,-1.8520363482821267e-06,0.0,0.0,0.0,0.02448029537029817
00006,train,Landsat8,RED,-64.88627048180022,-10.572005311190475,1376836158726,2013-08-18,0.021430000000000005,0.027179332450032234,0.0,0.003137193853035569,0.0,-1.8520363482821267e-06,0.0,0.0,0.0,0.025018274640439958
00006,train,Landsat8,RED,-64.88627048180022,-10.572005311190475,1378218559861,2013-09-03,0.02604999999999999,0.027179332450032234,0.0,0.003137193853035569,0.0,-1.8520363482821267e-06,0.0,0.0,0.0,0.025719137826745467
00006,train,Landsat8,RED,-64.88627048180022,-10.572005311190475,1379600953981,2013-09-19,0.026269999999999988,0.027179332450032234,0.0,0.003137193853035569,0.0,-1.8520363482821267e-06,0.0,0.0,0.0,0.026529838030243825
00006,train,Landsat8,RED,-64.88627048180022,-10.572005311190475,1382365745849,2013-10-21,0.022639999999999993,0.027179332450032234,0.0,0.003137193853035569,0.0,-1.8520363482821267e-06,0.0,0.0,0.0,0.02823219447084751
00006,train,Landsat8,RED,-64.88627048180022,-10.572005311190475,1403101620341,2014-06-18,0.013812500000000005,0.027179332450032234,0.0,0.003137193853035569,0.0,-1.8520363482821267e-06,0.0,0.0,0.0,0.024129848172534274
00006,train,Landsat8,RED,-64.88627048180022,-10.572005311190475,1405866430046,2014-07-20,0.043265,0.027179332450032234,0.0,0.003137193853035569,0.0,-1.8520363482821267e-06,0.0,0.0,0.0,0.024191722990959202
00006,train,Landsat8,RED,-64.88627048180022,-10.572005311190475,1407248838225,2014-08-05,0.02010999999999999,0.027179332450032234,0.0,0.003137193853035569,0.0,-1.8520363482821267e-06,0.0,0.0,0.0,0.024566646663885486
00006,train,Landsat8,RED,-64.88627048180022,-10.572005311190475,1408631242184,2014-08-21,0.05187249999999999,0.027179332450032234,0.0,0.003137193853035569,0.0,-1.8520363482821267e-06,0.0,0.0,0.0,0.02513867755006724
00006,train,Landsat8,RED,-64.88627048180022,-10.572005311190475,1410013645475,2014-09-06,0.024455000000000005,0.027179332450032234,0.0,0.003137193853035569,0.0,-1.8520363482821267e-06,0.0,0.0,0.0,0.02586447441421507
00006,train,Landsat8,RED,-64.88627048180022,-10.572005311190475,1411396043213,2014-09-22,0.02390500000000001,0.027179332450032234,0.0,0.003137193853035569,0.0,-1.8520363482821267e-06,0.0,0.0,0.0,0.026689120152805904
00006,train,Landsat8,RED,-64.88627048180022,-10.572005311190475,1412778449385,2014-10-08,0.0264075,0.027179332450032234,0.0,0.003137193853035569,0.0,-1.8520363482821267e-06,0.0,0.0,0.0,0.027550335940066673
00006,train,Landsat8,RED,-64.88627048180022,-10.572005311190475,1419690441987,2014-12-27,0.022007499999999985,0.027179332450032234,0.0,0.003137193853035569,0.0,-1.8520363482821267e-06,0.0,0.0,0.0,0.030305710333478158
00006,train,Landsat8,RED,-64.88627048180022,-10.572005311190475,1422455234791,2015-01-28,0.048242499999999994,0.027179332450032234,0.0,0.003137193853035569,0.0,-1.8520363482821267e-06,0.0,0.0,0.0,0.029967922715789796
00006,train,Landsat8,RED,-64.88627048180022,-10.572005311190475,1425220023523,2015-03-01,0.028854999999999992,0.027179332450032234,0.0,0.003137193853035569,0.0,-1.8520363482821267e-06,0.0,0.0,0.0,0.028806012485984963
00006,train,Landsat8,RED,-64.88627048180022,-10.572005311190475,1427984800373,2015-04-02,0.019697500000000007,0.027179332450032234,0.0,0.003137193853035569,0.0,-1.8520363482821267e-06,0.0,0.0,0.0,0.027162182720058294
00006,train,Landsat8,RED,-64.88627048180022,-10.572005311190475,1432131980278,2015-05-20,0.014692499999999997,0.027179332450032234,0.0,0.003137193853035569,0.0,-1.8520363482821267e-06,0.0,0.0,0.0,0.024859188143262687
00006,train,Landsat8,RED,-64.88627048180022,-10.572005311190475,1433514388572,2015-06-05,0.016589999999999994,0.027179332450032234,0.0,0.003137193853035569,0.0,-1.8520363482821267e-06,0.0,0.0,0.0,0.024371365550537594
00006,train,Landsat8,RED,-64.88627048180022,-10.572005311190475,1434896796488,2015-06-21,0.015902499999999986,0.027179332450032234,0.0,0.003137193853035569,0.0,-1.8520363482821267e-06,0.0,0.0,0.0,0.02409546060110897
00006,train,Landsat8,RED,-64.88627048180022,-10.572005311190475,1437661613141,2015-07-23,0.019697500000000007,0.027179332450032234,0.0,0.003137193853035569,0.0,-1.8520363482821267e-06,0.0,0.0,0.0,0.02424547024905988
00006,train,Landsat8,RED,-64.88627048180022,-10.572005311190475,1439044016101,2015-08-08,0.02313499999999999,0.027179332450032234,0.0,0.003137193853035569,0.0,-1.8520363482821267e-06,0.0,0.0,0.0,0.02466000005703966
00006,train,Landsat8,RED,-64.88627048180022,-10.572005311190475,1440426424196,2015-08-24,0.028304999999999997,0.027179332450032234,0.0,0.003137193853035569,0.0,-1.8520363482821267e-06,0.0,0.0,0.0,0.02526456326646144
00006,train,Landsat8,RED,-64.88627048180022,-10.572005311190475,1441808830373,2015-09-09,0.0235475,0.027179332450032234,0.0,0.003137193853035569,0.0,-1.8520363482821267e-06,0.0,0.0,0.0,0.02601336176519786
00006,train,Landsat8,RED,-64.88627048180022,-10.572005311190475,1443191237327,2015-09-25,0.029707499999999998,0.027179332450032234,0.0,0.003137193853035569,0.0,-1.8520363482821267e-06,0.0,0.0,0.0,0.026849759397675525
00006,train,Landsat8,RED,-64.88627048180022,-10.572005311190475,1447338443319,2015-11-12,0.026077500000000003,0.027179332450032234,0.0,0.003137193853035569,0.0,-1.8520363482821267e-06,0.0,0.0,0.0,0.029249262811324322
00006,train,Landsat8,RED,-64.88627048180022,-10.572005311190475,1450103245171,2015-12-14,0.02099000000000001,0.027179332450032234,0.0,0.003137193853035569,0.0,-1.8520363482821267e-06,0.0,0.0,0.0,0.03017535436116342
00006,train,Landsat8,RED,-64.88627048180022,-10.572005311190475,1461162410083,2016-04-20,0.024152499999999993,0.027179332450032234,0.0,0.003137193853035569,0.0,-1.8520363482821267e-06,0.0,0.0,0.0,0.026170369707929665
00006,train,Landsat8,RED,-64.88627048180022,-10.572005311190475,1462544813364,2016-05-06,0.02495,0.027179332450032234,0.0,0.003137193853035569,0.0,-1.8520363482821267e-06,0.0,0.0,0.0,0.025401869923752353
00006,train,Landsat8,RED,-64.88627048180022,-10.572005311190475,1465309618585,2016-06-07,0.023464999999999986,0.027179332450032234,0.0,0.003137193853035569,0.0,-1.8520363482821267e-06,0.0,0.0,0.0,0.024312078552664713
00006,train,Landsat8,RED,-64.88627048180022,-10.572005311190475,1466692023968,2016-06-23,0.01551749999999999,0.027179332450032234,0.0,0.003137193853035569,0.0,-1.8520363482821267e-06,0.0,0.0,0.0,0.02407290885556735
00006,train,Landsat8,RED,-64.88627048180022,-10.572005311190475,1468074432444,2016-07-09,0.018982499999999985,0.027179332450032234,0.0,0.003137193853035569,0.0,-1.8520363482821267e-06,0.0,0.0,0.0,0.024067028654365573
00006,train,Landsat8,RED,-64.88627048180022,-10.572005311190475,1469456837478,2016-07-25,0.023052500000000004,0.027179332450032234,0.0,0.003137193853035569,0.0,-1.8520363482821267e-06,0.0,0.0,0.0,0.02429488179061092
00006,train,Landsat8,RED,-64.88627048180022,-10.572005311190475,1472221646628,2016-08-26,0.025279999999999997,0.027179332450032234,0.0,0.003137193853035569,0.0,-1.8520363482821267e-06,0.0,0.0,0.0,0.02536668807391522
00006,train,Landsat8,RED,-64.88627048180022,-10.572005311190475,1473604050990,2016-09-11,0.025142499999999984,0.027179332450032234,0.0,0.003137193853035569,0.0,-1.8520363482821267e-06,0.0,0.0,0.0,0.026129869275777432
00006,train,Landsat8,RED,-64.88627048180022,-10.572005311190475,1474986451323,2016-09-27,0.026709999999999984,0.027179332450032234,0.0,0.003137193853035569,0.0,-1.8520363482821267e-06,0.0,0.0,0.0,0.026971414920337073
00006,train,Landsat8,RED,-64.88627048180022,-10.572005311190475,1476368856821,2016-10-13,0.022832500000000006,0.027179332450032234,0.0,0.003137193853035569,0.0,-1.8520363482821267e-06,0.0,0.0,0.0,0.02782814944345552
00006,train,Landsat8,RED,-64.88627048180022,-10.572005311190475,1479133657547,2016-11-14,0.02682000000000001,0.027179332450032234,0.0,0.003137193853035569,0.0,-1.8520363482821267e-06,0.0,0.0,0.0,0.029334149227808644
00006,train,Landsat8,RED,-64.88627048180022,-10.572005311190475,1487428032820,2017-02-18,0.017414999999999986,0.027179332450032234,0.0,0.003137193853035569,0.0,-1.8520363482821267e-06,0.0,0.0,0.0,0.02928129902655419
00006,train,Landsat8,RED,-64.88627048180022,-10.572005311190475,1495722410216,2017-05-25,0.016259999999999997,0.027179332450032234,0.0,0.003137193853035569,0.0,-1.8520363482821267e-06,0.0,0.0,0.0,0.024685910672439734
00006,train,Landsat8,RED,-64.88627048180022,-10.572005311190475,1498487223209,2017-06-26,0.017992499999999995,0.027179332450032234,0.0,0.003137193853035569,0.0,-1.8520363482821267e-06,0.0,0.0,0.0,0.024056479538964205
00006,train,Landsat8,RED,-64.88627048180022,-10.572005311190475,1499869625884,2017-07-12,0.01686499999999999,0.027179332450032234,0.0,0.003137193853035569,0.0,-1.8520363482821267e-06,0.0,0.0,0.0,0.024087714672225112
00006,train,Landsat8,RED,-64.88627048180022,-10.572005311190475,1501252033785,2017-07-28,0.021320000000000006,0.027179332450032234,0.0,0.003137193853035569,0.0,-1.8520363482821267e-06,0.0,0.0,0.0,0.024352387671566566
00006,train,Landsat8,RED,-64.88627048180022,-10.572005311190475,1504016843501,2017-08-29,0.029982499999999995,0.027179332450032234,0.0,0.003137193853035569,0.0,-1.8520363482821267e-06,0.0,0.0,0.0,0.025485561666564273
00006,train,Landsat8,RED,-64.88627048180022,-10.572005311190475,1506781651389,2017-09-30,0.02907499999999999,0.027179332450032234,0.0,0.003137193853035569,0.0,-1.8520363482821267e-06,0.0,0.0,0.0,0.02711921425038321
00006,train,Landsat8,RED,-64.88627048180022,-10.572005311190475,1508164055195,2017-10-16,0.02495,0.027179332450032234,0.0,0.003137193853035569,0.0,-1.8520363482821267e-06,0.0,0.0,0.0,0.027974335789723245
00006,train,Landsat8,RED,-64.88627048180022,-10.572005311190475,1524752790005,2018-04-26,0.066475,0.027179332450032234,0.0,0.003137193853035569,0.0,-1.8520363482821267e-06,0.0,0.0,0.0,0.025903651295612715
00006,train,Landsat8,RED,-64.88627048180022,-10.572005311190475,1526135180249,2018-05-12,0.026792499999999997,0.027179332450032234,0.0,0.003137193853035569,0.0,-1.8520363482821267e-06,0.0,0.0,0.0,0.025171566448130133
00006,train,Landsat8,RED,-64.88627048180022,-10.572005311190475,1527517567643,2018-05-28,0.017249999999999988,0.027179332450032234,0.0,0.003137193853035569,0.0,-1.8520363482821267e-06,0.0,0.0,0.0,0.024590755984370233
00006,train,Landsat8,RED,-64.88627048180022,-10.572005311190475,1530282380016,2018-06-29,0.015270000000000006,0.027179332450032234,0.0,0.003137193853035569,0.0,-1.8520363482821267e-06,0.0,0.0,0.0,0.024044199778572337
00006,train,Landsat8,RED,-64.88627048180022,-10.572005311190475,1531664787793,2018-07-15,0.0203575,0.027179332450032234,0.0,0.003137193853035569,0.0,-1.8520363482821267e-06,0.0,0.0,0.0,0.024119922918130938
00006,train,Landsat8,RED,-64.88627048180022,-10.572005311190475,1535812010909,2018-09-01,0.022832500000000006,0.027179332450032234,0.0,0.003137193853035569,0.0,-1.8520363482821267e-06,0.0,0.0,0.0,0.025624257299834256
00006,train,Landsat8,RED,-64.88627048180022,-10.572005311190475,1537194415363,2018-09-17,0.019724999999999993,0.027179332450032234,0.0,0.003137193853035569,0.0,-1.8520363482821267e-06,0.0,0.0,0.0,0.026424448702487953
00007,train,Landsat8,RED,-64.28898284125457,-10.381599204373423,1372083782511,2013-06-24,0.025142499999999984,0.02631746046245098,0.0,0.0,0.0,0.0,0.0,0.0,0.0,0.02631746046245098
00007,train,Landsat8,RED,-64.28898284125457,-10.381599204373423,1373466186063,2013-07-10,0.014609999999999984,0.02631746046245098,0.0,0.0,0.0,0.0,0.0,0.0,0.0,0.02631746046245098
00007,train,Landsat8,RED,-64.28898284125457,-10.381599204373423,1374848585541,2013-07-26,0.016204999999999997,0.02631746046245098,0.0,0.0,0.0,0.0,0.0,0.0,0.0,0.02631746046245098
00007,train,Landsat8,RED,-64.28898284125457,-10.381599204373423,1376230987226,2013-08-11,0.019202499999999983,0.02631746046245098,0.0,0.0,0.0,0.0,0.0,0.0,0.0,0.02631746046245098
00007,train,Landsat8,RED,-64.28898284125457,-10.381599204373423,1377613389619,2013-08-27,0.022117499999999984,0.02631746046245098,0.0,0.0,0.0,0.0,0.0,0.0,0.0,0.02631746046245098
00007,train,Landsat8,RED,-64.28898284125457,-10.381599204373423,1378995786459,2013-09-12,0.10783500000000001,0.02631746046245098,0.0,0.0,0.0,0.0,0.0,0.0,0.0,0.02631746046245098
00007,train,Landsat8,RED,-64.28898284125457,-10.381599204373423,1380378178872,2013-09-28,0.028085,0.02631746046245098,0.0,0.0,0.0,0.0,0.0,0.0,0.0,0.02631746046245098
00007,train,Landsat8,RED,-64.28898284125457,-10.381599204373423,1402496448271,2014-06-11,0.014637499999999998,0.02631746046245098,0.0,0.0,0.0,0.0,0.0,0.0,0.0,0.02631746046245098
00007,train,Landsat8,RED,-64.28898284125457,-10.381599204373423,1403878849774,2014-06-27,0.016149999999999998,0.02631746046245098,0.0,0.0,0.0,0.0,0.0,0.0,0.0,0.02631746046245098
00007,train,Landsat8,RED,-64.28898284125457,-10.381599204373423,1405261258705,2014-07-13,0.015655000000000002,0.02631746046245098,0.0,0.0,0.0,0.0,0.0,0.0,0.0,0.02631746046245098
00007,train,Landsat8,RED,-64.28898284125457,-10.381599204373423,1406643663023,2014-07-29,0.01713999999999999,0.02631746046245098,0.0,0.0,0.0,0.0,0.0,0.0,0.0,0.02631746046245098
00007,train,Landsat8,RED,-64.28898284125457,-10.381599204373423,1408026070355,2014-08-14,0.022007499999999985,0.02631746046245098,0.0,0.0,0.0,0.0,0.0,0.0,0.0,0.02631746046245098
00007,train,Landsat8,RED,-64.28898284125457,-10.381599204373423,1409408471887,2014-08-30,0.023684999999999984,0.02631746046245098,0.0,0.0,0.0,0.0,0.0,0.0,0.0,0.02631746046245098
00007,train,Landsat8,RED,-64.28898284125457,-10.381599204373423,1412173276458,2014-10-01,0.02781,0.02631746046245098,0.0,0.0,0.0,0.0,0.0,0.0,0.0,0.02631746046245098
00007,train,Landsat8,RED,-64.28898284125457,-10.381599204373423,1413555680889,2014-10-17,0.031494999999999995,0.02631746046245098,0.0,0.0,0.0,0.0,0.0,0.0,0.0,0.02631746046245098
00007,train,Landsat8,RED,-64.28898284125457,-10.381599204373423,1419085274286,2014-12-20,0.019119999999999998,0.02631746046245098,0.0,0.0,0.0,0.0,0.0,0.0,0.0,0.02631746046245098
00007,train,Landsat8,RED,-64.28898284125457,-10.381599204373423,1425997245260,2015-03-10,0.022804999999999992,0.02631746046245098,0.0,0.0,0.0,0.0,0.0,0.0,0.0,0.02631746046245098
00007,train,Landsat8,RED,-64.28898284125457,-10.381599204373423,1434291623616,2015-06-14,0.01562749999999999,0.02631746046245098,0.0,0.0,0.0,0.0,0.0,0.0,0.0,0.02631746046245098
00007,train,Landsat8,RED,-64.28898284125457,-10.381599204373423,1435674030515,2015-06-30,0.01686499999999999,0.02631746046245098,0.0,0.0,0.0,0.0,0.0,0.0,0.0,0.02631746046245098
00007,train,Landsat8,RED,-64.28898284125457,-10.381599204373423,1437056440104,2015-07-16,0.018872499999999987,0.02631746046245098,0.0,0.0,0.0,0.0,0.0,0.0,0.0,0.02631746046245098
00007,train,Landsat8,RED,-64.28898284125457,-10.381599204373423,1438438843901,2015-08-01,0.021650000000000003,0.02631746046245098,0.0,0.0,0.0,0.0,0.0,0.0,0.0,0.02631746046245098
00007,train,Landsat8,RED,-64.28898284125457,-10.381599204373423,1441203655474,2015-09-02,0.026709999999999984,0.02631746046245098,0.0,0.0,0.0,0.0,0.0,0.0,0.0,0.02631746046245098
00007,train,Landsat8,RED,-64.28898284125457,-10.381599204373423,1442586064130,2015-09-18,0.02901999999999999,0.02631746046245098,0.0,0.0,0.0,0.0,0.0,0.0,0.0,0.02631746046245098
00007,train,Landsat8,RED,-64.28898284125457,-10.381599204373423,1443968467861,2015-10-04,0.02918499999999999,0.02631746046245098,0.0,0.0,0.0,0.0,0.0,0.0,0.0,0.02631746046245098
00007,train,Landsat8,RED,-64.28898284125457,-10.381599204373423,1445350869778,2015-10-20,0.031549999999999995,0.02631746046245098,0.0,0.0,0.0,0.0,0.0,0.0,0.0,0.02631746046245098
00007,train,Landsat8,RED,-64.28898284125457,-10.381599204373423,1446733273653,2015-11-05,0.03735250000000001,0.02631746046245098,0.0,0.0,0.0,0.0,0.0,0.0,0.0,0.02631746046245098
00007,train,Landsat8,RED,-64.28898284125457,-10.381599204373423,1455027666353,2016-02-09,0.021265000000000006,0.02631746046245098,0.0,0.0,0.0,0.0,0.0,0.0,0.0,0.02631746046245098
00007,train,Landsat8,RED,-64.28898284125457,-10.381599204373423,1457792457696,2016-03-12,0.020962499999999995,0.02631746046245098,0.0,0.0,0.0,0.0,0.0,0.0,0.0,0.02631746046245098
00007,train,Landsat8,RED,-64.28898284125457,-10.381599204373423,1461939641701,2016-04-29,0.024730000000000002,0.02631746046245098,0.0,0.0,0.0,0.0,0.0,0.0,0.0,0.02631746046245098
00007,train,Landsat8,RED,-64.28898284125457,-10.381599204373423,1466086848499,2016-06-16,0.026902499999999996,0.02631746046245098,0.0,0.0,0.0,0.0,0.0,0.0,0.0,0.02631746046245098
00007,train,Landsat8,RED,-64.28898284125457,-10.381599204373423,1467469258263,2016-07-02,0.06661250000000002,0.02631746046245098,0.0,0.0,0.0,0.0,0.0,0.0,0.0,0.02631746046245098
00007,train,Landsat8,RED,-64.28898284125457,-10.381599204373423,1468851664930,2016-07-18,0.0740925,0.02631746046245098,0.0,0.0,0.0,0.0,0.0,0.0,0.0,0.02631746046245098
00007,train,Landsat8,RED,-64.28898284125457,-10.381599204373423,1470234068097,2016-08-03,0.08041749999999998,0.02631746046245098,0.0,0.0,0.0,0.0,0.0,0.0,0.0,0.02631746046245098
00007,train,Landsat8,RED,-64.28898284125457,-10.381599204373423,1482675680843,2016-12-25,0.09251749999999997,0.02631746046245098,0.0,0.0,0.0,0.0,0.0,0.0,0.0,0.02631746046245098
00007,train,Landsat8,RED,-64.28898284125457,-10.381599204373423,1485440471964,2017-01-26,0.09540500000000002,0.06594455242156982,0.0,0.02331007458269596,-0.014941266737878323,0.0,0.005244703032076359,0.0,0.0,0.08470169580238793
00007,train,Landsat8,RED,-64.28898284125457,-10.381599204373423,1492352433206,2017-04-16,0.039002499999999996,0.06594455242156982,0.0,0.02331007458269596,-0.014941266737878323,0.0,0.005244703032076359,0.0,0.0,0.04327123180201553
00007,train,Landsat8,RED,-64.28898284125457,-10.381599204373423,1493734822810,2017-05-02,0.031439999999999996,0.06594455242156982,0.0,0.02331007458269596,-0.014941266737878323,0.0,0.005244703032076359,0.0,0.0,0.03682937261287006
00007,train,Landsat8,RED,-64.28898284125457,-10.381599204373423,1497882050455,2017-06-19,0.029349999999999987,0.06594455242156982,0.0,0.02331007458269596,-0.014941266737878323,0.0,0.005244703032076359,0.0,0.0,0.03766194688441506
00007,train,Landsat8,RED,-64.28898284125457,-10.381599204373423,1499264454168,2017-07-05,0.03443750000000001,0.06594455242156982,0.0,0.02331007458269596,-0.014941266737878323,0.0,0.005244703032076359,0.0,0.0,0.04402231916779783
00007,train,Landsat8,RED,-64.28898284125457,-10.381599204373423,1500646859570,2017-07-21,0.04543749999999999,0.06594455242156982,0.0,0.02331007458269596,-0.014941266737878323,0.0,0.005244703032076359,0.0,0.0,0.05191215993721668
00007,train,Landsat8,RED,-64.28898284125457,-10.381599204373423,1502029266718,2017-08-06,0.06540249999999997,0.06594455242156982,0.0,0.02331007458269596,-0.014941266737878323,0.0,0.005244703032076359,0.0,0.0,0.060153153189325126
00007,train,Landsat8,RED,-64.28898284125457,-10.381599204373423,1503411671491,2017-08-22,0.08162750000000002,0.06594455242156982,0.0,0.02331007458269596,-0.014941266737878323,0.0,0.005244703032076359,0.0,0.0,0.06774954347065831
00007,train,Landsat8,RED,-64.28898284125457,-10.381599204373423,1504794073402,2017-09-07,0.04629,0.06594455242156982,0.0,0.02331007458269596,-0.014941266737878323,0.0,0.005244703032076359,0.0,0.0,0.07407405246590393
00007,train,Landsat8,RED,-64.28898284125457,-10.381599204373423,1507558883170,2017-10-09,0.0353725,0.06594455242156982,0.0,0.02331007458269596,-0.014941266737878323,0.0,0.005244703032076359,0.0,0.0,0.08248935716857903
00007,train,Landsat8,RED,-64.28898284125457,-10.381599204373423,1521382839291,2018-03-18,0.030312499999999992,0.06594455242156982,0.0,0.02331007458269596,-0.014941266737878323,0.0,0.005244703032076359,0.0,0.0,0.05982828923672634
00007,train,Landsat8,RED,-64.28898284125457,-10.381599204373423,1522765232331,2018-04-03,0.043017499999999986,0.06594455242156982,0.0,0.02331007458269596,-0.014941266737878323,0.0,0.005244703032076359,0.0,0.0,0.05022336779061496
00007,train,Landsat8,RED,-64.28898284125457,-10.381599204373423,1524147622639,2018-04-19,0.03908500000000001,0.06594455242156982,0.0,0.02331007458269596,-0.014941266737878323,0.0,0.005244703032076359,0.0,0.0,0.041857166969286375
00007,train,Landsat8,RED,-64.28898284125457,-10.381599204373423,1525530014053,2018-05-05,0.03484999999999999,0.06594455242156982,0.0,0.02331007458269596,-0.014941266737878323,0.0,0.005244703032076359,0.0,0.0,0.03595692538449363
00007,train,Landsat8,RED,-64.28898284125457,-10.381599204373423,1526912402666,2018-05-21,0.02918499999999999,0.06594455242156982,0.0,0.02331007458269596,-0.014941266737878323,0.0,0.005244703032076359,0.0,0.0,0.03337166302987865
00007,train,Landsat8,RED,-64.28898284125457,-10.381599204373423,1531059613822,2018-07-08,0.03787499999999999,0.06594455242156982,0.0,0.02331007458269596,-0.014941266737878323,0.0,0.005244703032076359,0.0,0.0,0.045421060400891264
00007,train,Landsat8,RED,-64.28898284125457,-10.381599204373423,1532442020324,2018-07-24,0.04805000000000001,0.06594455242156982,0.0,0.02331007458269596,-0.014941266737878323,0.0,0.005244703032076359,0.0,0.0,0.05346427455732897
00007,train,Landsat8,RED,-64.28898284125457,-10.381599204373423,1533824429568,2018-08-09,0.042550000000000004,0.06594455242156982,0.0,0.02331007458269596,-0.014941266737878323,0.0,0.005244703032076359,0.0,0.0,0.0616510653531947
00007,train,Landsat8,RED,-64.28898284125457,-10.381599204373423,1536589242907,2018-09-10,0.0431,0.06594455242156982,0.0,0.02331007458269596,-0.014941266737878323,0.0,0.005244703032076359,0.0,0.0,0.0750955374109114
00007,train,Landsat8,RED,-64.28898284125457,-10.381599204373423,1537971648574,2018-09-26,0.0385075,0.06594455242156982,0.0,0.02331007458269596,-0.014941266737878323,0.0,0.005244703032076359,0.0,0.0,0.07968784891384685
00007,train,Landsat8,RED,-64.28898284125457,-10.381599204373423,1540736460884,2018-10-28,0.036995,0.06594455242156982,0.0,0.02331007458269596,-0.014941266737878323,0.0,0.005244703032076359,0.0,0.0,0.0855255721070165
00008,train,Landsat8,RED,-64.70063128901249,-10.357442950509624,1369924160836,2013-05-30,0.0262975,0.04358804225921631,0.0010911999270319939,0.0,-0.000716329668648541,0.0,0.007540542632341385,0.0,0.0,0.036124384001276
00008,train,Landsat8,RED,-64.70063128901249,-10.357442950509624,1371306555719,2013-06-15,0.02792,0.04358804225921631,0.0010911999270319939,0.0,-0.000716329668648541,0.0,0.007540542632341385,0.0,0.0,0.03903587961435392
00008,train,Landsat8,RED,-64.70063128901249,-10.357442950509624,1375453757871,2013-08-02,0.050360000000000016,0.04358804225921631,0.0010911999270319939,0.0,-0.000716329668648541,0.0,0.007540542632341385,0.0,0.0,0.050511088605822325
00008,train,Landsat8,RED,-64.70063128901249,-10.357442950509624,1376836158726,2013-08-18,0.08190249999999999,0.04358804225921631,0.0010911999270319939,0.0,-0.000716329668648541,0.0,0.007540542632341385,0.0,0.0,0.0516258112707809
00008,train,Landsat8,RED,-64.70063128901249,-10.357442950509624,1378218559861,2013-09-03,0.08278249999999998,0.04358804225921631,0.0010911999270319939,0.0,-0.000716329668648541,0.0,0.007540542632341385,0.0,0.0,0.05047344713677624
00008,train,Landsat8,RED,-64.70063128901249,-10.357442950509624,1379600953981,2013-09-19,0.06542999999999999,0.04358804225921631,0.0010911999270319939,0.0,-0.000716329668648541,0.0,0.007540542632341385,0.0,0.0,0.04743435616664962
00008,train,Landsat8,RED,-64.70063128901249,-10.357442950509624,1382365745849,2013-10-21,0.03394249999999999,0.04358804225921631,0.0010911999270319939,0.0,-0.000716329668648541,0.0,0.007540542632341385,0.0,0.0,0.03968001825488148
00008,train,Landsat8,RED,-64.70063128901249,-10.357442950509624,1403101620341,2014-06-18,0.026764999999999983,0.04358804225921631,0.0010911999270319939,0.0,-0.000716329668648541,0.0,0.007540542632341385,0.0,0.0,0.0408429721827883
00008,train,Landsat8,RED,-64.70063128901249,-10.357442950509624,1404484025941,2014-07-04,0.034684999999999994,0.04358804225921631,0.0010911999270319939,0.0,-0.000716329668648541,0.0,0.007540542632341385,0.0,0.0,0.04510363058840436
00008,train,Landsat8,RED,-64.70063128901249,-10.357442950509624,1407248838225,2014-08-05,0.04805000000000001,0.04358804225921631,0.0010911999270319939,0.0,-0.000716329668648541,0.0,0.007540542632341385,0.0,0.0,0.051979797117079854
00008,train,Landsat8,RED,-64.70063128901249,-10.357442950509624,1408631242184,2014-08-21,0.0679325,0.04358804225921631,0.0010911999270319939,0.0,-0.000716329668648541,0.0,0.007540542632341385,0.0,0.0,0.05267106425873738
00008,train,Landsat8,RED,-64.70063128901249,-10.357442950509624,1411396043213,2014-09-22,0.03539999999999999,0.04358804225921631,0.0010911999270319939,0.0,-0.000716329668648541,0.0,0.007540542632341385,0.0,0.0,0.047814899938837724
00008,train,Landsat8,RED,-64.70063128901249,-10.357442950509624,1412778449385,2014-10-08,0.030257499999999993,0.04358804225921631,0.0010911999270319939,0.0,-0.000716329668648541,0.0,0.007540542632341385,0.0,0.0,0.043768363801091816
00008,train,Landsat8,RED,-64.70063128901249,-10.357442950509624,1419690441987,2014-12-27,0.0264625,0.04358804225921631,0.0010911999270319939,0.0,-0.000716329668648541,0.0,0.007540542632341385,0.0,0.0,0.04397546623578191
00008,train,Landsat8,RED,-64.70063128901249,-10.357442950509624,1425220023523,2015-03-01,0.037957500000000005,0.04358804225921631,0.0010911999270319939,0.0,-0.000716329668648541,0.0,0.007540542632341385,0.0,0.0,0.051321592961687486
00008,train,Landsat8,RED,-64.70063128901249,-10.357442950509624,1427984800373,2015-04-02,0.042330000000000007,0.04358804225921631,0.0010911999270319939,0.0,-0.000716329668648541,0.0,0.007540542632341385,0.0,0.0,0.044537999111003285
00008,train,Landsat8,RED,-64.70063128901249,-10.357442950509624,1432131980278,2015-05-20,0.05096499999999998,0.04358804225921631,0.0010911999270319939,0.0,-0.000716329668648541,0.0,0.007540542632341385,0.0,0.0,0.03749957759089801
00008,train,Landsat8,RED,-64.70063128901249,-10.357442950509624,1433514388572,2015-06-05,0.05275249999999998,0.04358804225921631,0.0010911999270319939,0.0,-0.000716329668648541,0.0,0.007540542632341385,0.0,0.0,0.039190115694446914
00008,train,Landsat8,RED,-64.70063128901249,-10.357442950509624,1434896796488,2015-06-21,0.05442999999999998,0.04358804225921631,0.0010911999270319939,0.0,-0.000716329668648541,0.0,0.007540542632341385,0.0,0.0,0.042687810469894734
00008,train,Landsat8,RED,-64.70063128901249,-10.357442950509624,1437661613141,2015-07-23,0.07079249999999998,0.04358804225921631,0.0010911999270319939,0.0,-0.000716329668648541,0.0,0.007540542632341385,0.0,0.0,0.05094396525065952
00008,train,Landsat8,RED,-64.70063128901249,-10.357442950509624,1440426424196,2015-08-24,0.08366249999999997,0.04358804225921631,0.0010911999270319939,0.0,-0.000716329668648541,0.0,0.007540542632341385,0.0,0.0,0.053635589521203106
00008,train,Landsat8,RED,-64.70063128901249,-10.357442950509624,1441808830373,2015-09-09,0.0782175,0.04358804225921631,0.0010911999270319939,0.0,-0.000716329668648541,0.0,0.007540542632341385,0.0,0.0,0.05169744924260465
00008,train,Landsat8,RED,-64.70063128901249,-10.357442950509624,1443191237327,2015-09-25,0.06961,0.04358804225921631,0.0010911999270319939,0.0,-0.000716329668648541,0.0,0.007540542632341385,0.0,0.0,0.04816824506491948
00008,train,Landsat8,RED,-64.70063128901249,-10.357442950509624,1444573638255,2015-10-11,0.07917999999999997,0.04358804225921631,0.0010911999270319939,0.0,-0.000716329668648541,0.0,0.007540542632341385,0.0,0.0,0.044116704964978604
00008,train,Landsat8,RED,-64.70063128901249,-10.357442950509624,1447338443319,2015-11-12,0.055255,0.04358804225921631,0.0010911999270319939,0.0,-0.000716329668648541,0.0,0.007540542632341385,0.0,0.0,0.03907657051108457
00008,train,Landsat8,RED,-64.70063128901249,-10.357442950509624,1457015230866,2016-03-03,0.0398,0.04358804225921631,0.0010911999270319939,0.0,-0.000716329668648541,0.0,0.007540542632341385,0.0,0.0,0.052032757001047494
00008,train,Landsat8,RED,-64.70063128901249,-10.357442950509624,1462544813364,2016-05-06,0.036335000000000006,0.04358804225921631,0.0010911999270319939,0.0,-0.000716329668648541,0.0,0.007540542632341385,0.0,0.0,0.03890812668364224
00008,train,Landsat8,RED,-64.70063128901249,-10.357442950509624,1463927214080,2016-05-22,0.037105,0.04358804225921631,0.0010911999270319939,0.0,-0.000716329668648541,0.0,0.007540542632341385,0.0,0.0,0.038716675470800654
00008,train,Landsat8,RED,-64.70063128901249,-10.357442950509624,1465309618585,2016-06-07,0.040404999999999996,0.04358804225921631,0.0010911999270319939,0.0,-0.000716329668648541,0.0,0.007540542632341385,0.0,0.0,0.04074117212079548
00008,train,Landsat8,RED,-64.70063128901249,-10.357442950509624,1466692023968,2016-06-23,0.03674749999999999,0.04358804225921631,0.0010911999270319939,0.0,-0.000716329668648541,0.0,0.007540542632341385,0.0,0.0,0.0444364321144095
00008,train,Landsat8,RED,-64.70063128901249,-10.357442950509624,1469456837478,2016-07-25,0.07200250000000002,0.04358804225921631,0.0010911999270319939,0.0,-0.000716329668648541,0.0,0.007540542632341385,0.0,0.0,0.052524729588613754
00008,train,Landsat8,RED,-64.70063128901249,-10.357442950509624,1472221646628,2016-08-26,0.06650250000000002,0.04358804225921631,0.0010911999270319939,0.0,-0.000716329668648541,0.0,0.007540542632341385,0.0,0.0,0.054572196090550786
00008,train,Landsat8,RED,-64.70063128901249,-10.357442950509624,1474986451323,2016-09-27,0.04810500000000001,0.04358804225921631,0.0010911999270319939,0.0,-0.000716329668648541,0.0,0.007540542632341385,0.0,0.0,0.04869059699204844
00008,train,Landsat8,RED,-64.70063128901249,-10.357442950509624,1495722410216,2017-05-25,0.03484999999999999,0.04358804225921631,0.0010911999270319939,0.0,-0.000716329668648541,0.0,0.007540542632341385,0.0,0.0,0.039976276644971206
00008,train,Landsat8,RED,-64.70063128901249,-10.357442950509624,1498487223209,2017-06-26,0.044639999999999985,0.04358804225921631,0.0010911999270319939,0.0,-0.000716329668648541,0.0,0.007540542632341385,0.0,0.0,0.04618896569718131
00008,train,Landsat8,RED,-64.70063128901249,-10.357442950509624,1499869625884,2017-07-12,0.06301000000000001,0.04358804225921631,0.0010911999270319939,0.0,-0.000716329668648541,0.0,0.007540542632341385,0.0,0.0,0.050524026142970024
00008,train,Landsat8,RED,-64.70063128901249,-10.357442950509624,1501252033785,2017-07-28,0.08951999999999999,0.04358804225921631,0.0010911999270319939,0.0,-0.000716329668648541,0.0,0.007540542632341385,0.0,0.0,0.054089413911636144
00008,train,Landsat8,RED,-64.70063128901249,-10.357442950509624,1502634439904,2017-08-13,0.09843000000000002,0.04358804225921631,0.0010911999270319939,0.0,-0.000716329668648541,0.0,0.007540542632341385,0.0,0.0,0.055885716916025494
00008,train,Landsat8,RED,-64.70063128901249,-10.357442950509624,1506781651389,2017-09-30,0.0476375,0.04358804225921631,0.0010911999270319939,0.0,-0.000716329668648541,0.0,0.007540542632341385,0.0,0.0,0.049083156828845835
00008,train,Landsat8,RED,-64.70063128901249,-10.357442950509624,1508164055195,2017-10-16,0.038122500000000004,0.04358804225921631,0.0010911999270319939,0.0,-0.000716329668648541,0.0,0.007540542632341385,0.0,0.0,0.0451200063071508
00008,train,Landsat8,RED,-64.70063128901249,-10.357442950509624,1524752790005,2018-04-26,0.027095000000000008,0.04358804225921631,0.0010911999270319939,0.0,-0.000716329668648541,0.0,0.007540542632341385,0.0,0.0,0.04242983654867969
00008,train,Landsat8,RED,-64.70063128901249,-10.357442950509624,1526135180249,2018-05-12,0.039167499999999994,0.04358804225921631,0.0010911999270319939,0.0,-0.000716329668648541,0.0,0.007540542632341385,0.0,0.0,0.04077191251685808
00008,train,Landsat8,RED,-64.70063128901249,-10.357442950509624,1527517567643,2018-05-28,0.03454750000000001,0.04358804225921631,0.0010911999270319939,0.0,-0.000716329668648541,0.0,0.007540542632341385,0.0,0.0,0.04134960769982812
00008,train,Landsat8,RED,-64.70063128901249,-10.357442950509624,1530282380016,2018-06-29,0.05187249999999999,0.04358804225921631,0.0010911999270319939,0.0,-0.000716329668648541,0.0,0.007540542632341385,0.0,0.0,0.04809541204953472
00008,train,Landsat8,RED,-64.70063128901249,-10.357442950509624,1531664787793,2018-07-15,0.073845,0.04358804225921631,0.0010911999270319939,0.0,-0.000716329668648541,0.0,0.007540542632341385,0.0,0.0,0.05237749272796691
00008,train,Landsat8,RED,-64.70063128901249,-10.357442950509624,1535812010909,2018-09-01,0.051102499999999995,0.04358804225921631,0.0010911999270319939,0.0,-0.000716329668648541,0.0,0.007540542632341385,0.0,0.0,0.05619077496252798
00008,train,Landsat8,RED,-64.70063128901249,-10.357442950509624,1537194415363,2018-09-17,0.05003000000000002,0.04358804225921631,0.0010911999270319939,0.0,-0.000716329668648541,0.0,0.007540542632341385,0.0,0.0,0.05334603698971551
00008,train,Landsat8,RED,-64.70063128901249,-10.357442950509624,1541341632930,2018-11-04,0.0415875,0.04358804225921631,0.0010911999270319939,0.0,-0.000716329668648541,0.0,0.007540542632341385,0.0,0.0,0.04293354553427178
00009,train,Landsat8,RED,-64.13607729364495,-10.677598664601264,1372083782511,2013-06-24,0.019037499999999985,0.02515709027647972,0.0,0.0,-0.00030883029103279114,0.0,0.0,0.0,0.0,0.02511521758279278
00009,train,Landsat8,RED,-64.13607729364495,-10.677598664601264,1373466186063,2013-07-10,0.01936750000000001,0.02515709027647972,0.0,0.0,-0.00030883029103279114,0.0,0.0,0.0,0.0,0.025200009361600217
00009,train,Landsat8,RED,-64.13607729364495,-10.677598664601264,1373466209988,2013-07-10,0.019394999999999996,0.02515709027647972,0.0,0.0,-0.00030883029103279114,0.0,0.0,0.0,0.0,0.02520001082041201
00009,train,Landsat8,RED,-64.13607729364495,-10.677598664601264,1374848585541,2013-07-26,0.01865249999999999,0.02515709027647972,0.0,0.0,-0.00030883029103279114,0.0,0.0,0.0,0.0,0.025281565578684217
00009,train,Landsat8,RED,-64.13607729364495,-10.677598664601264,1374848609474,2013-07-26,0.018570000000000003,0.02515709027647972,0.0,0.0,-0.00030883029103279114,0.0,0.0,0.0,0.0,0.025281566922447762
00009,train,Landsat8,RED,-64.13607729364495,-10.677598664601264,1376230987226,2013-08-11,0.023052500000000004,0.02515709027647972,0.0,0.0,-0.00030883029103279114,0.0,0.0,0.0,0.0,0.02535373873211766
00009,train,Landsat8,RED,-64.13607729364495,-10.677598664601264,1376231011164,2013-08-11,0.023162500000000003,0.02515709027647972,0.0,0.0,-0.00030883029103279114,0.0,0.0,0.0,0.0,0.025353739854988566
00009,train,Landsat8,RED,-64.13607729364495,-10.677598664601264,1377613389619,2013-08-27,0.025774999999999992,0.02515709027647972,0.0,0.0,-0.00030883029103279114,0.0,0.0,0.0,0.0,0.025411088130394166
00009,train,Landsat8,RED,-64.13607729364495,-10.677598664601264,1377613413552,2013-08-27,0.025554999999999994,0.02515709027647972,0.0,0.0,-0.00030883029103279114,0.0,0.0,0.0,0.0,0.025411088977149277
00009,train,Landsat8,RED,-64.13607729364495,-10.677598664601264,1378995786459,2013-09-12,0.02464749999999999,0.02515709027647972,0.0,0.0,-0.00030883029103279114,0.0,0.0,0.0,0.0,0.02544929053644318
00009,train,Landsat8,RED,-64.13607729364495,-10.677598664601264,1378995810396,2013-09-12,0.02470249999999999,0.02515709027647972,0.0,0.0,-0.00030883029103279114,0.0,0.0,0.0,0.0,0.025449291015043896
00009,train,Landsat8,RED,-64.13607729364495,-10.677598664601264,1380378178872,2013-09-28,0.031659999999999994,0.02515709027647972,0.0,0.0,-0.00030883029103279114,0.0,0.0,0.0,0.0,0.02546546644906522
00009,train,Landsat8,RED,-64.13607729364495,-10.677598664601264,1380378202797,2013-09-28,0.030670000000000003,0.02515709027647972,0.0,0.0,-0.00030883029103279114,0.0,0.0,0.0,0.0,0.0254654665226961
00009,train,Landsat8,RED,-64.13607729364495,-10.677598664601264,1388672573383,2014-01-02,0.0175525,0.02515709027647972,0.0,0.0,-0.00030883029103279114,0.0,0.0,0.0,0.0,0.025148589420057474
00009,train,Landsat8,RED,-64.13607729364495,-10.677598664601264,1392819715105,2014-02-19,0.033172499999999994,0.02515709027647972,0.0,0.0,-0.00030883029103279114,0.0,0.0,0.0,0.0,0.024924299330676192
00009,train,Landsat8,RED,-64.13607729364495,-10.677598664601264,1401114038758,2014-05-26,0.019724999999999993,0.02515709027647972,0.0,0.0,-0.00030883029103279114,0.0,0.0,0.0,0.0,0.024973838351852296
00009,train,Landsat8,RED,-64.13607729364495,-10.677598664601264,1401114062683,2014-05-26,0.019504999999999995,0.02515709027647972,0.0,0.0,-0.00030883029103279114,0.0,0.0,0.0,0.0,0.024973839548354082
00009,train,Landsat8,RED,-64.13607729364495,-10.677598664601264,1402496448271,2014-06-11,0.017579999999999985,0.02515709027647972,0.0,0.0,-0.00030883029103279114,0.0,0.0,0.0,0.0,0.025048350767520877
00009,train,Landsat8,RED,-64.13607729364495,-10.677598664601264,1402496472196,2014-06-11,0.0175525,0.02515709027647972,0.0,0.0,-0.00030883029103279114,0.0,0.0,0.0,0.0,0.025048352138896002
00009,train,Landsat8,RED,-64.13607729364495,-10.677598664601264,1403878849774,2014-06-27,0.018570000000000003,0.02515709027647972,0.0,0.0,-0.00030883029103279114,0.0,0.0,0.0,0.0,0.025131059777260767
00009,train,Landsat8,RED,-64.13607729364495,-10.677598664601264,1403878873699,2014-06-27,0.01848749999999999,0.02515709027647972,0.0,0.0,-0.00030883029103279114,0.0,0.0,0.0,0.0,0.02513106124527642
00009,train,Landsat8,RED,-64.13607729364495,-10.677598664601264,1405261258705,2014-07-13,0.0203575,0.02515709027647972,0.0,0.0,-0.00030883029103279114,0.0,0.0,0.0,0.0,0.025215731473308134
00009,train,Landsat8,RED,-64.13607729364495,-10.677598664601264,1405261282634,2014-07-13,0.0204675,0.02515709027647972,0.0,0.0,-0.00030883029103279114,0.0,0.0,0.0,0.0,0.025215732918314138
00009,train,Landsat8,RED,-64.13607729364495,-10.677598664601264,1406643663023,2014-07-29,0.02176,0.02515709027647972,0.0,0.0,-0.00030883029103279114,0.0,0.0,0.0,0.0,0.02529598237597197
00009,train,Landsat8,RED,-64.13607729364495,-10.677598664601264,1406643686952,2014-07-29,0.02176,0.02515709027647972,0.0,0.0,-0.00030883029103279114,0.0,0.0,0.0,0.0,0.025295983692123936
00009,train,Landsat8,RED,-64.13607729364495,-10.677598664601264,1408026070355,2014-08-14,0.027012499999999995,0.02515709027647972,0.0,0.0,-0.00030883029103279114,0.0,0.0,0.0,0.0,0.025365763409402886
00009,train,Landsat8,RED,-64.13607729364495,-10.677598664601264,1408026094288,2014-08-14,0.02682000000000001,0.02515709027647972,0.0,0.0,-0.00030883029103279114,0.0,0.0,0.0,0.0,0.025365764495458354
00009,train,Landsat8,RED,-64.13607729364495,-10.677598664601264,1409408471887,2014-08-30,0.026324999999999987,0.02515709027647972,0.0,0.0,-0.00030883029103279114,0.0,0.0,0.0,0.0,0.02541981392339987
00009,train,Landsat8,RED,-64.13607729364495,-10.677598664601264,1409408495821,2014-08-30,0.0263525,0.02515709027647972,0.0,0.0,-0.00030883029103279114,0.0,0.0,0.0,0.0,0.0254198146965241
00009,train,Landsat8,RED,-64.13607729364495,-10.677598664601264,1412173276458,2014-10-01,0.028167499999999984,0.02515709027647972,0.0,0.0,-0.00030883029103279114,0.0,0.0,0.0,0.0,0.025465919518272484
00009,train,Landsat8,RED,-64.13607729364495,-10.677598664601264,1412173300387,2014-10-01,0.028744999999999993,0.02515709027647972,0.0,0.0,-0.00030883029103279114,0.0,0.0,0.0,0.0,0.025465919518272484
00009,train,Landsat8,RED,-64.13607729364495,-10.677598664601264,1413555680889,2014-10-17,0.0326775,0.02515709027647972,0.0,0.0,-0.00030883029103279114,0.0,0.0,0.0,0.0,0.02545449898235086
00009,train,Landsat8,RED,-64.13607729364495,-10.677598664601264,1413555704814,2014-10-17,0.03314500000000001,0.02515709027647972,0.0,0.0,-0.00030883029103279114,0.0,0.0,0.0,0.0,0.025454498595788744
00009,train,Landsat8,RED,-64.13607729364495,-10.677598664601264,1425997245260,2015-03-10,0.023244999999999988,0.02515709027647972,0.0,0.0,-0.00030883029103279114,0.0,0.0,0.0,0.0,0.024871443367247448
00009,train,Landsat8,RED,-64.13607729364495,-10.677598664601264,1425997269185,2015-03-10,0.0234375,0.02515709027647972,0.0,0.0,-0.00030883029103279114,0.0,0.0,0.0,0.0,0.024871442796608134
00009,train,Landsat8,RED,-64.13607729364495,-10.677598664601264,1428762029321,2015-04-11,0.017937499999999995,0.02515709027647972,0.0,0.0,-0.00030883029103279114,0.0,0.0,0.0,0.0,0.024852249527373083
00009,train,Landsat8,RED,-64.13607729364495,-10.677598664601264,1428762053246,2015-04-11,0.017689999999999984,0.02515709027647972,0.0,0.0,-0.00030883029103279114,0.0,0.0,0.0,0.0,0.02485224976667344
00009,train,Landsat8,RED,-64.13607729364495,-10.677598664601264,1434291623616,2015-06-14,0.020082500000000003,0.02515709027647972,0.0,0.0,-0.00030883029103279114,0.0,0.0,0.0,0.0,0.025063415129983224
00009,train,Landsat8,RED,-64.13607729364495,-10.677598664601264,1434291647545,2015-06-14,0.019972500000000004,0.02515709027647972,0.0,0.0,-0.00030883029103279114,0.0,0.0,0.0,0.0,0.02506341652896993
00009,train,Landsat8,RED,-64.13607729364495,-10.677598664601264,1435674030515,2015-06-30,0.019339999999999996,0.02515709027647972,0.0,0.0,-0.00030883029103279114,0.0,0.0,0.0,0.0,0.0251469782843826
00009,train,Landsat8,RED,-64.13607729364495,-10.677598664601264,1435674054448,2015-06-30,0.019119999999999998,0.02515709027647972,0.0,0.0,-0.00030883029103279114,0.0,0.0,0.0,0.0,0.025146979755849702
00009,train,Landsat8,RED,-64.13607729364495,-10.677598664601264,1437056464029,2015-07-16,0.025334999999999996,0.02515709027647972,0.0,0.0,-0.00030883029103279114,0.0,0.0,0.0,0.0,0.02523130530162926
00009,train,Landsat8,RED,-64.13607729364495,-10.677598664601264,1438438843901,2015-08-01,0.024785,0.02515709027647972,0.0,0.0,-0.00030883029103279114,0.0,0.0,0.0,0.0,0.025310034709611684
00009,train,Landsat8,RED,-64.13607729364495,-10.677598664601264,1438438867826,2015-08-01,0.025087499999999985,0.02515709027647972,0.0,0.0,-0.00030883029103279114,0.0,0.0,0.0,0.0,0.02531003598894821
00009,train,Landsat8,RED,-64.13607729364495,-10.677598664601264,1441203655474,2015-09-02,0.027260000000000006,0.02515709027647972,0.0,0.0,-0.00030883029103279114,0.0,0.0,0.0,0.0,0.025427842818541935
00009,train,Landsat8,RED,-64.13607729364495,-10.677598664601264,1441203679399,2015-09-02,0.02698500000000001,0.02515709027647972,0.0,0.0,-0.00030883029103279114,0.0,0.0,0.0,0.0,0.025427843518035287
00009,train,Landsat8,RED,-64.13607729364495,-10.677598664601264,1442586064130,2015-09-18,0.02901999999999999,0.02515709027647972,0.0,0.0,-0.00030883029103279114,0.0,0.0,0.0,0.0,0.025458039339098626
00009,train,Landsat8,RED,-64.13607729364495,-10.677598664601264,1442586088063,2015-09-18,0.030230000000000007,0.02515709027647972,0.0,0.0,-0.00030883029103279114,0.0,0.0,0.0,0.0,0.025458039670437582
00009,train,Landsat8,RED,-64.13607729364495,-10.677598664601264,1445350869778,2015-10-20,0.02990000000000001,0.02515709027647972,0.0,0.0,-0.00030883029103279114,0.0,0.0,0.0,0.0,0.025449807333176366
00009,train,Landsat8,RED,-64.13607729364495,-10.677598664601264,1445350893711,2015-10-20,0.03163250000000001,0.02515709027647972,0.0,0.0,-0.00030883029103279114,0.0,0.0,0.0,0.0,0.02544980687298337
00009,train,Landsat8,RED,-64.13607729364495,-10.677598664601264,1446733273653,2015-11-05,0.030120000000000008,0.02515709027647972,0.0,0.0,-0.00030883029103279114,0.0,0.0,0.0,0.0,0.025411999496601112
00009,train,Landsat8,RED,-64.13607729364495,-10.677598664601264,1446733297578,2015-11-05,0.029349999999999987,0.02515709027647972,0.0,0.0,-0.00030883029103279114,0.0,0.0,0.0,0.0,0.02541199866825372
00009,train,Landsat8,RED,-64.13607729364495,-10.677598664601264,1453645271534,2016-01-24,0.023217500000000002,0.02515709027647972,0.0,0.0,-0.00030883029103279114,0.0,0.0,0.0,0.0,0.025035373610386547
00009,train,Landsat8,RED,-64.13607729364495,-10.677598664601264,1453645295455,2016-01-24,0.023107500000000003,0.02515709027647972,0.0,0.0,-0.00030883029103279114,0.0,0.0,0.0,0.0,0.025035372266623
00009,train,Landsat8,RED,-64.13607729364495,-10.677598664601264,1455027666353,2016-02-09,0.021925,0.02515709027647972,0.0,0.0,-0.00030883029103279114,0.0,0.0,0.0,0.0,0.024962951455727467
00009,train,Landsat8,RED,-64.13607729364495,-10.677598664601264,1455027690278,2016-02-09,0.02228250000000001,0.02515709027647972,0.0,0.0,-0.00030883029103279114,0.0,0.0,0.0,0.0,0.02496295029604112
00009,train,Landsat8,RED,-64.13607729364495,-10.677598664601264,1461939641701,2016-04-29,0.016589999999999994,0.02515709027647972,0.0,0.0,-0.00030883029103279114,0.0,0.0,0.0,0.0,0.024883496429236596
00009,train,Landsat8,RED,-64.13607729364495,-10.677598664601264,1461939665635,2016-04-29,0.016589999999999994,0.02515709027647972,0.0,0.0,-0.00030883029103279114,0.0,0.0,0.0,0.0,0.024883497110322228
00009,train,Landsat8,RED,-64.13607729364495,-10.677598664601264,1466086848499,2016-06-16,0.01994499999999999,0.02515709027647972,0.0,0.0,-0.00030883029103279114,0.0,0.0,0.0,0.0,0.025076379871110555
00009,train,Landsat8,RED,-64.13607729364495,-10.677598664601264,1466086872424,2016-06-16,0.019724999999999993,0.02515709027647972,0.0,0.0,-0.00030883029103279114,0.0,0.0,0.0,0.0,0.02507638128850498
00009,train,Landsat8,RED,-64.13607729364495,-10.677598664601264,1467469258263,2016-07-02,0.01680999999999999,0.02515709027647972,0.0,0.0,-0.00030883029103279114,0.0,0.0,0.0,0.0,0.02516026011487774
00009,train,Landsat8,RED,-64.13607729364495,-10.677598664601264,1467469282196,2016-07-02,0.016754999999999992,0.02515709027647972,0.0,0.0,-0.00030883029103279114,0.0,0.0,0.0,0.0,0.025160261583181014
00009,train,Landsat8,RED,-64.13607729364495,-10.677598664601264,1468851664930,2016-07-18,0.01837749999999999,0.02515709027647972,0.0,0.0,-0.00030883029103279114,0.0,0.0,0.0,0.0,0.025243902518825134
00009,train,Landsat8,RED,-64.13607729364495,-10.677598664601264,1468851688855,2016-07-18,0.018405000000000005,0.02515709027647972,0.0,0.0,-0.00030883029103279114,0.0,0.0,0.0,0.0,0.0252439039270157
00009,train,Landsat8,RED,-64.13607729364495,-10.677598664601264,1470234068097,2016-08-03,0.024455000000000005,0.02515709027647972,0.0,0.0,-0.00030883029103279114,0.0,0.0,0.0,0.0,0.025321036092549765
00009,train,Landsat8,RED,-64.13607729364495,-10.677598664601264,1470234092031,2016-08-03,0.024565000000000003,0.02515709027647972,0.0,0.0,-0.00030883029103279114,0.0,0.0,0.0,0.0,0.02532103734427471
00009,train,Landsat8,RED,-64.13607729364495,-10.677598664601264,1474381280871,2016-09-20,0.034877500000000006,0.02515709027647972,0.0,0.0,-0.00030883029103279114,0.0,0.0,0.0,0.0,0.02546052771306795
00009,train,Landsat8,RED,-64.13607729364495,-10.677598664601264,1474381304805,2016-09-20,0.03512499999999999,0.02515709027647972,0.0,0.0,-0.00030883029103279114,0.0,0.0,0.0,0.0,0.025460527989183745
00009,train,Landsat8,RED,-64.13607729364495,-10.677598664601264,1478528486716,2016-11-07,0.03534499999999999,0.02515709027647972,0.0,0.0,-0.00030883029103279114,0.0,0.0,0.0,0.0,0.025405377503482818
00009,train,Landsat8,RED,-64.13607729364495,-10.677598664601264,1478528510645,2016-11-07,0.037847500000000006,0.02515709027647972,0.0,0.0,-0.00030883029103279114,0.0,0.0,0.0,0.0,0.025405376619912268
00009,train,Landsat8,RED,-64.13607729364495,-10.677598664601264,1482675680843,2016-12-25,0.02772749999999999,0.02515709027647972,0.0,0.0,-0.00030883029103279114,0.0,0.0,0.0,0.0,0.02519096291531958
00009,train,Landsat8,RED,-64.13607729364495,-10.677598664601264,1482675704768,2016-12-25,0.027892499999999987,0.02515709027647972,0.0,0.0,-0.00030883029103279114,0.0,0.0,0.0,0.0,0.025190961454206823
00009,train,Landsat8,RED,-64.13607729364495,-10.677598664601264,1485440471964,2017-01-26,0.02156749999999999,0.02515709027647972,0.0,0.0,-0.00030883029103279114,0.0,0.0,0.0,0.0,0.02502536561845481
00009,train,Landsat8,RED,-64.13607729364495,-10.677598664601264,1485440495889,2017-01-26,0.022007499999999985,0.02515709027647972,0.0,0.0,-0.00030883029103279114,0.0,0.0,0.0,0.0,0.025025364283895124
00009,train,Landsat8,RED,-64.13607729364495,-10.677598664601264,1493734822810,2017-05-02,0.01697499999999999,0.02515709027647972,0.0,0.0,-0.00030883029103279114,0.0,0.0,0.0,0.0,0.02488945169474399
00009,train,Landsat8,RED,-64.13607729364495,-10.677598664601264,1493734846744,2017-05-02,0.017002500000000004,0.02515709027647972,0.0,0.0,-0.00030883029103279114,0.0,0.0,0.0,0.0,0.024889452431052783
00009,train,Landsat8,RED,-64.13607729364495,-10.677598664601264,1496499644152,2017-06-03,0.01947750000000001,0.02515709027647972,0.0,0.0,-0.00030883029103279114,0.0,0.0,0.0,0.0,0.025009699139478037
00009,train,Landsat8,RED,-64.13607729364495,-10.677598664601264,1496499668085,2017-06-03,0.018845,0.02515709027647972,0.0,0.0,-0.00030883029103279114,0.0,0.0,0.0,0.0,0.025009700437222282
00009,train,Landsat8,RED,-64.13607729364495,-10.677598664601264,1497882050455,2017-06-19,0.01697499999999999,0.02515709027647972,0.0,0.0,-0.00030883029103279114,0.0,0.0,0.0,0.0,0.025089061285216763
00009,train,Landsat8,RED,-64.13607729364495,-10.677598664601264,1497882074380,2017-06-19,0.016837500000000005,0.02515709027647972,0.0,0.0,-0.00030883029103279114,0.0,0.0,0.0,0.0,0.025089062721018907
00009,train,Landsat8,RED,-64.13607729364495,-10.677598664601264,1499264454168,2017-07-05,0.01843249999999999,0.02515709027647972,0.0,0.0,-0.00030883029103279114,0.0,0.0,0.0,0.0,0.025173551469642147
00009,train,Landsat8,RED,-64.13607729364495,-10.677598664601264,1499264478102,2017-07-05,0.018185000000000007,0.02515709027647972,0.0,0.0,-0.00030883029103279114,0.0,0.0,0.0,0.0,0.025173552939958765
00009,train,Landsat8,RED,-64.13607729364495,-10.677598664601264,1500646859570,2017-07-21,0.019779999999999992,0.02515709027647972,0.0,0.0,-0.00030883029103279114,0.0,0.0,0.0,0.0,0.02525680087251103
00009,train,Landsat8,RED,-64.13607729364495,-10.677598664601264,1500646883504,2017-07-21,0.019807500000000006,0.02515709027647972,0.0,0.0,-0.00030883029103279114,0.0,0.0,0.0,0.0,0.025256802262293876
00009,train,Landsat8,RED,-64.13607729364495,-10.677598664601264,1502029266718,2017-08-06,0.023932499999999995,0.02515709027647972,0.0,0.0,-0.00030883029103279114,0.0,0.0,0.0,0.0,0.0253325339224868
00009,train,Landsat8,RED,-64.13607729364495,-10.677598664601264,1502029290647,2017-08-06,0.024180000000000007,0.02515709027647972,0.0,0.0,-0.00030883029103279114,0.0,0.0,0.0,0.0,0.025332535137396306
00009,train,Landsat8,RED,-64.13607729364495,-10.677598664601264,1503411671491,2017-08-22,0.0264625,0.02515709027647972,0.0,0.0,-0.00030883029103279114,0.0,0.0,0.0,0.0,0.02539504149518823
00009,train,Landsat8,RED,-64.13607729364495,-10.677598664601264,1503411695420,2017-08-22,0.026489999999999986,0.02515709027647972,0.0,0.0,-0.00030883029103279114,0.0,0.0,0.0,0.0,0.02539504243398194
00009,train,Landsat8,RED,-64.13607729364495,-10.677598664601264,1504794073402,2017-09-07,0.029734999999999984,0.02515709027647972,0.0,0.0,-0.00030883029103279114,0.0,0.0,0.0,0.0,0.02543961166533748
00009,train,Landsat8,RED,-64.13607729364495,-10.677598664601264,1504794097332,2017-09-07,0.032072500000000004,0.02515709027647972,0.0,0.0,-0.00030883029103279114,0.0,0.0,0.0,0.0,0.025439612254384514
00009,train,Landsat8,RED,-64.13607729364495,-10.677598664601264,1506176477662,2017-09-23,0.0295425,0.02515709027647972,0.0,0.0,-0.00030883029103279114,0.0,0.0,0.0,0.0,0.025462884821587428
00009,train,Landsat8,RED,-64.13607729364495,-10.677598664601264,1506176501595,2017-09-23,0.0294875,0.02515709027647972,0.0,0.0,-0.00030883029103279114,0.0,0.0,0.0,0.0,0.025462885024072346
00009,train,Landsat8,RED,-64.13607729364495,-10.677598664601264,1507558883170,2017-10-09,0.027287499999999992,0.02515709027647972,0.0,0.0,-0.00030883029103279114,0.0,0.0,0.0,0.0,0.025463106450533735
00009,train,Landsat8,RED,-64.13607729364495,-10.677598664601264,1507558907095,2017-10-09,0.0265725,0.02515709027647972,0.0,0.0,-0.00030883029103279114,0.0,0.0,0.0,0.0,0.025463106248048817
00009,train,Landsat8,RED,-64.13607729364495,-10.677598664601264,1522765232331,2018-04-03,0.035564999999999986,0.02515709027647972,0.0,0.0,-0.00030883029103279114,0.0,0.0,0.0,0.0,0.024848343077894075
00009,train,Landsat8,RED,-64.13607729364495,-10.677598664601264,1524147622639,2018-04-19,0.0205225,0.02515709027647972,0.0,0.0,-0.00030883029103279114,0.0,0.0,0.0,0.0,0.024861928048732107
00009,train,Landsat8,RED,-64.13607729364495,-10.677598664601264,1524147646564,2018-04-19,0.020714999999999983,0.02515709027647972,0.0,0.0,-0.00030883029103279114,0.0,0.0,0.0,0.0,0.024861928490517382
00009,train,Landsat8,RED,-64.13607729364495,-10.677598664601264,1525530014053,2018-05-05,0.017057500000000003,0.02515709027647972,0.0,0.0,-0.00030883029103279114,0.0,0.0,0.0,0.0,0.024897762632968723
00009,train,Landsat8,RED,-64.13607729364495,-10.677598664601264,1525530037982,2018-05-05,0.017002500000000004,0.02515709027647972,0.0,0.0,-0.00030883029103279114,0.0,0.0,0.0,0.0,0.024897763424500674
00009,train,Landsat8,RED,-64.13607729364495,-10.677598664601264,1526912402666,2018-05-21,0.01988999999999999,0.02515709027647972,0.0,0.0,-0.00030883029103279114,0.0,0.0,0.0,0.0,0.024953145424093437
00009,train,Landsat8,RED,-64.13607729364495,-10.677598664601264,1526912426595,2018-05-21,0.01988999999999999,0.02515709027647972,0.0,0.0,-0.00030883029103279114,0.0,0.0,0.0,0.0,0.024953146528556625
00009,train,Landsat8,RED,-64.13607729364495,-10.677598664601264,1531059613822,2018-07-08,0.018955,0.02515709027647972,0.0,0.0,-0.00030883029103279114,0.0,0.0,0.0,0.0,0.025189446110004787
00009,train,Landsat8,RED,-64.13607729364495,-10.677598664601264,1531059637756,2018-07-08,0.018680000000000002,0.02515709027647972,0.0,0.0,-0.00030883029103279114,0.0,0.0,0.0,0.0,0.02518944757341851
00009,train,Landsat8,RED,-64.13607729364495,-10.677598664601264,1532442020324,2018-07-24,0.021045000000000008,0.02515709027647972,0.0,0.0,-0.00030883029103279114,0.0,0.0,0.0,0.0,0.025271753647375994
00009,train,Landsat8,RED,-64.13607729364495,-10.677598664601264,1532442044258,2018-07-24,0.020907499999999996,0.02515709027647972,0.0,0.0,-0.00030883029103279114,0.0,0.0,0.0,0.0,0.02527175501875112
00009,train,Landsat8,RED,-64.13607729364495,-10.677598664601264,1533824429568,2018-08-09,0.0236025,0.02515709027647972,0.0,0.0,-0.00030883029103279114,0.0,0.0,0.0,0.0,0.02534541770646248
00009,train,Landsat8,RED,-64.13607729364495,-10.677598664601264,1533824453493,2018-08-09,0.024097499999999994,0.02515709027647972,0.0,0.0,-0.00030883029103279114,0.0,0.0,0.0,0.0,0.025345418884556548
00009,train,Landsat8,RED,-64.13607729364495,-10.677598664601264,1537971648574,2018-09-26,0.028112499999999985,0.02515709027647972,0.0,0.0,-0.00030883029103279114,0.0,0.0,0.0,0.0,0.02546470670724621
00009,train,Landsat8,RED,-64.13607729364495,-10.677598664601264,1537971672499,2018-09-26,0.027590000000000003,0.02515709027647972,0.0,0.0,-0.00030883029103279114,0.0,0.0,0.0,0.0,0.025464706836100248
